window_in_pack,day_from_first_record,lof_score,exceedance_fixed,exceedance_pack_baseline,mean_abs_i,p95_abs_i,disch_frac,mean_v,flagged_fixed,flagged_pack_baseline,confirmed_fixed,confirmed_pack_baseline
0,0.0,1.5267555283799596,-0.0953567584295607,-3.9969674040683483,7.873373985290527,8.467077255249023,0.015625,3.3843932151794434,False,False,False,False
1,0.014814814814814815,2.002422123929205,0.38030983711968447,-1.9079406529788048,8.185441970825195,8.489368438720703,0.0,3.434905767440796,True,False,False,False
2,0.029618055555555557,2.108979670558691,0.4868673837491706,-1.4399625197183996,2.781494140625,7.591022968292236,0.60546875,3.485527992248535,True,False,False,False
3,5.202071759259259,1.690414135771818,0.06830184896229774,-3.2782135287980427,1.5888689756393433,2.092747211456299,0.58203125,3.352243661880493,True,False,False,False
4,5.257453703703704,1.7075569720336428,0.08544468522412241,-3.2029258296499696,15.75621223449707,62.974998474121094,1.0,3.3011646270751953,True,False,False,False
5,5.272280092592593,1.7976945525295456,0.17558226572002522,-2.8070607033276116,15.750389099121094,46.34191131591797,1.0,3.2843017578125,True,False,True,False
6,5.287094907407408,1.929033733516881,0.30692144670736066,-2.2302468906361343,25.116382598876953,46.91877746582031,1.0,3.250871181488037,True,False,True,False
7,5.301898148148148,1.8526296155611621,0.23051732875164177,-2.5657975637259653,19.391586303710938,30.40260887145996,1.0,3.2549095153808594,True,False,True,False
8,5.316724537037037,1.5261203256648865,-0.09599196114463382,-3.999757079602785,10.438043594360352,39.32246017456055,0.99609375,3.26823091506958,False,False,False,False
9,5.331539351851852,1.7863905454895508,0.16427825868003043,-2.8567055035343327,0.5300074815750122,0.6419469714164734,1.0,3.2988381385803223,True,False,False,False
10,5.346354166666667,1.7308994871342112,0.1087872003246908,-3.100410456615433,0.6467616558074951,0.6933027505874634,1.0,3.301356792449951,True,False,False,False
11,5.361157407407408,1.5333616195169633,-0.0887506672925571,-3.9679548536087115,0.6770534515380859,0.7221903800964355,1.0,3.3025574684143066,False,False,False,False
12,5.375983796296296,1.574463465785637,-0.04764882102388346,-3.787444266618081,0.7944595217704773,0.7831753492355347,1.0,3.3020877838134766,False,False,False,False
13,5.390798611111111,1.5299269390647852,-0.09218534774473519,-3.9830392413146836,0.6884379982948303,0.7318195700645447,1.0,3.3020386695861816,False,False,False,False
14,5.405601851851852,1.664755995417226,0.04264370860770561,-3.3908986365720315,9.205360412597656,33.74394226074219,0.99609375,3.279287099838257,True,False,False,False
15,5.420416666666667,1.4150139742183743,-0.20709831259114608,-4.4877125983621236,1.2306324243545532,2.5228514671325684,1.0,3.284139633178711,False,False,False,False
16,5.4352430555555555,1.5621896491752074,-0.059922637634312936,-3.841348264664334,0.7841281890869141,0.914774477481842,1.0,3.2910399436950684,False,False,False,False
17,5.450057870370371,1.4320349794208542,-0.19007730738866613,-4.412959955374114,1.9380278587341309,10.104246139526367,1.0,3.2876272201538086,False,False,False,False
18,5.464861111111111,1.3669535390234129,-0.2551587477861075,-4.698783831302814,1.8586872816085815,3.3060269355773926,1.0,3.286712169647217,False,False,False,False
19,5.479675925925926,1.2788622443772575,-0.34325004243226287,-5.085662104395417,0.7686812877655029,0.8216921091079712,1.0,3.288785219192505,False,False,False,False
20,5.494502314814815,1.4023586580641847,-0.21975362874533566,-4.543292061450279,0.6761006116867065,0.718980610370636,1.0,3.2902588844299316,False,False,False,False
21,5.50931712962963,1.3620983330508234,-0.26001395375869696,-4.720106865658585,0.6596004962921143,0.6933027505874634,1.0,3.290310859680176,False,False,False,False
22,5.524120370370371,1.3989946491445333,-0.22311763766498705,-4.558066074781909,0.6321171522140503,0.6804637908935547,1.0,3.2904155254364014,False,False,False,False
23,5.538935185185185,1.4079869415675845,-0.21412534524193583,-4.518573834626421,0.6234909892082214,0.718980610370636,1.0,3.2902793884277344,False,False,False,False
24,6.0554398148148145,1.7420225448095334,0.11991025800001309,-3.051560347620856,7.658779144287109,8.107789993286133,0.0,3.3320252895355225,True,False,False,False
25,6.07025462962963,1.6644663846505083,0.04235409784098798,-3.392170545603983,8.122936248779297,8.242599487304688,0.0,3.344540596008301,True,False,False,False
26,7.070416666666667,1.5678700535799148,-0.05424223322960553,-3.8164011339020014,3.705137252807617,8.967998504638672,0.15625,3.3265106678009033,False,False,False,False
27,7.085231481481482,1.928338758707754,0.3062264718982337,-2.233299072524003,10.304302215576172,10.579286575317383,0.0,3.367509365081787,True,False,False,False
28,7.10005787037037,1.5679933954804066,-0.05411889132911374,-3.8158594424482217,10.140054702758789,10.771870613098145,0.00390625,3.371764659881592,False,False,False,False
29,7.114872685185185,1.6902926101224316,0.06818032331291124,-3.278747243662377,11.236228942871094,11.738000869750977,0.0,3.377440929412842,True,False,False,False
30,7.129675925925926,2.0768189800742967,0.4547066932647763,-1.5812054478198225,12.460792541503906,12.967329025268555,0.0,3.383772373199463,True,False,False,False
31,7.144490740740741,1.8581462990519697,0.23603401224244935,-2.5415694604758645,13.386350631713867,13.676680564880371,0.0,3.391287326812744,True,False,False,False
32,7.159317129629629,1.809131442817982,0.18701915600846175,-2.75683230809159,13.826234817504883,13.98481559753418,0.0,3.400160789489746,True,False,False,False
33,7.1741319444444445,1.8292119130846345,0.20709962627511413,-2.6686431437609364,13.933860778808594,14.03296184539795,0.0,3.416841506958008,True,False,True,False
34,7.188935185185185,1.3327946618455262,-0.28931762496399416,-4.8488023713463715,9.35398006439209,13.789022445678711,0.0,3.5237202644348145,False,False,False,False
35,7.242870370370371,2.050222731895417,0.4281104450858966,-1.698010526091383,0.5566843152046204,4.4419169425964355,0.9296875,3.7082207202911377,True,False,False,False
36,7.257685185185185,2.125937365637559,0.5038250788280385,-1.3654879213588706,3.241030693054199,16.91851234436035,1.0,3.397822380065918,True,False,False,False
37,7.272511574074074,1.734467501620961,0.11235521481144062,-3.084740494123136,1.065882682800293,3.2931880950927734,1.0,3.3542978763580322,True,False,False,False
38,7.287326388888889,1.7056998981288902,0.08358761131936987,-3.2110817041681265,0.7043361663818359,0.9885983467102051,1.0,3.3460745811462402,True,False,False,False
39,7.302129629629629,1.6648497001828904,0.04273741337337,-3.390487105125407,0.7129122018814087,0.770336389541626,1.0,3.3402304649353027,True,False,True,False
40,7.316944444444444,1.6589795483769982,0.03686726156747788,-3.4162675662093,0.7377877235412598,0.8441603183746338,1.0,3.3365087509155273,True,False,True,False
41,7.331770833333334,1.5976104375136884,-0.02450184929583199,-3.6857876785812893,1.5600817203521729,6.0086236000061035,1.0,3.3302555084228516,False,False,False,False
42,7.346585648148148,1.719312390605067,0.09720010379554656,-3.151298525786843,6.612254619598389,8.242599487304688,0.1796875,3.3799960613250732,True,False,False,False
43,7.441770833333333,1.6065244180368876,-0.01558786877263274,-3.6466393676721482,1.9251030683517456,7.68410587310791,0.9609375,3.532297134399414,False,False,False,False
44,7.456585648148148,1.5716388477808076,-0.05047343902871271,-3.7998493895106904,0.7519806623458862,1.3384594917297363,1.0,3.405031204223633,False,False,False,False
45,7.471412037037037,1.7757168048950824,0.15360451808556208,-2.903582307254989,0.7262025475502014,1.007856845855713,1.0,3.378354549407959,True,False,False,False
46,7.4862268518518515,1.896827791666679,0.27471550485715857,-2.3716885531338345,0.7438560724258423,1.3256205320358276,1.0,3.36085844039917,True,False,False,False
47,7.501030092592592,1.8276690852526514,0.20555679844313102,-2.67541891621058,5.432024955749512,14.260852813720703,0.6171875,3.349961042404175,True,False,False,False
48,7.515844907407407,1.7049546366256512,0.08284234981613081,-3.214354734545687,3.3783905506134033,7.873479843139648,0.5078125,3.5692856311798096,True,False,False,False
49,8.464756944444444,1.802229915096999,0.18011762828747857,-2.7871423533363533,2.7526159286499023,6.64415168762207,0.9921875,3.3623926639556885,True,False,True,False
50,8.47957175925926,1.8253380304501394,0.20322574364061907,-2.6856564142528385,3.187229871749878,19.42210578918457,1.0,3.344010353088379,True,False,True,False
51,8.494375,1.595288270305849,-0.026824016503671277,-3.695986144193695,0.741549015045166,1.0046470165252686,1.0,3.330136299133301,False,False,False,False
52,8.509189814814814,1.739224387585459,0.11711210077593859,-3.063849260379374,21.347248077392578,53.2322998046875,1.0,3.283397674560547,True,False,False,False
53,8.524016203703704,1.5527476628411871,-0.0693646239683332,-3.882815465051644,3.826505661010742,6.949076175689697,0.69140625,3.3248496055603027,False,False,False,False
54,8.538831018518518,1.3244953395255847,-0.2976169472839356,-4.885251233857419,6.761456489562988,7.013270854949951,0.0,3.3497633934020996,False,False,False,False
55,8.55363425925926,1.2885776050100948,-0.3335346817994256,-5.042994302097792,7.061016082763672,7.151289463043213,0.0,3.3600399494171143,False,False,False,False
56,8.568449074074074,1.400615139764652,-0.22149714704486834,-4.550949223846835,7.345027446746826,7.767559051513672,0.0,3.371854066848755,False,False,False,False
57,11.311168981481481,1.5166774900545867,-0.10543479675493361,-4.041228009831299,1.7737751007080078,7.705911636352539,0.76171875,3.5609350204467773,False,False,False,False
58,11.325983796296295,1.8414838864650886,0.2193715996555683,-2.614747240789601,1.8136820793151855,8.019773483276367,0.7890625,3.5355188846588135,True,False,False,False
59,11.340787037037037,2.234111329191653,0.6119990423821327,-0.8904108279696361,1.2420122623443604,7.709593772888184,0.8671875,3.5364465713500977,True,False,False,False
60,11.355601851851851,1.5487610961723597,-0.07335119063716067,-3.900323619910756,1.4075992107391357,7.657109260559082,0.875,3.5275347232818604,False,False,False,False
61,11.370428240740742,1.3821622852416362,-0.23995000156788415,-4.631990245211879,0.4820430874824524,0.5649133324623108,1.0,3.4433135986328125,False,False,False,False
62,11.385243055555556,1.219091876241641,-0.4030204105678794,-5.348160877960957,2.4248175621032715,8.638928413391113,0.75,3.525697708129883,False,False,False,False
63,11.400046296296296,1.4438735240929734,-0.17823876271654693,-4.360967579316112,1.7899103164672852,8.181331634521484,0.84765625,3.512739658355713,False,False,False,False
64,11.414861111111112,1.9837285502540638,0.36161626344454345,-1.9900388617793217,1.4111487865447998,7.643458843231201,0.91015625,3.521949291229248,True,False,False,False
65,11.4296875,1.3785013513258595,-0.24361093548366086,-4.648068290118937,1.8049910068511963,8.258647918701172,0.7890625,3.5240049362182617,False,False,False,False
66,11.444502314814814,1.3458817312932827,-0.27623055551623765,-4.791326739411021,1.447933316230774,7.85261869430542,0.8984375,3.510038375854492,False,False,False,False
67,11.459305555555556,1.491584366553092,-0.13052792025642845,-4.151431683483192,1.7230981588363647,8.12235164642334,0.8671875,3.5254268646240234,False,False,False,False
68,11.47412037037037,1.5124299566722088,-0.10968233013731155,-4.059882275119126,1.767183780670166,8.232970237731934,0.7890625,3.5210344791412354,False,False,False,False
69,11.488946759259258,1.773143278447978,0.15103099163845757,-2.9148846893077587,1.4992700815200806,7.521145343780518,0.88671875,3.5300116539001465,True,False,False,False
70,11.503761574074074,1.9033391301049167,0.2812268432953964,-2.3430921364206325,0.6133100986480713,0.8377407789230347,1.0,3.458552837371826,True,False,False,False
71,11.553229166666666,1.5990646280954006,-0.023047658714119734,-3.67940118212599,2.34748911857605,8.22976016998291,0.7578125,3.4716625213623047,False,False,False,False
72,11.568055555555556,1.5660618947942804,-0.05605039201523998,-3.8243421835967912,1.9212391376495361,8.303584098815918,0.84375,3.521430015563965,False,False,False,False
73,11.58287037037037,1.5092854531413014,-0.112826833668219,-4.073692267362487,1.7777169942855835,8.143097877502441,0.84375,3.5196173191070557,False,False,False,False
74,11.59767361111111,1.5891017627717665,-0.03301052403775384,-3.723155972505041,1.2811086177825928,7.310665607452393,0.9296875,3.512773275375366,False,False,False,False
75,11.612488425925926,1.5601546220283047,-0.06195766478121567,-3.850285672060295,1.7902854681015015,8.252228736877441,0.859375,3.522944927215576,False,False,False,False
76,11.627314814814815,1.3486152038495234,-0.273497082959997,-4.779321907987526,1.7047667503356934,8.06606388092041,0.84765625,3.521289825439453,False,False,False,False
77,11.642129629629629,1.9473892309903298,0.32527694418080944,-2.149633440773601,1.2287287712097168,6.940629005432129,0.9296875,3.51785945892334,True,False,False,False
78,11.65693287037037,1.509220933439214,-0.11289135337030642,-4.0739756242029594,1.662846326828003,8.178403854370117,0.86328125,3.5274770259857178,False,False,False,False
79,11.671747685185185,1.426896713476673,-0.19521557333284734,-4.435526129059723,1.5516562461853027,7.857431411743164,0.859375,3.5308995246887207,False,False,False,False
80,11.686574074074073,1.885490078372257,0.26337779156273666,-2.421481384057525,1.0277800559997559,5.6208367347717285,0.93359375,3.5332021713256836,True,False,False,False
81,11.70138888888889,1.7376515131386072,0.11553922632908686,-3.0707569911856214,1.1980974674224854,7.4080681800842285,0.83203125,3.562885284423828,True,False,False,False
82,12.035763888888889,1.9098711149298158,0.2877588281202954,-2.3144050451583826,29.224454879760742,32.26425552368164,1.0,3.2880117893218994,True,False,False,False
83,12.050567129629629,2.306493673631927,0.6843813868224065,-0.5725229307383599,30.393882751464844,31.060606002807617,1.0,3.250187873840332,True,False,False,False
84,12.065381944444445,2.1459134191661766,0.5238011323566563,-1.2777573331844088,30.079605102539062,31.134429931640625,1.0,3.236565589904785,True,False,True,False
85,12.080208333333333,1.9974163643505336,0.37530407754101325,-1.9299248868249763,29.640544891357422,30.210023880004883,1.0,3.223013401031494,True,False,True,False
86,12.095023148148147,1.6479029502922273,0.025790663482706977,-3.4649136345409115,14.825263977050781,29.157230377197266,0.34375,3.2709813117980957,True,False,True,False
87,12.109826388888889,1.5887293277340313,-0.03338295907548905,-3.7247916281599722,7.298766613006592,7.562135219573975,0.0,3.3152406215667725,False,False,False,False
88,12.124641203703703,1.600314585186193,-0.02179770162332728,-3.6739116358244166,7.201190948486328,7.292518138885498,0.0,3.3218860626220703,False,False,False,False
89,12.139467592592593,1.8617472699171043,0.2396349831075839,-2.5257547605630526,7.153044700622559,7.215483665466309,0.0,3.3276069164276123,True,False,False,False
90,12.154282407407408,2.3213557458169953,0.699243459007475,-0.5072518634367298,7.175025939941406,7.253625869750977,0.0,3.3340468406677246,True,False,False,False
91,12.169085648148148,2.5964261211763238,0.9743138343668034,0.7007988551435038,7.134488582611084,7.2026448249816895,0.0,3.3417673110961914,True,True,False,False
92,12.183912037037038,2.335461020534768,0.7133487337252478,-0.4453044900188634,6.911562442779541,7.099934101104736,0.0,3.3494019508361816,True,False,False,False
93,12.198726851851852,2.1230819355305934,0.5009696487210731,-1.3780283644657267,6.524615287780762,6.689087390899658,0.0,3.3542017936706543,True,False,True,False
94,12.213541666666666,1.7104785922087165,0.0883663053991961,-3.19009469380953,6.5236358642578125,6.61526346206665,0.0,3.3573782444000244,True,False,True,False
95,12.228344907407408,1.6338951135544548,0.011782826744934471,-3.526433081026979,6.582614421844482,6.66340970993042,0.0,3.359457015991211,True,False,True,False
96,12.243171296296296,1.6662200980067159,0.044107811197195534,-3.3844686086819036,6.581179618835449,6.650570869445801,0.0,3.361152172088623,True,False,True,False
97,12.25798611111111,1.730811744656458,0.10869945784693757,-3.100795802958751,6.465509414672852,6.679458141326904,0.0,3.3625550270080566,True,False,True,False
98,12.272789351851852,1.7542845452765061,0.13217225846698577,-2.9977082435692766,5.3013787269592285,5.67802095413208,0.0,3.360924005508423,True,False,True,False
99,12.287604166666666,1.6521337585087668,0.030021471699246405,-3.4463328226323626,4.882093906402588,4.997557163238525,0.0,3.3613452911376953,True,False,True,False
100,12.302430555555556,1.7271768030844232,0.10506451627490287,-3.1167596950076764,5.195507526397705,6.422679901123047,0.0,3.363668918609619,True,False,True,False
101,12.31724537037037,1.7949917129096993,0.17287942610017892,-2.8189310013947773,6.759900093078613,6.907349586486816,0.0,3.369981288909912,True,False,True,False
102,12.33204861111111,1.9078829962918449,0.2857707094823245,-2.3231364403371106,6.926647186279297,7.010061264038086,0.0,3.3728675842285156,True,False,True,False
103,12.346863425925926,2.1339020288860135,0.5117897420764932,-1.3305088104750604,7.045468330383301,7.151289463043213,0.0,3.377562999725342,True,False,True,False
104,12.361689814814815,2.0454589405674644,0.423346653757944,-1.7189320867261175,7.144742012023926,7.26684045791626,0.0,3.387509346008301,True,False,True,False
105,12.376504629629629,1.4617042902834556,-0.16040799652606474,-4.282658637900267,5.379749298095703,7.125183582305908,0.0,3.5016894340515137,False,False,False,False
106,12.988993055555556,1.6260872614436372,0.00397497463411689,-3.560723510669647,8.49712085723877,31.619098663330078,1.0,3.353576183319092,True,False,False,False
107,13.003819444444444,1.8016281577864994,0.17951587097697908,-2.789785143751025,0.7961252927780151,1.030324935913086,1.0,3.3304824829101562,True,False,False,False
108,13.01863425925926,1.7197084751089438,0.0975961882994234,-3.14955900669504,0.626349687576294,0.7960142493247986,1.0,3.3321685791015625,True,False,False,False
109,13.0334375,1.7756262577267155,0.1535139709171951,-2.903979971204327,0.7800658941268921,0.8088532090187073,1.0,3.331568717956543,True,False,False,False
110,13.048252314814814,1.8516793120133943,0.22956702520387395,-2.569971095253127,0.667657732963562,0.7735460996627808,1.0,3.331183910369873,True,False,True,False
111,20.212141203703705,1.9606519363126957,0.3385396495031754,-2.0913864533469386,7.014524459838867,21.328689575195312,1.0,3.3130600452423096,True,False,True,False
112,20.226967592592594,1.7179639498131685,0.09585166300364811,-3.1572205916054097,1.3175535202026367,4.416595458984375,1.0,3.3255395889282227,True,False,True,False
113,20.241782407407406,1.8180472946945003,0.19593500788497997,-2.7176757785957744,1.1241093873977661,1.4187028408050537,1.0,3.326683521270752,True,False,True,False
114,20.25658564814815,1.769153804259863,0.14704151745034255,-2.9324056133746046,0.8459657430648804,1.216489553451538,1.0,3.326162576675415,True,False,True,False
115,20.271400462962962,1.750310726931581,0.1281984401220606,-3.0151604104950063,1.6581032276153564,4.975089073181152,1.0,3.3239564895629883,True,False,True,False
116,20.28622685185185,1.7060465531982565,0.08393426638873613,-3.2095592686637566,1.5220662355422974,7.350293159484863,1.0,3.321511745452881,True,False,True,False
117,21.999421296296298,1.9578459508576025,0.33573366404808214,-2.103709746034939,0.2677198052406311,0.6547859311103821,1.0,3.400784730911255,True,False,True,False
118,22.01423611111111,2.2921771295204456,0.6700648427109253,-0.6353981545019791,0.5960076451301575,0.6676248908042908,1.0,3.3810291290283203,True,False,True,False
119,22.029039351851853,2.300769893442114,0.6786576066325936,-0.5976605587445243,0.5873814225196838,0.6804637908935547,1.0,3.3647990226745605,True,False,True,False
120,22.043854166666666,2.0460949643340895,0.4239826775245692,-1.7161388053074917,0.5665227174758911,0.5905912518501282,1.0,3.353523015975952,True,False,True,False
121,22.058680555555554,2.0021529802369913,0.38004069342747093,-1.9091226749626524,0.5678220987319946,0.5905912518501282,1.0,3.345367908477783,True,False,True,False
122,22.07349537037037,1.8726552547018773,0.25054296789235697,-2.47784920606525,1.035239815711975,1.1201975345611572,1.0,3.337956428527832,True,False,True,False
123,22.08829861111111,1.9438197946029785,0.32170750779345814,-2.165309647951612,5.319385051727295,21.084749221801758,1.0,3.31599760055542,True,False,True,False
124,22.103113425925926,1.8218681278150115,0.19975584100549115,-2.70089549031217,0.9606636166572571,1.312781572341919,1.0,3.327152729034424,True,False,True,False
125,22.117939814814815,1.7862878362708596,0.16417554946133928,-2.8571565806279042,0.9114644527435303,1.1234071254730225,1.0,3.3278145790100098,True,False,True,False
126,22.13275462962963,1.8000844002730827,0.17797211346356234,-2.796564999164246,1.2986996173858643,2.2786617279052734,1.0,3.325932025909424,True,False,True,False
127,22.14755787037037,1.7960254259932484,0.17391313918372808,-2.8143911528859875,1.0227017402648926,1.2357478141784668,1.0,3.325932502746582,True,False,True,False
128,22.162372685185186,1.6578763246068906,0.03576403779737025,-3.4211126909032705,2.2597885131835938,3.6815662384033203,1.0,3.3219141960144043,True,False,True,False
129,22.177199074074075,1.7826312625875431,0.16051897577802277,-2.87321547631924,0.7044081687927246,0.7446585297584534,1.0,3.324467658996582,True,False,True,False
130,22.192013888888887,1.7713523107178548,0.14924002390833446,-2.9227502395346887,0.6671735048294067,0.6933027505874634,1.0,3.3257768154144287,True,False,True,False
131,22.20681712962963,1.7515127876539833,0.12940050084446297,-3.0098812148797816,0.6547859311103821,0.6804637908935547,1.0,3.325941324234009,True,False,True,False
132,22.221631944444443,1.6411401246806339,0.019027837871113507,-3.4946145295538544,1.852522850036621,12.932022094726562,1.0,3.3235342502593994,True,False,True,False
133,22.236458333333335,1.9289357565297187,0.30682346972019836,-2.2306771847730116,8.08190631866455,36.29568099975586,1.0,3.3034229278564453,True,False,True,False
134,22.251273148148147,1.8091381317333173,0.18702584492379692,-2.7568029317948275,0.9271799325942993,1.0399540662765503,1.0,3.3227293491363525,True,False,True,False
135,22.266076388888887,1.8435166823036568,0.22140439549413649,-2.605819632826362,0.882075309753418,0.9019355177879333,1.0,3.323913097381592,True,False,True,False
136,22.280891203703703,1.8044047471660463,0.1822924603565259,-2.7775909523889704,0.8665281534194946,0.8858869075775146,1.0,3.3243308067321777,True,False,True,False
137,22.29571759259259,1.8384683212790118,0.21635603446949148,-2.6279909631832132,0.847366988658905,0.873047947883606,1.0,3.324575901031494,True,False,True,False
138,22.310532407407408,1.8171381471666188,0.19502586035709846,-2.721668561616912,0.8408000469207764,0.8602089881896973,1.0,3.3246383666992188,True,False,True,False
139,22.325335648148148,1.7844796105915575,0.1623673237820371,-2.8650979241054877,0.836336612701416,0.8602089881896973,1.0,3.3245110511779785,True,False,True,False
140,22.340162037037036,1.8376648540948886,0.2155525672853682,-2.6315196205599585,0.8214149475097656,0.8473699688911438,1.0,3.3243703842163086,True,False,True,False
141,22.354976851851852,1.508033195308261,-0.11407909150125928,-4.079191918035796,1.8564304113388062,2.6544506549835205,1.0,3.320488214492798,False,False,False,False
142,22.369791666666668,1.8076575981747371,0.1855453113652168,-2.7633051210145445,0.626249372959137,0.718980610370636,1.0,3.3228516578674316,True,False,False,False
143,22.398888888888887,1.4224980715021027,-0.19961421530741763,-4.4548440312191815,6.122804641723633,14.899589538574219,0.42578125,3.328385591506958,False,False,False,False
144,22.413703703703703,1.7073961295713243,0.0852838427618039,-3.2036322156136645,5.632984161376953,5.9315900802612305,0.0,3.3557064533233643,True,False,False,False
145,22.42853009259259,1.6757634904687482,0.05365120365922782,-3.342556054098768,5.3017473220825195,5.392354488372803,0.0,3.360793113708496,True,False,False,False
146,22.443344907407408,1.803768885973063,0.1816565991635426,-2.7803835198186593,5.2260003089904785,5.251126289367676,0.0,3.3637425899505615,True,False,False,False
147,22.458148148148148,1.7091963761473647,0.0870840893378444,-3.195725914664439,5.279211521148682,5.340999126434326,0.0,3.366924524307251,True,False,False,False
148,22.472974537037036,1.6573592980354335,0.035247011225913116,-3.4233833618919514,5.431473731994629,5.53358268737793,0.0,3.371708869934082,True,False,True,False
149,22.487789351851852,1.9275335571742591,0.30542127036473876,-2.2368353467951594,5.44426155090332,5.559260845184326,0.0,3.3820595741271973,True,False,True,False
150,22.502604166666668,1.4067934507938065,-0.2153188360157139,-4.523815392845834,4.2132568359375,5.225448131561279,0.0,3.484675884246826,False,False,False,False
151,27.27951388888889,1.7540743838991346,0.13196209708961426,-2.9986312277423988,1.3474448919296265,11.524018287658691,0.99609375,3.340097188949585,True,False,False,False
152,34.04131944444445,1.5512856062636642,-0.07082668054585617,-3.889236507291378,6.604982376098633,6.740443229675293,0.0,3.324723720550537,False,False,False,False
153,34.05612268518519,2.140833427419777,0.5187211406102568,-1.3000675789591596,6.658194541931152,6.727604389190674,0.0,3.3348259925842285,True,False,False,False
154,34.0709375,2.239510651249085,0.6173983644395646,-0.8666981512307972,6.432021141052246,6.689087390899658,0.0,3.338153123855591,True,False,False,False
155,34.08576388888889,2.3070700655839835,0.6849577787744632,-0.5699915395954336,6.04673957824707,6.201208114624023,0.0,3.3414158821105957,True,False,False,False
156,34.100578703703704,2.5081403152527573,0.8860280284432369,0.3130663297958498,5.842369079589844,5.9315900802612305,0.0,3.3457984924316406,True,True,False,False
157,34.115381944444444,2.650647865296175,1.0285355784866546,0.9389292494511161,5.732069969177246,5.803200721740723,0.0,3.351240634918213,True,True,True,False
158,34.130196759259256,2.4052452434291376,0.7831329566196172,-0.13882699129520004,5.594618320465088,5.674811363220215,0.0,3.3556690216064453,True,False,True,False
159,34.14502314814815,2.0736494561537837,0.45153716934426336,-1.5951253243049988,5.417180061340332,5.507905006408691,0.0,3.3585474491119385,True,False,True,False
160,34.15983796296296,1.848820474768989,0.22670818795946857,-2.5825265017846237,5.265850067138672,5.340999126434326,0.0,3.3602261543273926,True,False,True,False
161,34.1746412037037,1.892051682872761,0.2699393960632406,-2.39266420946532,5.150872230529785,5.21260929107666,0.0,3.361448287963867,True,False,True,False
162,34.18945601851852,1.8183232703422632,0.1962109835327428,-2.716463752112897,5.035923957824707,5.0970587730407715,0.0,3.362330913543701,True,False,True,False
163,34.204282407407405,1.7263387805262504,0.1042264937167301,-3.120440112254588,4.946864604949951,4.994387626647949,0.0,3.363320827484131,True,False,True,False
164,34.219097222222224,1.769756378768842,0.1476440919593216,-2.9297592339976206,4.870171070098877,4.917313575744629,0.0,3.3641862869262695,True,False,True,False
165,34.233900462962964,1.775185335597519,0.15307304878799854,-2.9059164076319792,4.806527614593506,4.853119373321533,0.0,3.365267753601074,True,False,True,False
166,34.24871527777778,1.7175629656368478,0.0954506788273275,-3.158981629018874,4.756747245788574,4.801763534545898,0.0,3.366588592529297,True,False,True,False
167,34.26354166666667,1.7843676973949782,0.1622554105854579,-2.865589423116857,4.719564437866211,4.763246536254883,0.0,3.3680474758148193,True,False,True,False
168,34.27835648148148,1.7654525413097821,0.14334025450026178,-2.9486607748424967,4.6813459396362305,4.7151007652282715,0.0,3.3697147369384766,True,False,True,False
169,34.29315972222222,1.9125094434496528,0.29039715664013244,-2.3028180661531867,4.634208679199219,4.68621301651001,0.0,3.3718314170837402,True,False,True,False
170,34.30797453703704,2.0373373069683174,0.41522502015879703,-1.7546005780810232,4.551655292510986,4.596340656280518,0.0,3.3744421005249023,True,False,True,False
171,34.322800925925925,1.8836003937223207,0.26148810691280033,-2.429780478048521,4.427199363708496,4.493628978729248,0.0,3.3782708644866943,True,False,True,False
172,34.33761574074074,1.7880912634197206,0.16597897661020022,-2.849236311277769,4.33494758605957,4.471160411834717,0.03125,3.381298065185547,True,False,True,False
173,34.352418981481485,1.4831890053969334,-0.13892328141258692,-4.188302328183441,4.076284408569336,4.207668304443359,0.0,3.395275354385376,False,False,False,False
174,34.3672337962963,1.9018234583730345,0.2797111715635141,-2.3497486450411635,3.8599753379821777,3.9545183181762695,0.0,3.4252090454101562,True,False,False,False
175,34.38206018518518,1.6970554485146632,0.07494316170514281,-3.249046292519583,3.4602468013763428,3.9911534786224365,0.0,3.5547335147857666,True,False,False,False
176,34.396875,1.6234088046287156,0.0012965178191952642,-3.5724867246316205,1.000598669052124,1.6332190036773682,0.0,3.6367111206054688,True,False,False,False
177,35.40717592592593,1.4564666392752579,-0.16564564753426247,-4.305661289697504,0.1995050609111786,0.6547859311103821,0.41015625,3.639561176300049,False,False,False,False
178,35.42197916666667,1.8517917335510243,0.22967944674150398,-2.569477363715732,2.8370981216430664,7.5360822677612305,1.0,3.398397922515869,True,False,False,False
179,35.43679398148148,2.3668425724803757,0.7447302856708553,-0.30748337304641193,0.8715934753417969,1.0174859762191772,1.0,3.35811710357666,True,False,False,False
180,35.45162037037037,1.921653569027156,0.29954128221763554,-2.2626590070023775,3.276339530944824,9.783271789550781,1.0,3.3271985054016113,True,False,False,False
181,35.46643518518518,1.9069158387347849,0.2848035519252645,-2.3273839910966587,0.8332270979881287,0.927613377571106,1.0,3.3299245834350586,True,False,False,False
182,35.48123842592592,1.865205037136479,0.24309275032695865,-2.510568980674571,0.8740007877349854,0.8987257480621338,1.0,3.3293728828430176,True,False,True,False
183,35.49605324074074,1.7800587852611052,0.15794649845158482,-2.8845132508566658,1.2923877239227295,2.4458179473876953,1.0,3.3274457454681396,True,False,True,False
184,35.51087962962963,1.8603760749887877,0.2382637881792673,-2.531776757720335,2.962033748626709,6.823896408081055,1.0,3.3205840587615967,True,False,True,False
185,35.52569444444445,1.8043435529464857,0.1822312661369654,-2.7778597044158526,1.3551602363586426,4.657325267791748,1.0,3.323472261428833,True,False,True,False
186,35.54049768518519,1.6059794752623655,-0.016132811547154846,-3.6490326407008653,4.938482761383057,6.535020351409912,0.19921875,3.347499132156372,False,False,False,False
187,35.5553125,2.002071135306552,0.37995884849703176,-1.9094821205296277,6.003658294677734,6.085657596588135,0.0,3.3762669563293457,True,False,False,False
188,38.15295138888889,1.9077598289960562,0.2856475421865359,-2.3236773649640856,0.6058254837989807,0.9372426271438599,1.0,3.3339109420776367,True,False,False,False
189,38.16775462962963,1.8158707845617303,0.19375849775221,-2.727234549242941,5.4922075271606445,9.333909034729004,1.0,3.317847728729248,True,False,False,False
190,38.18256944444445,2.010875196522661,0.3887629097131404,-1.870816551892326,14.048361778259277,33.60271453857422,1.0,3.293860912322998,True,False,False,False
191,38.19739583333333,2.04491409884414,0.42280181203461953,-1.7213249159594177,8.828777313232422,11.279008865356445,1.0,3.301481008529663,True,False,True,False
192,38.21221064814815,1.8684219244041766,0.2463096375946563,-2.496441094419073,8.779864311218262,14.315418243408203,1.0,3.299635887145996,True,False,True,False
193,38.22701388888889,1.76386400120465,0.14175171439512968,-2.9556373058956553,2.497640371322632,3.145540237426758,1.0,3.315025806427002,True,False,True,False
194,38.2418287037037,1.7869561213325909,0.1648438345230705,-2.854221614447027,2.215118408203125,3.896618127822876,1.0,3.318173885345459,True,False,True,False
195,38.256655092592595,1.7298263418356945,0.10771405502617415,-3.105123483044835,2.073237895965576,3.1327013969421387,1.0,3.3176615238189697,True,False,True,False
196,38.27146990740741,1.825560227192317,0.20344794038279668,-2.684680573311395,9.60921573638916,14.91242790222168,1.0,3.2934012413024902,True,False,True,False
197,38.28627314814815,2.1251903542945425,0.5030780674850222,-1.368768636661417,10.878443717956543,11.7957763671875,0.99609375,3.2828125953674316,True,False,True,False
198,38.30109953703704,2.0928134592120817,0.4707011724025614,-1.5109610894788814,13.428793907165527,14.623551368713379,1.0,3.2680435180664062,True,False,True,False
199,38.31591435185185,1.9024544520201,0.28034216521057975,-2.3469774548402507,13.532362937927246,31.84699249267578,1.0,3.260194778442383,True,False,True,False
200,38.330729166666664,1.7296586050678044,0.10754631825828409,-3.1058601473356267,11.062050819396973,32.065250396728516,1.0,3.2597012519836426,True,False,True,False
201,39.079224537037035,1.8758641241360603,0.25375183732653994,-2.4637565324331625,6.413501739501953,6.689087390899658,0.015625,3.3208320140838623,True,False,True,False
202,39.094027777777775,2.0252159948672204,0.4031037080577,-1.8078348086837808,6.281802177429199,6.6248931884765625,0.0,3.330867290496826,True,False,True,False
203,39.108842592592595,2.2654957519341514,0.6433834651246311,-0.7525771030664239,5.858856201171875,6.047140598297119,0.0,3.3342671394348145,True,False,True,False
204,39.12366898148148,2.485304248558336,0.8631919617488155,0.21277517069264018,5.534485816955566,5.649133682250977,0.0,3.3378167152404785,True,True,True,False
205,39.1384837962963,2.7990450929220567,1.1769328061125364,1.5906583832576056,5.358752727508545,5.430871486663818,0.0,3.342289924621582,True,True,True,False
206,39.15328703703704,2.5256997885589545,0.9035875017494341,0.39018381043232875,5.255574703216553,5.31532096862793,0.0,3.3473849296569824,True,True,True,False
207,39.16810185185185,2.195861558411452,0.5737492716019317,-1.05839570462598,5.087580680847168,5.164463520050049,0.0,3.351840019226074,True,False,True,False
208,39.18292824074074,2.189007367567195,0.5668950807576747,-1.0884978563530576,4.909339904785156,4.99434757232666,0.0,3.3547167778015137,True,False,True,False
209,39.197743055555556,2.02966923800291,0.40755695119338964,-1.7882771098110661,4.753743648529053,4.827441215515137,0.0,3.35634708404541,True,False,True,False
210,39.212546296296296,1.96250659665403,0.3403943098445097,-2.0832411786871563,4.637815952301025,4.699051856994629,0.0,3.357351779937744,True,False,True,False
211,39.22736111111111,1.9809606472205008,0.35884836041098045,-2.00219490455306,4.552407264709473,4.6091790199279785,0.0,3.3581714630126953,True,False,True,False
212,39.2421875,2.014839208428629,0.3927269216191085,-1.8534074527655673,4.47473669052124,4.519306659698486,0.0,3.358729362487793,True,False,True,False
213,39.25700231481481,1.958690283883918,0.3365779970743976,-2.1000016145510267,4.3966851234436035,4.432643890380859,0.0,3.3594212532043457,True,False,True,False
214,39.27180555555555,1.900269233944239,0.2781569471347187,-2.356574468925646,4.32501745223999,4.378078460693359,0.0,3.360133171081543,True,False,True,False
215,39.28662037037037,1.8993814576689,0.27726917085937974,-2.3604733939406017,4.267888069152832,4.3138837814331055,0.0,3.3611505031585693,True,False,True,False
216,39.30144675925926,1.921870173168445,0.29975788635892475,-2.261707727577285,4.216638565063477,4.249689102172852,0.0,3.362095355987549,True,False,True,False
217,39.316261574074076,1.8561678993445607,0.23405561253504037,-2.5502581721739244,4.191061019897461,4.224010944366455,0.0,3.36307954788208,True,False,True,False
218,39.331064814814816,1.8480136139446397,0.22590132713511935,-2.5860700633091103,4.162524223327637,4.185494422912598,0.0,3.363955497741699,True,False,True,False
219,39.34587962962963,1.8001646839786183,0.17805239716909793,-2.796212410165755,4.134389400482178,4.159816265106201,0.0,3.365126848220825,True,False,True,False
220,39.36070601851852,1.6948950864202197,0.07278279961069933,-3.2585341444090377,4.128879070281982,4.146977424621582,0.0,3.366555690765381,True,False,True,False
221,39.37552083333333,1.7336363769203138,0.11152409011079345,-3.0883906174435225,4.119845390319824,4.146977424621582,0.0,3.368381977081299,True,False,True,False
222,39.39032407407407,1.782072930431724,0.15996064362220364,-2.875667552669384,4.105752468109131,4.134138584136963,0.0,3.3706886768341064,True,False,True,False
223,39.40513888888889,1.8674774452689555,0.24536515845943518,-2.5005890463622706,4.0680084228515625,4.108460903167725,0.0,3.3738858699798584,True,False,True,False
224,39.41996527777778,2.116220987554267,0.49410870074474667,-1.4081601920829883,3.913670063018799,4.018588066101074,0.0,3.3793697357177734,True,False,True,False
225,39.43478009259259,1.7948903908167897,0.17277810400726934,-2.8193759865262646,3.5726356506347656,3.7746481895446777,0.0,3.393951177597046,True,False,True,False
226,39.44958333333334,1.4785731091726895,-0.14353917763683088,-4.208574364906063,2.816190004348755,3.70436429977417,0.0,3.520878553390503,False,False,False,False
227,44.14547453703704,1.5711735311431254,-0.05093875566639494,-3.8018929614430914,0.7558650970458984,0.7831753492355347,1.0,3.349341869354248,False,False,False,False
228,44.16028935185185,1.6578782413218467,0.03576595451232634,-3.421104273097911,0.7747998237609863,0.7960142493247986,1.0,3.339226484298706,True,False,False,False
229,44.17511574074074,1.6580171094699956,0.03590482266047523,-3.4204943936590944,4.969816207885742,19.12360191345215,1.0,3.3206944465637207,True,False,False,False
230,44.189930555555556,1.8448124839094295,0.22270019709990918,-2.6001287471432115,1.3108255863189697,1.8616461753845215,1.0,3.3233301639556885,True,False,False,False
231,44.204733796296296,1.8150421311672944,0.19292984435777405,-2.73087381911086,1.0803767442703247,1.428331971168518,1.0,3.32584810256958,True,False,False,False
232,44.21954861111111,1.8258737607950561,0.2037614739855358,-2.6833036002600688,0.9623991250991821,1.030324935913086,1.0,3.32620906829834,True,False,True,False
233,44.234375,1.7922994732719553,0.17018718646243491,-2.830754746589869,0.8922060132026672,0.978969156742096,1.0,3.3261232376098633,True,False,True,False
234,44.24918981481481,1.6677421219658253,0.04562983515630492,-3.377784202427335,1.0262625217437744,1.0816806554794312,1.0,3.3257739543914795,True,False,True,False
235,44.26399305555555,1.7386992586776553,0.11658697186813494,-3.066155515109971,0.8795177936553955,1.052793025970459,1.0,3.3250014781951904,True,False,True,False
236,44.27880787037037,1.7508858700514502,0.1287735832419299,-3.012634503958045,0.9096589088439941,1.248586893081665,1.0,3.324932098388672,True,False,True,False
237,44.29363425925926,1.7532667287845727,0.13115444197505233,-3.002178277620951,0.8371390104293823,1.0271152257919312,1.0,3.3249096870422363,True,False,True,False
238,44.308449074074076,1.5877968270114715,-0.03431545979804884,-3.7288869734565835,1.414717674255371,2.9016003608703613,1.0,3.3218140602111816,False,False,False,False
239,44.323252314814816,1.7550316957658256,0.13291940895630527,-2.994426917165694,2.4697906970977783,6.830316066741943,1.0,3.3191921710968018,True,False,False,False
240,44.33806712962963,1.6805742591260544,0.05846197231653405,-3.3214281790021127,3.664764881134033,10.223005294799805,0.796875,3.31943941116333,True,False,False,False
241,44.35289351851852,1.741513959350554,0.11940167254103362,-3.05379394703474,7.046121120452881,7.6263298988342285,0.0,3.360328197479248,True,False,False,False
242,44.36770833333333,1.9366223863628236,0.3145100995533032,-2.196919137650662,7.062972068786621,7.215483665466309,0.0,3.3734290599823,True,False,False,False
243,44.38251157407407,1.834866625935975,0.21275433912645458,-2.6438088448492376,6.904440879821777,7.205854415893555,0.0,3.401752471923828,True,False,True,False
244,58.069085648148146,1.7353165124691112,0.11320422565959087,-3.0810118186383604,1.4602890014648438,6.888091087341309,1.0,3.341775417327881,True,False,True,False
245,58.083900462962966,1.9599164496074377,0.33780416279791736,-2.094616554885981,0.8315219283103943,0.873047947883606,1.0,3.3321542739868164,True,False,True,False
246,58.09872685185185,1.9772230162553963,0.35511072944587596,-2.0186097866256345,0.8870798349380493,0.9236536026000977,1.0,3.3287506103515625,True,False,True,False
247,58.11354166666667,1.956164860405724,0.33405257359620366,-2.111092738571802,0.9172317981719971,0.9372426271438599,1.0,3.327040433883667,True,False,True,False
248,58.12834490740741,1.8963025184373539,0.2741902316278335,-2.3739954416939284,0.9410040378570557,0.9629204869270325,1.0,3.325924873352051,True,False,True,False
249,58.14315972222222,1.8695811680854924,0.247468881275972,-2.4913499421625143,0.8555002212524414,0.9629204869270325,1.0,3.3254077434539795,True,False,True,False
250,58.157986111111114,1.8786815514865396,0.25656926467701924,-2.4513829893685997,0.7574472427368164,0.7863850593566895,1.0,3.3256664276123047,True,False,True,False
251,58.17280092592593,1.8977986677018701,0.27568638089234976,-2.3674246716073966,0.7808181643486023,0.8216921091079712,1.0,3.3250892162323,True,False,True,False
252,58.18760416666667,1.786033806812234,0.16392152000271354,-2.858272224105078,10.066641807556152,31.221092224121094,1.0,3.303678274154663,True,False,True,False
253,58.20241898148148,1.8981172165219167,0.2760049297123963,-2.366025672785886,1.7294955253601074,7.802865982055664,1.0,3.3180885314941406,True,False,True,False
254,58.21724537037037,1.6706555987131069,0.04854331190358652,-3.364988830793721,6.668771743774414,22.37185287475586,1.0,3.308257818222046,True,False,True,False
255,58.23206018518518,1.7501880010952466,0.12807571428572628,-3.0156993963257355,2.1603877544403076,4.88521671295166,1.0,3.3149776458740234,True,False,True,False
256,58.24686342592592,1.6984239434481256,0.07631165663860529,-3.2430361531667606,1.2967329025268555,4.400546550750732,1.0,3.320699691772461,True,False,True,False
257,58.26167824074074,1.8261086228768666,0.20399633606734624,-2.6822721358345456,1.0874481201171875,1.258216142654419,1.0,3.322248935699463,True,False,True,False
258,58.27650462962963,1.5352389738739847,-0.08687331293553568,-3.959709911647707,5.384792327880859,9.953941345214844,0.58203125,3.324842929840088,False,False,False,False
259,58.29131944444445,1.6667216127209379,0.04460932591141753,-3.38226606247858,5.866944313049316,6.140222549438477,0.0,3.3525259494781494,True,False,False,False
260,58.30612268518519,1.588812376788784,-0.03329991002073629,-3.724426894334527,5.693367958068848,5.7903618812561035,0.0,3.3588194847106934,False,False,False,False
261,58.3209375,1.5306769314905675,-0.09143535531895286,-3.9797454337292155,5.608187198638916,5.661972522735596,0.0,3.363662004470825,False,False,False,False
262,58.33576388888889,1.595635660433137,-0.026476626376383372,-3.694460480470913,4.5745744705200195,5.764684200286865,0.1328125,3.365738868713379,False,False,False,False
263,58.350578703703704,1.8183780377595995,0.19626575095007914,-2.716223225237614,4.555781364440918,8.23617935180664,0.3359375,3.3660757541656494,True,False,False,False
264,58.365381944444444,1.7799057356781873,0.15779344886866697,-2.885185412147684,5.8791656494140625,6.252563953399658,0.0,3.4077091217041016,True,False,False,False
265,62.40034722222222,1.5910220078946191,-0.031090278914901237,-3.7147226634019366,5.107052326202393,20.320831298828125,1.0,3.3207459449768066,False,False,False,False
266,62.415162037037035,1.4964503210061648,-0.12566196580335554,-4.130061444081968,1.219498634338379,2.1569418907165527,1.0,3.3282196521759033,False,False,False,False
267,62.429965277777775,1.5757122856081829,-0.04640000120133747,-3.7819597149573174,6.688878536224365,17.91994857788086,1.0,3.3075430393218994,False,False,False,False
268,62.444780092592595,1.73845289127549,0.11634060446596961,-3.0672375084610604,2.0663671493530273,7.279679298400879,1.0,3.3190829753875732,True,False,False,False
269,62.45960648148148,1.8192944227227774,0.19718213591325706,-2.7121986569364402,0.9640238285064697,1.3224108219146729,1.0,3.3231401443481445,True,False,False,False
270,62.4744212962963,1.6034415559850832,-0.018670730824437154,-3.6601786436196253,1.6069488525390625,3.5210790634155273,1.0,3.321784019470215,False,False,False,False
271,62.48922453703704,1.7880824566661135,0.16597016985659319,-2.849274988670816,2.6854448318481445,10.454106330871582,1.0,3.3166255950927734,True,False,False,False
272,62.50403935185185,1.6802520765021556,0.058139789692635224,-3.3228431367190483,5.232783794403076,9.337119102478027,0.671875,3.320197820663452,True,False,False,False
273,62.51886574074074,1.6308384978672894,0.008726211057769051,-3.539857088510446,6.303879261016846,6.705136299133301,0.0,3.3564224243164062,True,False,False,False
274,62.533680555555556,1.7051644675727793,0.08305218076325893,-3.2134332015520766,6.0493974685668945,6.111335277557373,0.0,3.365812063217163,True,False,False,False
275,62.548483796296296,1.956679368367308,0.3345670815577877,-2.108833128783235,6.298452854156494,6.486874103546143,0.0,3.3750834465026855,True,False,True,False
276,62.56329861111111,1.4844607685945055,-0.13765151821501487,-4.182717014088152,5.384676933288574,6.509342193603516,0.0,3.458390235900879,False,False,False,False
277,64.12695601851851,1.77798854904011,0.1558762622305896,-2.893605289034667,1.9194713830947876,8.592460632324219,1.0,3.3223819732666016,True,False,False,False
278,64.1417824074074,1.8873640222023287,0.26525173539280833,-2.413251420407169,1.9880297183990479,9.077130317687988,1.0,3.320584535598755,True,False,False,False
279,64.17799768518519,1.876545441007158,0.2544331541976377,-2.4607643333109004,0.5541306734085083,0.6066398620605469,1.0,3.3277978897094727,True,False,False,False
280,64.19282407407407,1.8592355620935765,0.2371232752840562,-2.5367856483389994,0.5785547494888306,0.6066398620605469,1.0,3.327348470687866,True,False,False,False
281,64.2076388888889,1.8360844898748911,0.2139722030653708,-2.6384602448605303,0.60013747215271,0.616269052028656,1.0,3.326742172241211,True,False,True,False
282,64.22244212962963,1.7205310932743019,0.09841880646478152,-3.1459462422725544,0.9299704432487488,0.616269052028656,1.0,3.324575424194336,True,False,True,False
283,64.23725694444444,1.705744488530859,0.08363220172133867,-3.210885872584773,1.73110032081604,7.523618698120117,0.79296875,3.3293981552124023,True,False,True,False
284,64.25208333333333,2.057849586245671,0.4357372994361508,-1.664515000205342,7.720726013183594,7.899157524108887,0.0,3.37404727935791,True,False,True,False
285,64.26689814814814,1.3169323112545057,-0.30517997555501464,-4.9184664491476315,5.7335710525512695,7.741880416870117,0.0,3.4824252128601074,False,False,False,False
286,66.09814814814816,1.8405303271103577,0.21841804030083734,-2.6189350711300614,6.18209981918335,12.261187553405762,1.0,3.3087236881256104,True,False,False,False
287,66.11296296296297,2.1264875668199807,0.5043752800104604,-1.3630715545184933,18.411041259765625,25.19321060180664,1.0,3.2736330032348633,True,False,False,False
288,66.1277662037037,1.879415366574057,0.2573030797645366,-2.4481602292199565,12.388297080993652,21.495723724365234,1.0,3.2804384231567383,True,False,False,False
289,66.14258101851851,1.8470600048181562,0.2249477180086359,-2.590258112236546,16.37598419189453,18.250553131103516,1.0,3.2658228874206543,True,False,False,False
290,66.1574074074074,1.930479730165014,0.3083674433554937,-2.2238963801983607,14.389314651489258,25.37937355041504,1.0,3.2586312294006348,True,False,True,False
291,66.17222222222222,1.987829132220901,0.3657168454113806,-1.9720299759254245,17.3553466796875,18.096485137939453,1.0,3.2441582679748535,True,False,True,False
292,66.18702546296296,2.060168158357279,0.4380558715477585,-1.654332323492705,21.09860610961914,47.52769470214844,1.0,3.230674982070923,True,False,True,False
293,66.20184027777778,1.738375239054724,0.11626295224520367,-3.067578540536845,30.03343963623047,41.28361129760742,1.0,3.1948089599609375,True,False,True,False
294,66.21666666666667,1.575718117355383,-0.046394169454137435,-3.781934103161113,8.206271171569824,20.52625274658203,1.0,3.243462562561035,False,False,False,False
295,66.23148148148148,1.6896589615939206,0.06754667478440024,-3.2815300935392315,5.094801902770996,7.613491058349609,0.2421875,3.294872760772705,True,False,False,False
296,66.24628472222223,1.5788420924022786,-0.04327019440724178,-3.768214267663382,5.650638103485107,5.828878402709961,0.0,3.3088533878326416,False,False,False,False
297,66.26109953703704,1.619597392148647,-0.0025148946608732903,-3.589225639461463,5.366196632385254,5.469388484954834,0.0,3.31243896484375,False,False,False,False
298,66.27592592592593,1.6433758518159678,0.021263565006447438,-3.4847956903972888,5.237334251403809,5.289643287658691,0.0,3.315028190612793,True,False,False,False
299,66.29074074074074,1.6321431739411445,0.010030887131624144,-3.5341272280466423,5.176951885223389,5.202980041503906,0.0,3.317309856414795,True,False,False,False
300,66.30554398148148,1.594140951360722,-0.027971335448798262,-3.7010249255393446,5.171063423156738,5.199770450592041,0.0,3.319751024246216,False,False,False,False
301,66.32035879629629,1.613198583569524,-0.008913703239996407,-3.6173278489122955,5.188737392425537,5.225448131561279,0.0,3.3218636512756348,False,False,False,False
302,66.33518518518518,1.6366816070713845,0.014569320261864194,-3.514195392795199,5.2235798835754395,5.263965129852295,0.0,3.3241469860076904,True,False,False,False
303,66.35,1.7399279403647085,0.1178156535551882,-3.060759405866974,5.25975227355957,5.3024821281433105,0.0,3.3264427185058594,True,False,False,False
304,66.36480324074074,1.8934698468619815,0.27135756005246114,-2.3864359341593935,5.244506359100342,5.328160285949707,0.0,3.328763008117676,True,False,False,False
305,66.37961805555555,2.1517697771317676,0.5296574903222473,-1.2520374517200619,5.280189514160156,5.340999126434326,0.0,3.331515073776245,True,False,False,False
306,66.39444444444445,2.319579274245137,0.6974669874356165,-0.5150537496126497,5.255088806152344,5.289643287658691,0.0,3.334665060043335,True,False,True,False
307,66.40925925925926,2.5919959402812256,0.9698836534717052,0.6813424407376538,5.2322187423706055,5.251126289367676,0.0,3.3387601375579834,True,True,True,False
308,66.4240625,2.6299772048642707,1.0078649180547503,0.8481480951531672,5.232382774353027,5.251126289367676,0.0,3.343836784362793,True,True,True,False
309,66.43887731481482,2.499587285805405,0.8774749989958848,0.27550323941792687,5.173992156982422,5.225448131561279,0.0,3.3490166664123535,True,True,True,False
310,66.45370370370371,2.3414001632187524,0.7192878764092321,-0.41922103563826996,5.058692932128906,5.109898090362549,0.0,3.352915048599243,True,False,True,False
311,66.46851851851852,2.0968936538884444,0.47478136707892404,-1.4930417402785605,4.982518672943115,5.023110389709473,0.0,3.35546612739563,True,False,True,False
312,66.48332175925925,1.8320964587433797,0.20998417193385932,-2.6559748313289906,4.9450483322143555,4.968669414520264,0.0,3.357089042663574,True,False,True,False
313,66.49813657407407,1.8329641661616833,0.21085187935216299,-2.652164044475518,4.947906494140625,4.968669414520264,0.0,3.358391523361206,True,False,True,False
314,66.51296296296296,1.8422197861767553,0.22010749936723495,-2.611515325414052,4.9582719802856445,4.9817585945129395,0.0,3.3593251705169678,True,False,True,False
315,66.52777777777777,1.7989076011301948,0.1767953143206744,-2.801733251282757,4.979702949523926,4.99434757232666,0.0,3.3603997230529785,True,False,True,False
316,66.54258101851852,1.7791942761226587,0.15708198931313833,-2.8883099915436814,5.001620292663574,5.032864570617676,0.0,3.3615002632141113,True,False,True,False
317,66.55739583333333,1.7255826103551484,0.10347032354562802,-3.1237610511865816,5.044012069702148,5.071381092071533,0.0,3.3630189895629883,True,False,True,False
318,66.57222222222222,1.7340015841143057,0.11188929730478536,-3.086786704944562,5.072985649108887,5.0970587730407715,0.0,3.364377975463867,True,False,True,False
319,66.58703703703704,1.647018058941222,0.024905772131701642,-3.4687998895803753,5.101926803588867,5.135575771331787,0.0,3.365980863571167,True,False,True,False
320,66.60184027777778,1.6124167775225715,-0.009695509286948845,-3.6207613751710848,5.138434410095215,5.174092769622803,0.0,3.3678042888641357,False,False,False,False
321,66.6166550925926,1.6749930795020596,0.0528807926925392,-3.345939535583078,5.181164264678955,5.21260929107666,0.0,3.370014190673828,True,False,False,False
322,66.63148148148149,1.715625609265265,0.09351332245574473,-3.167490087095391,5.170882701873779,5.23895263671875,0.0,3.372642993927002,True,False,False,False
323,66.6462962962963,2.0011862980362314,0.379074011226711,-1.913368138058201,5.1572418212890625,5.190141201019287,0.0,3.376722812652588,True,False,False,False
324,66.66109953703703,1.921297705351623,0.29918541854210257,-2.264221884750963,5.111904144287109,5.202980041503906,0.0,3.385697841644287,True,False,False,False
325,66.67591435185186,1.3910754848065978,-0.23103680200292254,-4.592845364105598,4.626711845397949,4.981508731842041,0.01953125,3.450028419494629,False,False,False,False
326,68.51185185185186,1.8159160172392448,0.19380373042972443,-2.7270358969216826,6.7034149169921875,7.167337894439697,0.015625,3.3641185760498047,True,False,False,False
327,68.52667824074074,1.896480398300105,0.2743681114905847,-2.3732142310828737,7.425521373748779,7.574974060058594,0.0,3.389321804046631,True,False,False,False
328,68.54149305555555,1.4707958052398964,-0.15131648156962396,-4.242730633433178,2.8923027515411377,7.141660213470459,0.0,3.5765504837036133,False,False,False,False
329,69.08181712962963,2.1375375557674436,0.5154252689579233,-1.3145423478714733,0.371025949716568,1.0046470165252686,1.0,3.389280319213867,True,False,False,False
330,69.09663194444444,2.2409660659814916,0.6188537791719713,-0.8603062785654139,1.634106159210205,12.033296585083008,1.0,3.364431858062744,True,False,False,False
331,69.11145833333333,1.8450886488906335,0.22297636208111316,-2.5989158891480373,2.554999351501465,14.010494232177734,1.0,3.3240036964416504,True,False,False,False
332,69.12627314814814,1.9667443967700233,0.344632109960503,-2.0646296598398886,0.46704214811325073,0.7254000902175903,0.98046875,3.3299593925476074,True,False,False,False
333,69.34809027777777,1.822818028026924,0.2007057412174036,-2.696723730150498,3.2099428176879883,5.867395401000977,0.46484375,3.342773914337158,True,False,True,False
334,69.36289351851852,1.7336958105731628,0.11158352376364244,-3.0881295974520446,6.246294975280762,6.432309150695801,0.0,3.390359401702881,True,False,True,False
335,83.32018518518518,2.117851676395597,0.49573938958607644,-1.4009985527244213,1.855344295501709,15.390679359436035,0.3515625,3.593998432159424,True,False,True,False
336,83.33501157407407,1.9544437234561773,0.332331436646657,-2.1186516068285486,20.987201690673828,26.644010543823242,1.0,3.2668728828430176,True,False,True,False
337,83.34982638888889,1.583087616493772,-0.03902467031574841,-3.749568826754748,6.452320098876953,26.798076629638672,1.0,3.2959322929382324,False,False,False,False
338,83.36462962962963,1.5577403456388361,-0.06437194117068423,-3.860888661652827,1.1851681470870972,2.028552532196045,1.0,3.317729949951172,False,False,False,False
339,83.37944444444445,1.53341949047078,-0.08869279633874028,-3.9677006966597785,9.228188514709473,13.304351806640625,1.0,3.290025472640991,False,False,False,False
340,83.39427083333334,1.8994689574486678,0.2773566706391475,-2.3600891134753352,12.070810317993164,13.082880020141602,1.0,3.2710800170898438,True,False,False,False
341,83.40908564814815,1.678730620977617,0.056618334168096585,-3.3295250465296045,10.408117294311523,15.345743179321289,1.0,3.272493600845337,True,False,False,False
342,83.42388888888888,1.8161558298212175,0.19404354301169713,-2.725982690949944,13.807226181030273,15.602521896362305,1.0,3.2516798973083496,True,False,False,False
343,83.43870370370371,1.7746984865635334,0.152586199754013,-2.908054545279765,5.248117446899414,14.482325553894043,0.51953125,3.296184539794922,True,False,False,False
344,83.45353009259259,2.152650621126031,0.5305383343165107,-1.2481689718125586,1.354488492012024,6.830316066741943,0.8671875,3.3150532245635986,True,False,True,False
345,83.46834490740741,1.8571745126856007,0.2350622258760804,-2.545837339983663,19.500192642211914,24.1917724609375,1.0,3.2376322746276855,True,False,True,False
346,83.48314814814815,1.8060267545172561,0.18391446770773578,-2.7704674402927956,8.047407150268555,24.162883758544922,0.28125,3.2902016639709473,True,False,True,False
347,83.49796296296296,2.622295920466669,1.0001836336571486,0.8144135240492445,6.514503479003906,6.868832588195801,0.0,3.325786590576172,True,True,True,False
348,83.51278935185185,2.9701935010282723,1.348081214218752,2.3423058739279057,5.92466926574707,6.1498517990112305,0.0,3.3392856121063232,True,True,True,False
349,83.52760416666666,2.565842623072961,0.9437303362634408,0.5664826212989804,5.544867038726807,5.700489044189453,0.0,3.3479819297790527,True,True,True,False
350,83.54240740740741,2.4113588826092376,0.7892465957997172,-0.11197718533186363,5.3591508865356445,5.4212422370910645,0.0,3.3527731895446777,True,False,True,False
351,83.55722222222222,1.9015385733864172,0.27942628657689683,-2.350999799449726,5.293454170227051,5.344208717346191,0.0,3.355509042739868,True,False,True,False
352,83.57204861111111,1.677360420625697,0.05524813381617655,-3.3355426757184024,4.375875473022461,5.3024821281433105,0.0,3.355001449584961,True,False,True,False
353,83.58686342592593,1.6576577518475897,0.035545465038069324,-3.42207261608093,4.230881690979004,5.446920394897461,0.0,3.3536763191223145,True,False,True,False
354,83.60166666666667,1.6338266969569761,0.011714410147455778,-3.526733552205087,5.197113037109375,5.3024821281433105,0.0,3.360416889190674,True,False,True,False
355,83.61648148148149,1.5156689301229336,-0.10644335668658678,-4.0456573910344655,5.16705322265625,5.21260929107666,0.0,3.361943483352661,False,False,False,False
356,83.63130787037036,1.4736912526990236,-0.14842103411049679,-4.2300144426073185,5.265520095825195,6.28787088394165,0.0,3.3636744022369385,False,False,False,False
357,83.64612268518519,1.5611677814210883,-0.0609445053884321,-3.8458360909998492,5.484283447265625,5.803200721740723,0.0,3.366480827331543,False,False,False,False
358,83.66092592592592,1.522117325791381,-0.09999496101813943,-4.017337405609712,3.5446724891662598,5.3666768074035645,0.42578125,3.3575921058654785,False,False,False,False
359,83.67574074074074,1.6321619367654807,0.01004964995596036,-3.534044825703633,7.014273643493652,20.10577964782715,1.0,3.3171310424804688,True,False,False,False
360,83.69056712962963,1.690656032656096,0.06854374584657563,-3.2771511690128694,4.618306636810303,15.836832046508789,1.0,3.3095502853393555,True,False,False,False
361,83.70538194444444,1.6424395005354093,0.02032721372588897,-3.488907946527541,6.799127101898193,27.279537200927734,1.0,3.2989165782928467,True,False,False,False
362,83.72018518518519,1.6131345981724075,-0.008977688637112902,-3.617608859198715,4.807079315185547,15.326483726501465,1.0,3.3028993606567383,False,False,False,False
363,83.735,1.554359551851065,-0.06775273495845546,-3.8757363905634863,3.6121554374694824,15.862510681152344,1.0,3.305579662322998,False,False,False,False
364,83.74982638888889,1.5236081178779164,-0.09850416893160396,-4.010790163112079,0.5696088075637817,0.6034301519393921,1.0,3.318877935409546,False,False,False,False
365,83.7646412037037,1.5114283104070982,-0.11068397640242211,-4.06428129296592,0.5383327007293701,0.5649133324623108,1.0,3.320481538772583,False,False,False,False
366,83.77944444444445,1.5401619540276026,-0.08195033278191777,-3.9380892274705563,0.5300576686859131,0.5520744323730469,1.0,3.3208534717559814,False,False,False,False
367,83.79425925925926,1.5189792613897308,-0.10313302541978953,-4.031119118563761,0.512653112411499,0.5392354726791382,1.0,3.3212108612060547,False,False,False,False
368,83.80908564814816,1.5201609537323413,-0.10195133307717907,-4.0259293765504065,0.5091943740844727,0.5263965129852295,1.0,3.321347236633301,False,False,False,False
369,83.82390046296297,1.534604517202367,-0.08750776960715334,-3.962496310717598,0.5038882493972778,0.5296062231063843,1.0,3.321350574493408,False,False,False,False
370,83.8387037037037,1.5164380213261803,-0.10567426548334002,-4.042279705671139,0.5010195970535278,0.5263965129852295,1.0,3.3211874961853027,False,False,False,False
371,83.85351851851851,1.5695216519181896,-0.052590634891330756,-3.809147664469852,0.5010195374488831,0.5263965129852295,1.0,3.321038246154785,False,False,False,False
372,83.94408564814815,1.5299758059507074,-0.09213648085881299,-3.9828246283212776,0.49048763513565063,0.5135576128959656,1.0,3.3199973106384277,False,False,False,False
373,83.95890046296296,1.6618833106442175,0.039771023834697106,-3.4035148585107047,5.7016706466674805,6.66340970993042,0.1328125,3.3496503829956055,True,False,False,False
374,83.97372685185185,1.601303967789925,-0.020808319019595345,-3.669566477376046,5.812980651855469,6.714765548706055,0.04296875,3.361440420150757,False,False,False,False
375,83.98854166666666,1.9762031807120557,0.35409089390253534,-2.0230886879226455,6.789341926574707,6.8431549072265625,0.0,3.367307662963867,True,False,False,False
376,84.00334490740741,1.9726774929640658,0.35056520615454545,-2.0385727603600534,6.697258949279785,6.8431549072265625,0.0,3.3686583042144775,True,False,False,False
377,84.01815972222222,1.9728386934589441,0.3507264066494238,-2.0378648019933303,6.544699192047119,6.637732028961182,0.0,3.370108127593994,True,False,False,False
378,84.03298611111111,1.6972534794114946,0.07514119260197427,-3.248176582842902,20.632442474365234,33.0859489440918,0.9765625,3.286665439605713,True,False,False,False
379,84.04780092592593,2.1685256064498786,0.5464133196403582,-1.1784494049458158,22.952877044677734,31.432931900024414,1.0,3.2452340126037598,True,False,True,False
380,84.15300925925926,2.593560236216806,0.9714479494072858,0.6882124965427607,0.4952019155025482,0.5263965129852295,1.0,3.297457456588745,True,True,True,False
381,84.16782407407408,2.1011358974552796,0.47902361064575927,-1.4744107067380965,3.92868709564209,8.187283515930176,0.62109375,3.3011510372161865,True,False,True,False
382,84.18262731481481,2.176644525662916,0.5545322388533955,-1.1427928345987104,6.623852729797363,6.862040042877197,0.0,3.338707447052002,True,False,True,False
383,84.19744212962964,2.237343285557128,0.6152309987476074,-0.876216761434367,6.100401878356934,6.2782416343688965,0.0,3.349778413772583,True,False,True,False
384,84.21226851851851,2.324302775588119,0.7021904887785986,-0.4943091340423611,5.866342544555664,5.995784759521484,0.0,3.3549985885620117,True,False,True,False
385,84.22708333333334,1.6941229971775869,0.0720107103680665,-3.2619249965251633,5.724244594573975,5.7903618812561035,0.0,3.3578362464904785,True,False,True,False
386,84.24188657407407,1.5828462315083156,-0.03926605530120475,-3.7506289383889215,5.64777946472168,5.687650203704834,0.0,3.3599119186401367,False,False,False,False
387,84.25670138888889,1.4838160481554734,-0.13829623865404694,-4.185548489446553,5.626766204833984,5.661972522735596,0.0,3.361955165863037,False,False,False,False
388,84.27152777777778,1.4893638277953545,-0.13274845901416588,-4.161183818508332,5.635454177856445,5.687650203704834,0.0,3.3640565872192383,False,False,False,False
389,84.28634259259259,1.6333621252758708,0.011249838466350415,-3.5287738524462826,5.672053337097168,5.713327884674072,0.0,3.3659720420837402,True,False,False,False
390,84.30114583333334,1.7667432617570529,0.14463097494753252,-2.942992204529264,5.732185363769531,5.777523040771484,0.0,3.3678505420684814,True,False,False,False
391,84.31596064814815,1.7824668722136205,0.1603545854041002,-2.8739374439578325,5.776968002319336,5.828878402709961,0.0,3.369668483734131,True,False,False,False
392,84.33078703703704,1.8445716769847835,0.22245939017526317,-2.6011863200569714,5.773109436035156,5.816039562225342,0.0,3.371802806854248,True,False,False,False
393,84.34560185185185,1.8760417054348877,0.25392941862536733,-2.4629766330515057,5.699885368347168,5.795107841491699,0.0,3.374340057373047,True,False,True,False
394,84.36040509259259,2.046686228163495,0.42457394135397464,-1.7135421000350657,5.678221702575684,5.742215633392334,0.0,3.378431558609009,True,False,True,False
395,84.37521990740741,1.9480700722799014,0.325957785470381,-2.1466433303044834,5.660919189453125,5.828878402709961,0.0,3.3861758708953857,True,False,True,False
396,84.39004629629629,1.9852460818552569,0.3631337950457365,-1.9833741850074422,5.2566423416137695,5.613826274871826,0.0,3.412926197052002,True,False,True,False
397,84.40486111111112,1.5619086276498035,-0.060203659159716816,-3.8425824515710745,2.0962204933166504,5.064152240753174,0.4921875,3.5432281494140625,False,False,False,False
398,85.09010416666666,2.132064408275593,0.5099521214660727,-1.338579250252504,0.21910621225833893,0.770336389541626,0.9765625,3.3819897174835205,True,False,False,False
399,85.10490740740741,1.8027692791166987,0.18065699230717835,-2.7847735810150027,8.08186149597168,25.077659606933594,1.0,3.3101541996002197,True,False,False,False
400,85.11972222222222,1.8028245727959296,0.1807122859864092,-2.7845307429091526,0.8939111232757568,1.0142762660980225,1.0,3.324528217315674,True,False,False,False
401,85.13454861111111,1.6639657730410193,0.04185348623149898,-3.394369125562958,3.0454440116882324,20.452430725097656,1.0,3.3190228939056396,True,False,False,False
402,85.14936342592593,1.7501006865440423,0.12798839973452192,-3.016082863306457,5.593414306640625,21.77484130859375,1.0,3.3060805797576904,True,False,True,False
403,85.16416666666667,1.6848289461690726,0.06271665935955228,-3.3027424963547616,1.1525957584381104,1.116987705230713,1.0,3.3217239379882812,True,False,True,False
404,85.17898148148149,1.7921770571334918,0.1700647703239715,-2.831292372293267,3.775895118713379,9.979065895080566,1.0,3.3107948303222656,True,False,True,False
405,85.19380787037036,1.6316917512642508,0.009579464454730457,-3.536109780651562,0.760004997253418,0.7831753492355347,1.0,3.3220598697662354,True,False,True,False
406,85.20862268518519,1.5383205988643032,-0.08379168794521719,-3.9461760686117713,1.229228138923645,6.371323585510254,1.0,3.322117805480957,False,False,False,False
407,85.22342592592592,1.698250342486555,0.07613805567703458,-3.2437985717518147,10.501866340637207,55.41158676147461,1.0,3.2904224395751953,True,False,False,False
408,85.23824074074074,1.6937426254292778,0.07163033861975743,-3.2635955085287627,0.9990801215171814,1.0816806554794312,1.0,3.3165721893310547,True,False,False,False
409,85.25306712962963,1.47376799387155,-0.14834429293797036,-4.2296774116620774,6.1884589195251465,21.585466384887695,1.0,3.3036985397338867,False,False,False,False
410,85.26788194444444,1.637812087406438,0.015699800596917557,-3.509230563051836,0.8016023635864258,0.8858869075775146,1.0,3.3156909942626953,True,False,False,False
411,85.28268518518519,1.5622598935281045,-0.059852393281415894,-3.8410397663722784,0.7321706414222717,0.8505797386169434,1.0,3.320113182067871,False,False,False,False
412,85.2975,1.4841328096158084,-0.13797947719371195,-4.184157340329618,0.7878390550613403,0.8473699688911438,1.0,3.320852041244507,False,False,False,False
413,85.31232638888889,1.5608047680727495,-0.06130751873677087,-3.8474303685942357,3.049649238586426,7.180177211761475,1.0,3.3097338676452637,False,False,False,False
414,85.3271412037037,1.5306202162078884,-0.091492070601632,-3.979994515215746,0.7842786312103271,0.8987257480621338,1.0,3.3189008235931396,False,False,False,False
415,85.48512731481482,1.6401260201961887,0.01801373338666834,-3.4990682612563293,5.644870758056641,6.701926231384277,0.15625,3.350205898284912,True,False,False,False
416,85.49994212962963,1.755754772368352,0.13364248555883163,-2.991251318164422,6.778307914733887,6.855993747711182,0.0,3.3647851943969727,True,False,False,False
417,85.51474537037036,1.885724007622479,0.2636117208129587,-2.420454016430391,6.785003662109375,6.907349586486816,0.0,3.36715030670166,True,False,False,False
418,85.52956018518519,1.9030512183746064,0.2809389315650861,-2.3443565836452187,6.692999839782715,6.753282070159912,0.0,3.368640661239624,True,False,False,False
419,85.54438657407407,1.9181423381849236,0.2960300513754033,-2.2780795877774564,6.660249710083008,6.714765548706055,0.0,3.3710482120513916,True,False,True,False
420,85.5592013888889,2.0147861702802787,0.3926738834707584,-1.8536403850584136,6.6777191162109375,6.740068435668945,0.0,3.3747544288635254,True,False,True,False
421,85.57400462962963,2.2857600376598217,0.6636477508503014,-0.6635806602454468,6.7501726150512695,6.855993747711182,0.0,3.38101863861084,True,False,True,False
422,85.58881944444444,2.1447605659633533,0.5226482791538329,-1.2828204198154898,6.902284622192383,6.987593173980713,0.0,3.400203227996826,True,False,True,False
423,86.13130787037036,1.9008947975090398,0.2787825106995194,-2.3538271264937762,0.8070476055145264,1.116987705230713,1.0,3.415001630783081,True,False,True,False
424,86.14612268518519,2.0773662826041375,0.4552539957946171,-1.5788018112464863,0.882912814617157,0.9372426271438599,1.0,3.3750624656677246,True,False,True,False
425,86.16092592592592,2.0740024456876105,0.45189015887809014,-1.593575069176893,0.7743484973907471,0.7831753492355347,1.0,3.3549399375915527,True,False,True,False
426,86.17574074074074,1.9217347755845668,0.2996224887750465,-2.2623023650342793,1.1596672534942627,3.7618093490600586,1.0,3.339606285095215,True,False,True,False
427,86.19056712962963,1.8732652127731146,0.2511529259635943,-2.4751703996496213,3.063262462615967,6.169110298156738,1.0,3.3180952072143555,True,False,True,False
428,86.20538194444444,1.940793746951504,0.3186814601419836,-2.1785994071088695,0.9653778672218323,1.145875334739685,1.0,3.323744058609009,True,False,True,False
429,86.22018518518519,1.9499825361752883,0.3278702493657679,-2.1382441947012296,1.0370452404022217,1.312781572341919,1.0,3.323411464691162,True,False,True,False
430,86.235,1.8722330159602265,0.25012072915070616,-2.4797035890194206,0.9190865159034729,1.043163776397705,1.0,3.3234832286834717,True,False,True,False
431,86.24982638888889,1.8158057445955322,0.19369345778601188,-2.727520190972987,0.9732016324996948,1.1715532541275024,1.0,3.322667360305786,True,False,True,False
432,86.2646412037037,1.7718384440626302,0.1497261572531099,-2.920615245042044,0.7913501262664795,0.8473699688911438,1.0,3.3231210708618164,True,False,True,False
433,86.27944444444445,1.671746936446501,0.04963464963698061,-3.360195907050776,1.7627753019332886,1.303152322769165,1.0,3.318511724472046,True,False,True,False
434,86.29425925925926,1.7201148202335705,0.09800253342405019,-3.1477744251342097,3.4874775409698486,10.15239143371582,1.0,3.3106918334960938,True,False,True,False
435,86.30908564814816,1.8045022640167185,0.18238997720719818,-2.7771626790739163,0.9013838171958923,0.9372426271438599,1.0,3.320192337036133,True,False,True,False
436,86.32390046296297,1.7127579323404043,0.09064564553088394,-3.1800843156276657,0.8400591611862183,0.873047947883606,1.0,3.321706533432007,True,False,True,False
437,86.3387037037037,1.644280832001207,0.02216854519168665,-3.480821209460725,5.104983329772949,7.099934101104736,0.2890625,3.346407651901245,True,False,True,False
438,86.35351851851851,2.15781952485083,0.5357072380413095,-1.2254682434958206,7.404858112335205,7.770768642425537,0.0,3.3772377967834473,True,False,True,False
439,86.3683449074074,1.5314965447468731,-0.09061574206264722,-3.9761458662296456,6.8427534103393555,7.998659610748291,0.0,3.462892532348633,False,False,False,False
440,88.09686342592593,2.1032824461100885,0.48117015930056817,-1.464983520544302,6.385517120361328,7.090304851531982,0.06640625,3.3640975952148438,True,False,False,False
441,88.11168981481481,2.764927666973191,1.1428153801636707,1.4408218882159476,7.392821788787842,7.562135219573975,0.0,3.3892602920532227,True,True,False,False
442,93.03528935185186,1.65682709763942,0.03471481082989958,-3.425720673098194,0.9788186550140381,4.535355567932129,0.859375,3.327211380004883,True,False,False,False
443,93.05011574074074,1.7657183777672767,0.14360609095775634,-2.9474932775317386,4.407467365264893,4.519306659698486,0.0,3.3550148010253906,True,False,False,False
444,93.06493055555555,1.8904413354904936,0.2683290486809733,-2.3997365134521473,4.5850510597229,4.74077844619751,0.0,3.3619580268859863,True,False,True,False
445,93.0797337962963,1.9453666568098178,0.32325437000029744,-2.158516157383696,4.6969451904296875,4.801763534545898,0.0,3.3634979724884033,True,False,True,False
446,93.09454861111111,1.764223097340841,0.14211081053132069,-2.9540602318657885,5.22053337097168,6.868832588195801,0.0,3.3669493198394775,True,False,True,False
447,93.109375,2.1795236255795234,0.557411338770003,-1.1301484387106455,6.209638595581055,6.368113994598389,0.0,3.3750267028808594,True,False,True,False
448,93.12418981481481,2.325877298587023,0.7037650117775025,-0.4873941631453236,6.190424919128418,6.265402793884277,0.0,3.384641170501709,True,False,True,False
449,93.13899305555556,1.5459416255539424,-0.07617066125557792,-3.9127061365745206,5.643629550933838,6.137012958526611,0.0,3.4446139335632324,False,False,False,False
450,93.15380787037037,2.0049900993594023,0.38287781254988196,-1.896662649814364,0.887453556060791,2.3475217819213867,0.015625,3.619628429412842,True,False,False,False
451,93.16863425925926,1.6059172674861397,-0.016195019323380633,-3.6493058440535444,3.7254223823547363,23.00737953186035,1.0,3.4507954120635986,False,False,False,False
452,93.18344907407408,2.028056417850324,0.4059441310408036,-1.7953602736804104,1.0615696907043457,1.2967329025268555,1.0,3.3399434089660645,True,False,False,False
453,93.19825231481481,1.8682997057840143,0.24618741897449392,-2.4969778526640063,0.9539432525634766,1.1041488647460938,1.0,3.3331258296966553,True,False,False,False
454,93.21306712962964,1.9974319817777269,0.3753196949682065,-1.9298562983987653,0.9386791586875916,1.1362460851669312,1.0,3.330186605453491,True,False,False,False
455,93.22789351851851,1.8842489239809743,0.26213663717145397,-2.4269322707707865,0.949529767036438,1.052793025970459,1.0,3.3281936645507812,True,False,False,False
456,93.24270833333334,1.825868543778041,0.20375625696852073,-2.6833265122917465,0.88638836145401,0.966130256652832,1.0,3.32745099067688,True,False,True,False
457,93.25751157407407,1.7726495769500779,0.1505372901405575,-2.917052921522963,0.8490821123123169,0.9372426271438599,1.0,3.3271684646606445,True,False,True,False
458,93.27232638888889,1.9316301390528121,0.30951785224329176,-2.2188440284801865,0.8068972826004028,0.8505797386169434,1.0,3.326801061630249,True,False,True,False
459,93.28715277777778,1.832141256124316,0.21002896931479564,-2.655778090737933,1.0917110443115234,1.0046470165252686,1.0,3.3253870010375977,True,False,True,False
460,93.30196759259259,1.9056241075374658,0.28351182072794545,-2.3330570004096223,0.8057389855384827,0.8602089881896973,1.0,3.325404644012451,True,False,True,False
461,93.31677083333334,1.7905181171846807,0.16840583037516033,-2.838578084521001,1.2445746660232544,1.145875334739685,1.0,3.324227809906006,True,False,True,False
462,93.33158564814815,1.8656905211336405,0.24357823432412018,-2.5084368379788553,5.503640174865723,14.601083755493164,1.0,3.3116254806518555,True,False,True,False
463,93.34641203703704,1.8253444421220517,0.20323215531253136,-2.685628255550358,0.9566514492034912,1.0142762660980225,1.0,3.323432445526123,True,False,True,False
464,93.36122685185185,1.6247046589996632,0.0025923721901428554,-3.566795607215019,2.6509902477264404,6.586375713348389,0.6796875,3.3314480781555176,True,False,True,False
465,93.37603009259259,1.7129427378927282,0.09083045108320786,-3.1792726888576404,6.346721649169922,6.689087390899658,0.0,3.3603198528289795,True,False,True,False
466,93.39084490740741,1.8459549890232463,0.22384270221372593,-2.5951111071231807,6.153262138366699,6.2782416343688965,0.0,3.3733773231506348,True,False,True,False
467,93.40567129629629,1.4699589203665784,-0.15215336644294197,-4.246406054209625,5.548434257507324,6.239724636077881,0.0,3.445413589477539,False,False,False,False
468,94.09317129629629,2.3086849940209775,0.6865727072114571,-0.5628991165883481,1.7561932802200317,7.417697429656982,1.0,3.3638501167297363,True,False,False,False
469,94.10798611111112,1.795421586240921,0.17330929943140072,-2.8170430889432727,4.251293659210205,11.779727935791016,1.0,3.3187928199768066,True,False,False,False
470,94.12278935185185,1.8879850924476376,0.2658728056381172,-2.4105238116810233,0.8406496047973633,0.927613377571106,1.0,3.327937364578247,True,False,False,False
471,94.13760416666666,1.798620240261813,0.17650795345229264,-2.802995279238646,1.4042985439300537,4.551403999328613,1.0,3.3270785808563232,True,False,False,False
472,94.15243055555555,1.860968734531149,0.23885644772162862,-2.5291739227727774,2.8248677253723145,8.907013893127441,1.0,3.318140983581543,True,False,True,False
473,94.16724537037037,1.6124206273883022,-0.00969165942121819,-3.620744467377738,19.379409790039062,39.06247329711914,1.0,3.284085273742676,False,False,False,False
474,94.18204861111111,1.9077954050424217,0.2856831182329014,-2.3235211225176937,1.1899476051330566,1.1298266649246216,1.0,3.3181283473968506,True,False,False,False
475,94.19686342592593,1.7953127301811267,0.17320044337160634,-2.817521161658608,0.8215416669845581,0.8602089881896973,1.0,3.3237032890319824,True,False,False,False
476,94.21168981481482,1.8478055077425544,0.225693220933034,-2.586984021588484,0.7814260721206665,0.8088532090187073,1.0,3.324812889099121,True,False,False,False
477,94.22650462962963,1.8686089965842463,0.24649670977472593,-2.4956195131009675,0.6445047855377197,0.7574974298477173,1.0,3.325869083404541,True,False,False,False
478,94.24130787037036,1.8015910191029658,0.17947873229344546,-2.789948248968267,0.5758464932441711,0.6034301519393921,1.0,3.3262524604797363,True,False,True,False
479,94.25612268518519,1.7294828187391915,0.10737053192967116,-3.1066321635889946,0.5534053444862366,0.5777522325515747,1.0,3.3266353607177734,True,False,True,False
480,94.27094907407407,1.7583977415216665,0.13628545471214615,-2.9796439584817365,0.5424953699111938,0.5649133324623108,1.0,3.3266186714172363,True,False,True,False
481,94.2857638888889,1.7555023689265634,0.13339008211704306,-2.992359820520688,0.5358251333236694,0.5552841424942017,1.0,3.3264942169189453,True,False,True,False
482,94.30056712962963,1.7235658188455978,0.10145353203607743,-3.132618371532898,0.5278648138046265,0.5649133324623108,1.0,3.3264853954315186,True,False,True,False
483,94.31538194444444,1.6444890769603902,0.022376790150869796,-3.479906641789621,5.076196193695068,6.535020351409912,0.23828125,3.3441615104675293,True,False,True,False
484,94.33020833333333,1.7863005906608986,0.16418830385137828,-2.8571005660533375,6.202812671661377,6.522181034088135,0.0,3.3584375381469727,True,False,True,False
485,94.34502314814814,1.6988913737679892,0.0767790869584688,-3.240983298390743,5.924774646759033,6.0086236000061035,0.0,3.3623666763305664,True,False,True,False
486,94.35982638888889,1.6242163397972906,0.0021040529877702774,-3.5689402015303906,5.854405403137207,5.880234241485596,0.0,3.3658676147460938,True,False,True,False
487,94.3746412037037,1.6125255097149345,-0.009586777094585885,-3.6202838464552234,5.942172527313232,6.0343017578125,0.0,3.370266914367676,False,False,False,False
488,94.3894675925926,1.8854449444488641,0.26333265763934377,-2.421679602671637,6.079215049743652,6.1498517990112305,0.0,3.3804829120635986,True,False,False,False
489,94.40428240740741,1.4026818381542148,-0.2194304486553056,-4.541872723073757,4.0675129890441895,6.0086236000061035,0.0,3.5065722465515137,False,False,False,False
490,95.08737268518519,2.215607965348634,0.5934956785391134,-0.9716736755500446,0.12403741478919983,0.5520744323730469,0.97265625,3.383967876434326,True,False,False,False
491,95.1021875,1.9212612371316564,0.29914895032213606,-2.264382045434491,3.8178796768188477,6.3841633796691895,1.0,3.3369593620300293,True,False,False,False
492,95.11701388888889,1.9112598645161682,0.2891475777066479,-2.308305951668109,0.9286200404167175,1.0784709453582764,1.0,3.3276195526123047,True,False,False,False
493,95.1318287037037,1.8367723146726551,0.21466002786313476,-2.6354394643053336,2.2791123390197754,8.412714958190918,1.0,3.3245153427124023,True,False,False,False
494,95.14663194444445,1.8688044431612028,0.2466921563516824,-2.494761153208784,5.298369884490967,22.12470245361328,1.0,3.3120412826538086,True,False,True,False
495,95.16144675925926,1.7349864698647604,0.11287418305524,-3.0824612957215516,1.0484957695007324,1.271054983139038,1.0,3.324920892715454,True,False,True,False
496,95.17627314814816,1.7290629238106185,0.10695063700109819,-3.1084762530134853,1.2871538400650024,1.303152322769165,1.0,3.3243627548217773,True,False,True,False
497,95.19108796296297,1.8254212241077372,0.20330893729821686,-2.6852910453623826,1.1589651107788086,1.3609275817871094,1.0,3.3245863914489746,True,False,True,False
498,95.2058912037037,1.6408222377668378,0.018709950957317423,-3.4960106214235696,5.550597667694092,22.55801773071289,1.0,3.3133432865142822,True,False,True,False
499,95.22070601851851,1.7578843439561775,0.1357720571466572,-2.981898691646281,1.2098191976547241,1.3866055011749268,1.0,3.3190536499023438,True,False,True,False
500,95.2355324074074,1.8754314936582073,0.2533192068486869,-2.4656565536876043,0.9530906677246094,1.1330363750457764,1.0,3.3231961727142334,True,False,True,False
501,95.25034722222222,1.6508731587567158,0.028760871947195454,-3.451869109243808,2.6593899726867676,8.383827209472656,1.0,3.318028211593628,True,False,True,False
502,95.26515046296296,1.8415859446106293,0.21947365780110895,-2.614299023071149,0.8779126405715942,0.9532912969589233,1.0,3.3218696117401123,True,False,True,False
503,95.27996527777778,1.8567623911618862,0.23465010435236588,-2.5476472902635336,0.9195890426635742,1.1201974153518677,1.0,3.3231372833251953,True,False,True,False
504,95.29479166666667,1.7665497551689924,0.14443746835947202,-2.9438420444018827,0.8583406209945679,0.966130256652832,1.0,3.3233652114868164,True,False,True,False
505,95.30960648148148,1.5667416794890154,-0.055370607320504917,-3.8213567134679858,1.8772435188293457,8.075693130493164,1.0,3.3208084106445312,False,False,False,False
506,95.32440972222223,1.7439739209093894,0.12186163409986905,-3.0429903178727526,5.885627269744873,12.418464660644531,1.0,3.305049419403076,True,False,False,False
507,95.33922453703704,1.700586189751442,0.07847390294192169,-3.2335400262317657,1.7170652151107788,6.7885894775390625,1.0,3.314249038696289,True,False,False,False
508,95.35405092592593,1.849607581574583,0.22749529476506258,-2.579069695718703,0.7305155992507935,0.7574974298477173,1.0,3.3214619159698486,True,False,False,False
509,95.36886574074074,1.892431074930646,0.27031878812112575,-2.390998000054172,0.714594841003418,0.7446585297584534,1.0,3.3223581314086914,True,False,False,False
510,95.38366898148148,1.8204251513269116,0.19831286451739127,-2.7072327368479567,0.7022799849510193,0.7221903800964355,1.0,3.3227834701538086,True,False,True,False
511,95.39848379629629,1.850370895022812,0.22825860821329158,-2.5757173850293733,0.6943057775497437,0.718980610370636,1.0,3.3226842880249023,True,False,True,False
512,95.41331018518518,1.8432581096696476,0.2211458228601273,-2.6069552289657567,0.6872814297676086,0.7062667012214661,1.0,3.3227286338806152,True,False,True,False
513,95.428125,1.760332255855865,0.1382199690463446,-2.971147982030331,0.6765519380569458,0.6933027505874634,1.0,3.322819709777832,True,False,True,False
514,95.44292824074074,1.6989019346151584,0.07678964780563802,-3.2409369173909903,0.6566916704177856,0.6804637908935547,1.0,3.322640895843506,True,False,True,False
515,95.45774305555555,1.6856327976771805,0.0635205108676602,-3.2992121511086294,0.6486740708351135,0.6804637908935547,1.0,3.322549343109131,True,False,True,False
516,95.47256944444445,1.7065308986696626,0.08441861186014221,-3.2074321261315633,0.6444545984268188,0.6676248908042908,1.0,3.32235050201416,True,False,True,False
517,95.48738425925926,1.687398877790217,0.06528659098069656,-3.2914559020147864,0.6202310919761658,0.6708346009254456,1.0,3.3222036361694336,True,False,True,False
518,95.5021875,1.7107232285199494,0.08861094171042905,-3.1890203030424775,0.5339404344558716,0.5649133324623108,1.0,3.322646141052246,True,False,True,False
519,95.51700231481482,1.6694670371981188,0.04735475038859849,-3.370208740754517,0.5218327045440674,0.5392354726791382,1.0,3.3226590156555176,True,False,True,False
520,95.53182870370371,1.632426981566261,0.010314694756740739,-3.5328808051811746,0.6842753291130066,1.1587142944335938,1.0,3.321688413619995,True,False,True,False
521,95.54664351851852,1.6345797132246198,0.012467426415099458,-3.523426464547824,0.5126140117645264,0.5392354726791382,1.0,3.322026252746582,True,False,True,False
522,95.56144675925925,1.6621762358990835,0.04006394908956312,-3.402228392950141,0.5154632925987244,0.5392354726791382,1.0,3.32204008102417,True,False,True,False
523,95.57626157407407,1.6605915413548407,0.03847925454532031,-3.4091880351159025,0.5157141089439392,0.5392354726791382,1.0,3.321854591369629,True,False,True,False
524,95.59108796296296,1.6121964569735663,-0.00991582983595407,-3.621728976270244,0.5045121908187866,0.5263965129852295,1.0,3.321967601776123,False,False,False,False
525,95.60590277777777,1.6417033914714736,0.01959110466195324,-3.492140781333831,4.700807571411133,16.61037826538086,1.0,3.310195207595825,True,False,False,False
526,95.62070601851852,1.9197459997575805,0.2976337129480602,-2.271036646447708,20.051435470581055,30.495691299438477,0.98828125,3.2563748359680176,True,False,False,False
527,95.63552083333333,2.285900955178404,0.6637886683688838,-0.6629617804065626,5.785547256469727,7.424116611480713,0.0625,3.3220465183258057,True,False,False,False
528,95.65034722222222,1.975520573706985,0.3534082868974646,-2.0260865530395504,5.675512790679932,6.021462440490723,0.0,3.341261863708496,True,False,False,False
529,95.66516203703704,1.6589644177614993,0.03685213095197892,-3.416334016661851,5.289770603179932,5.392354488372803,0.0,3.347205638885498,True,False,True,False
530,95.67996527777778,1.9246916144248942,0.30257932761537387,-2.2493165562894544,5.142546653747559,5.199770450592041,0.0,3.351799249649048,True,False,True,False
531,95.6947800925926,1.9686147779553516,0.3465024911458312,-2.056415342569252,5.076094627380371,5.109898090362549,0.0,3.3560903072357178,True,False,True,False
532,95.70960648148149,1.8350323194476386,0.2129200326381182,-2.643081154106213,5.049530029296875,5.071381092071533,0.0,3.3594589233398438,True,False,True,False
533,95.7244212962963,1.938761609995823,0.31664932318630257,-2.1875241213982837,5.089486122131348,5.122736930847168,0.0,3.3615989685058594,True,False,True,False
534,95.73922453703703,1.9498792839979753,0.3277669971884549,-2.1386976563538522,5.158244609832764,5.199770450592041,0.0,3.363039016723633,True,False,True,False
535,95.75403935185186,1.8089332824987352,0.18682099568921484,-2.7577025861640565,5.221714019775391,5.263965129852295,0.0,3.3644678592681885,True,False,True,False
536,95.76886574074074,1.7717478099140287,0.14963552310450834,-2.9210132909901145,5.286132335662842,5.328160285949707,0.0,3.3661718368530273,True,False,True,False
537,95.78368055555555,1.7363702939589172,0.11425800714939682,-3.076383833947811,5.388092041015625,5.456549644470215,0.0,3.3687376976013184,True,False,True,False
538,95.7984837962963,1.820338994516932,0.19822670770741158,-2.7076111192748926,5.524653434753418,5.62345552444458,0.0,3.372812032699585,True,False,True,False
539,95.81329861111111,2.186573038513195,0.5644607517036746,-1.099188912993032,5.664480209350586,5.78073263168335,0.0,3.379915237426758,True,False,True,False
540,95.828125,1.884852208485818,0.26273992167629756,-2.424282773242626,5.617525100708008,5.777523040771484,0.0,3.4122910499572754,True,False,True,False
541,96.11688657407407,2.0011342649917654,0.37902197818224503,-1.9135966561480715,9.04352855682373,17.762672424316406,1.0,3.3052735328674316,True,False,True,False
542,96.13170138888889,1.7386607882616534,0.11654850145213302,-3.0663244690136198,1.1256669759750366,1.4283320903778076,1.0,3.324610471725464,True,False,True,False
543,96.14652777777778,1.6431659080900185,0.021053621280498147,-3.48571771869155,1.817612648010254,9.093178749084473,1.0,3.3238134384155273,True,False,True,False
544,96.16134259259259,1.827476285077631,0.20536399826811058,-2.6762656536670275,0.9780162572860718,1.1972310543060303,1.0,3.325582504272461,True,False,True,False
545,96.17614583333334,1.5908826129721787,-0.031229673837341654,-3.7153348563216597,1.4960423707962036,3.450465202331543,1.0,3.324850082397461,False,False,False,False
546,96.19096064814815,1.9337273390051586,0.31161505219563823,-2.2096335713158006,8.237090110778809,46.662391662597656,0.9921875,3.305065870285034,True,False,False,False
547,96.20578703703704,1.85304354573477,0.23093125892524968,-2.563979670239559,1.0788722038269043,1.248586893081665,1.0,3.323235273361206,True,False,False,False
548,96.22060185185185,1.766180511720449,0.14406822491092863,-2.945463683274339,3.8786792755126953,20.275896072387695,1.0,3.314549446105957,True,False,False,False
549,96.23540509259259,1.8570854417696538,0.2349731549601335,-2.5462285205456325,0.8002269864082336,0.8345310688018799,1.0,3.32403564453125,True,False,False,False
550,96.25021990740741,1.9052574277512857,0.28314514094176535,-2.334667380220989,0.7571965456008911,0.7831753492355347,1.0,3.3249149322509766,True,False,True,False
551,96.26504629629629,1.73918467575676,0.11707238894723959,-3.064023666304161,0.7413226366043091,0.7607071399688721,1.0,3.325098991394043,True,False,True,False
552,96.27986111111112,1.8535328740446875,0.23142058723516712,-2.5618306441379834,0.733073353767395,0.7574974298477173,1.0,3.3251752853393555,True,False,True,False
553,96.29466435185185,1.7006367061041678,0.07852441929464749,-3.2333181691301762,2.5297598838806152,7.513989448547363,1.0,3.3176093101501465,True,False,True,False
554,96.30947916666666,1.7841630366504728,0.16205074984095247,-2.866488249677667,1.0229525566101074,1.1940213441848755,1.0,3.3216776847839355,True,False,True,False
555,96.32430555555555,1.8250208732379825,0.2029085864284621,-2.6870493014277974,0.9928111433982849,1.1587142944335938,1.0,3.3220927715301514,True,False,True,False
556,96.33912037037037,1.5390750796574404,-0.08303720715207996,-3.9428625490693134,1.439962387084961,6.364904403686523,1.0,3.320892810821533,False,False,False,False
557,96.35392361111111,1.8113559430047534,0.1892436561952331,-2.74706277531075,0.8821254372596741,1.0142762660980225,1.0,3.321523427963257,True,False,False,False
558,96.36873842592593,1.6046870582725379,-0.017425228536982473,-3.6547086618690012,5.66059684753418,29.95645523071289,1.0,3.3117103576660156,False,False,False,False
559,96.38356481481482,1.93762987817778,0.31551759136825974,-2.1924944473893717,3.977811813354492,7.504360198974609,1.0,3.305131435394287,True,False,False,False
560,96.39837962962963,2.0459775968193323,0.423865310009812,-1.7166542585268914,16.841428756713867,36.24432373046875,1.0,3.2766377925872803,True,False,False,False
561,96.41318287037036,1.9138118929712935,0.29169960616177315,-2.2970979842342336,11.88464641571045,27.10300064086914,0.80859375,3.27371883392334,True,False,False,False
562,96.42799768518519,2.529995305752735,0.9078830189432148,0.40904881043766084,6.315217018127441,7.087095260620117,0.0,3.3302347660064697,True,True,False,False
563,96.44282407407407,2.1664055225608165,0.5442932357512962,-1.1877603635042797,5.223241806030273,5.456549644470215,0.0,3.3410987854003906,True,False,True,False
564,96.4576388888889,1.7087863491220987,0.08667406231257835,-3.197526666351577,4.9070329666137695,5.007186412811279,0.0,3.3460049629211426,True,False,True,False
565,96.47244212962963,1.7655036660245045,0.14339137921498413,-2.9484362459441122,4.801952362060547,4.853119373321533,0.0,3.3496837615966797,True,False,True,False
566,96.48725694444444,1.921749327672974,0.29963704086345366,-2.2622384553499515,4.7450408935546875,4.776085376739502,0.0,3.352661609649658,True,False,True,False
567,96.50208333333333,1.9125917884423438,0.29047950163282343,-2.3024564244189145,4.704067230224609,4.7375688552856445,0.0,3.3552775382995605,True,False,True,False
568,96.51689814814814,1.86197608939657,0.23986380258704965,-2.5247498339647865,4.70377254486084,4.724730014801025,0.0,3.3576717376708984,True,False,True,False
569,96.53170138888889,1.943361361361871,0.32124907455235063,-2.1673229894669155,4.732252597808838,4.763246536254883,0.0,3.359616756439209,True,False,True,False
570,96.5465162037037,1.8605876798503236,0.23847539304080323,-2.5308474340710703,4.792210578918457,4.840280055999756,0.0,3.3612771034240723,True,False,True,False
571,96.5613425925926,1.9299279130176834,0.30781562620816305,-2.2263198440137093,4.861093521118164,4.90447473526001,0.0,3.3629016876220703,True,False,True,False
572,96.57615740740741,1.863365251300113,0.24125296449059275,-2.5186489296649057,4.948508262634277,4.99434757232666,0.0,3.3645710945129395,True,False,True,False
573,96.59096064814815,1.6970358487107084,0.0749235619011881,-3.2491323706994693,5.045917510986328,5.109898090362549,0.0,3.366637706756592,True,False,True,False
574,96.60578703703703,1.7414046493470745,0.11929236253755415,-3.054274013374414,5.184022903442383,5.263965129852295,0.0,3.3694496154785156,True,False,True,False
575,96.62060185185184,1.9085918296945983,0.28647954288507793,-2.3200233944468316,5.3031840324401855,5.4437103271484375,0.0,3.3741111755371094,True,False,True,False
576,96.63541666666667,1.8952876598369304,0.27317537302741,-2.378452485313756,5.464942932128906,5.538510799407959,0.0,3.3872931003570557,True,False,True,False
577,96.6502199074074,1.3578374440184664,-0.26427484279105395,-4.738819786127048,3.1257567405700684,5.3024821281433105,0.0,3.5351388454437256,False,False,False,False
578,96.9699074074074,1.798386552474815,0.1762742656652947,-2.804021586410538,3.4007644653320312,17.746623992919922,1.0,3.418708562850952,True,False,False,False
579,96.98472222222222,2.2476258866920666,0.6255135998825463,-0.8310577592200796,17.134876251220703,30.036701202392578,1.0,3.2907090187072754,True,False,False,False
580,96.99952546296296,1.9586639806150945,0.33655169380557415,-2.1001171329261394,21.993797302246094,49.09806442260742,1.0,3.2757678031921387,True,False,False,False
581,97.01434027777778,1.6876618013332543,0.06554951452373392,-3.2903011976062038,4.079371929168701,27.192874908447266,0.984375,3.308407783508301,True,False,False,False
582,97.02916666666667,1.833336815365516,0.21122452855599572,-2.650527448248533,1.0226316452026367,1.2357478141784668,1.0,3.322688102722168,True,False,True,False
583,97.04398148148148,1.82141955831509,0.1993072715055697,-2.7028655123692724,1.0072047710418701,1.1555044651031494,1.0,3.3238461017608643,True,False,True,False
584,97.05878472222223,1.8015809179405946,0.17946863113107425,-2.7899926111299327,0.9872944355010986,1.1587142944335938,1.0,3.324090003967285,True,False,True,False
585,97.07359953703704,1.7814423939215398,0.15933010711201945,-2.878436735222118,0.8277998566627502,0.9115647673606873,1.0,3.3246755599975586,True,False,True,False
586,97.08842592592593,1.781810762483761,0.15969847567424056,-2.876818938664738,0.775301456451416,0.8505797386169434,1.0,3.32487154006958,True,False,True,False
587,97.10324074074074,1.6326958147726827,0.01058352796316231,-3.5317001467850404,3.0566205978393555,17.42885971069336,0.9921875,3.3153555393218994,True,False,True,False
588,97.11804398148148,1.7137787971404657,0.0916665103309453,-3.175600894053545,1.0330991744995117,0.9853886365890503,1.0,3.322152853012085,True,False,True,False
589,97.13285879629629,1.6749613069963007,0.05284902018678039,-3.346079073686237,1.729445219039917,5.1163177490234375,1.0,3.3180136680603027,True,False,True,False
590,97.14768518518518,1.8683908965645173,0.24627860975499694,-2.496577362106742,0.7679290771484375,0.7831753492355347,1.0,3.3223876953125,True,False,True,False
591,97.1625,1.8014663963945967,0.17935410958507636,-2.7904955654584565,0.7625669836997986,0.7831753492355347,1.0,3.3225183486938477,True,False,True,False
592,97.17730324074074,1.8591021058342103,0.23698981902468996,-2.5373717599106866,0.808301568031311,1.0142762660980225,1.0,3.3222455978393555,True,False,True,False
593,97.19211805555555,1.7335768865846952,0.11146459977517487,-3.0886518863736963,0.7527638673782349,0.770336389541626,1.0,3.322171688079834,True,False,True,False
594,97.20694444444445,1.7893808719151063,0.16726858510558595,-2.8435726244212596,0.7609579563140869,0.7960142493247986,1.0,3.3219218254089355,True,False,True,False
595,97.22175925925926,1.774335152476801,0.1522228656672806,-2.9096502314891155,0.755942702293396,0.770336389541626,1.0,3.3216450214385986,True,False,True,False
596,97.2365625,1.7562470103151948,0.13413472350567446,-2.989089513554896,6.484921932220459,16.424213409423828,1.0,3.3005967140197754,True,False,True,False
597,97.25137731481482,2.1806901496763973,0.5585778628668769,-1.1250253124138612,2.8144359588623047,11.532577514648438,1.0,3.3019962310791016,True,False,True,False
598,97.26620370370371,2.0564776615846188,0.4343653747750984,-1.6705402021939504,5.711422443389893,18.077228546142578,0.984375,3.294552803039551,True,False,True,False
599,97.28101851851852,2.4460901314195653,0.823977844610045,0.04055508946398145,0.5322930812835693,0.7061417102813721,1.0,3.3053202629089355,True,True,True,False
600,97.29582175925925,2.164040164113309,0.5419278773037888,-1.198148515876117,0.5309102535247803,0.593800961971283,1.0,3.310502052307129,True,False,True,False
601,97.31063657407407,2.2111551419243396,0.5890428551148192,-0.9912295311393735,0.49505147337913513,0.5263965129852295,1.0,3.3119170665740967,True,False,True,False
602,97.32898148148148,2.102820340528896,0.48070805371937575,-1.467012990197987,0.47457200288772583,0.5007186532020569,1.0,3.312304973602295,True,False,True,False
603,97.34379629629629,2.051649707511906,0.42953742070238543,-1.6917435519883233,0.7885415554046631,1.0142762660980225,1.0,3.3107714653015137,True,False,True,False
604,97.35862268518518,1.9046010055756362,0.2824887187661158,-2.3375502471235023,0.8343304395675659,1.0142762660980225,1.0,3.3090262413024902,True,False,True,False
605,97.3734375,1.889356777698739,0.26724449088921864,-2.404499661130117,0.7352855801582336,0.8987257480621338,1.0,3.308136463165283,True,False,True,False
606,97.38824074074074,1.8654598183569575,0.24334753154743716,-2.509450035618864,0.6529804468154907,0.6965124607086182,1.0,3.3076987266540527,True,False,True,False
607,97.40305555555555,1.815019207378127,0.1929069205686067,-2.730974495528449,0.6899259090423584,0.9091914892196655,1.0,3.3066844940185547,True,False,True,False
608,97.41788194444445,1.7479229003839023,0.12581061357438195,-3.0256472379950594,23.255464553833008,35.93939971923828,1.0,3.2420732975006104,True,False,True,False
609,97.43269675925926,1.891739985692599,0.2696276988830786,-2.394033117338377,9.610086441040039,23.443904876708984,1.0,3.2591729164123535,True,False,True,False
610,97.4475,1.2648265172196191,-0.3572857695899012,-5.147304039687182,2.077273368835449,6.2461442947387695,0.15625,3.2919669151306152,False,False,False,False
611,97.46231481481482,1.6176109754477033,-0.004501311361817084,-3.5979495600939195,5.413017272949219,5.905912399291992,0.00390625,3.3077919483184814,False,False,False,False
612,97.47714120370371,1.7963705417708635,0.17425825496134317,-2.8128754776243508,5.456448554992676,5.546422004699707,0.0,3.316249132156372,True,False,False,False
613,97.49195601851852,2.0951870943372723,0.473074807527752,-1.5005365876949726,5.2942914962768555,5.4212422370910645,0.0,3.322784662246704,True,False,False,False
614,97.50675925925925,2.445396246459267,0.8232839596497465,0.03750769396090137,5.215167045593262,5.3024821281433105,0.0,3.329611301422119,True,True,False,False
615,97.52157407407407,2.6503697235729544,1.028257436763434,0.9377077100244704,5.183270454406738,5.215818881988525,0.0,3.336854934692383,True,True,False,False
616,97.53640046296296,2.6663636875600196,1.0442514007504993,1.0079498059327645,5.132063865661621,5.174092769622803,0.0,3.3442955017089844,True,True,True,False
617,97.55121527777777,2.568963840127575,0.9468515533180548,0.5801903442798566,5.003124237060547,5.071381092071533,0.0,3.3503286838531494,True,True,True,False
618,97.56601851851852,2.3306457448874824,0.7085334580779621,-0.4664521588591244,4.878345489501953,4.930152416229248,0.0,3.3540940284729004,True,False,True,False
619,97.58083333333333,1.959610023867647,0.3374977370581267,-2.0959623117115282,4.807153701782227,4.840280055999756,0.0,3.3560900688171387,True,False,True,False
620,97.59565972222222,2.0023523832474623,0.380240096437942,-1.9082469392540289,4.773176670074463,4.801763534545898,0.0,3.357314348220825,True,False,True,False
621,97.61047453703704,1.9832479009706738,0.3611356141611535,-1.99214977143808,4.776185512542725,4.801763534545898,0.0,3.3582499027252197,True,False,True,False
622,97.62527777777778,1.8718879179337755,0.24977563112425516,-2.4812191863217117,4.780494689941406,4.801763534545898,0.0,3.3591392040252686,True,False,True,False
623,97.6400925925926,1.9871651815026137,0.3650528946930933,-1.9749459065896446,4.782304286956787,4.814602375030518,0.0,3.3599209785461426,True,False,True,False
624,97.65491898148149,1.9270859429238716,0.30497365611435123,-2.238801173599013,4.787378311157227,4.814602375030518,0.0,3.3609111309051514,True,False,True,False
625,97.6697337962963,1.8805273409225236,0.25841505411300325,-2.4432766738427074,4.791833877563477,4.827441215515137,0.0,3.36220645904541,True,False,True,False
626,97.68453703703703,1.7611213163507276,0.1390090295412072,-2.967682595775716,4.790379047393799,4.827441215515137,0.0,3.36335825920105,True,False,True,False
627,97.69935185185186,1.75377514117976,0.1316628543702396,-2.999945438266517,4.816952228546143,4.843489646911621,0.0,3.3648016452789307,True,False,True,False
628,97.71417824074074,1.706338393953003,0.08422610714348266,-3.208277565997586,4.824832916259766,4.853119373321533,0.0,3.366363525390625,True,False,True,False
629,97.72899305555555,1.7274341858711195,0.10532189906159917,-3.1156293244251936,4.842988014221191,4.8787970542907715,0.0,3.3682408332824707,True,False,True,False
630,97.7437962962963,1.785893960485545,0.1637816736760247,-2.858886399496472,4.866718769073486,4.891636371612549,0.0,3.3707733154296875,True,False,True,False
631,97.75861111111111,1.9302920807684063,0.30817979395888595,-2.224720496529016,4.802314758300781,4.8787970542907715,0.0,3.374192237854004,True,False,True,False
632,97.7734375,2.1137228577667595,0.49161057095723915,-1.4191314480059967,4.669361591339111,4.763246536254883,0.0,3.3812320232391357,True,False,True,False
633,97.78825231481481,1.6438862376419092,0.021773950832388866,-3.4825541841537455,4.3557209968566895,4.5321455001831055,0.0,3.414653778076172,True,False,True,False
634,98.35098379629629,1.8253021901184603,0.20318990330893993,-2.6858138173842465,0.23597490787506104,0.6676248908042908,0.9765625,3.403057098388672,True,False,True,False
635,98.36579861111112,2.338578597740328,0.7164663109308076,-0.4316127524826565,0.7330231666564941,0.8345310688018799,1.0,3.3813395500183105,True,False,True,False
636,98.38060185185185,2.183530597252861,0.5614183104433408,-1.1125506694016716,0.8233972191810608,0.8473699688911438,1.0,3.359867572784424,True,False,True,False
637,98.39541666666666,1.9294023805319935,0.3072900937224732,-2.228627871172743,0.6421787142753601,0.6676248908042908,1.0,3.347743511199951,True,False,True,False
638,98.41024305555555,1.9041982330447773,0.28208594623525696,-2.3393191386106094,0.6391384601593018,0.6676248908042908,1.0,3.3402485847473145,True,False,True,False
639,98.42505787037037,1.9906723569852212,0.3685600701757008,-1.9595431360934896,0.630662739276886,0.6547859311103821,1.0,3.3355345726013184,True,False,True,False
640,98.43986111111111,1.8269225892142,0.20481030240467968,-2.6786973684048245,3.3824806213378906,6.920188903808594,0.55078125,3.3482484817504883,True,False,True,False
641,99.16915509259259,1.851553485484014,0.22944119867449375,-2.5705236986697457,2.8411569595336914,6.759701728820801,0.0078125,3.3534960746765137,True,False,True,False
642,99.18395833333334,1.970414125255227,0.3483018384457066,-2.0485129910501167,0.4492124319076538,0.5007186532020569,0.8125,3.3547167778015137,True,False,True,False
643,99.19877314814815,1.7909427873816992,0.16883050057217885,-2.83671302313081,4.841935157775879,20.436382293701172,1.0,3.32907772064209,True,False,True,False
644,99.21359953703704,1.8738251868675708,0.25171290005805047,-2.4727111122534033,0.5329277515411377,0.7061417102813721,1.0,3.327888011932373,True,False,True,False
645,168.2508564814815,1.736463831943378,0.1143515451338577,-3.075973034968841,1.961251974105835,6.740443229675293,0.734375,3.327556610107422,True,False,True,False
646,168.2656712962963,2.542596224707282,0.9204839378977618,0.46438937256808455,6.836233615875244,7.215483665466309,0.0,3.379746913909912,True,True,True,False
647,168.2804976851852,2.7081398051363803,1.08602751832686,1.1914216494262275,7.292417526245117,7.4080681800842285,0.0,3.3984079360961914,True,True,True,False
648,168.2953125,1.3845080889738373,-0.2376041978356831,-4.621687973000152,5.2575507164001465,7.384117603302002,0.0,3.5230355262756348,False,False,False,False
649,221.2892361111111,2.5614575485282636,0.9393452617187432,0.5472243044125116,6.124825954437256,6.612053394317627,0.03515625,3.3115386962890625,True,True,False,False
650,221.30403935185186,2.821499381783644,1.1993870949741237,1.6892728551323524,6.7090983390808105,6.753282070159912,0.0,3.329270362854004,True,True,False,False
651,221.31885416666665,2.5424713881336958,0.9203591013241754,0.46384111682724294,6.704283714294434,6.753282070159912,0.0,3.33290433883667,True,True,False,False
652,221.33368055555556,2.5557333357601606,0.9336210489506402,0.5220847766142906,6.643348693847656,6.714765548706055,0.0,3.334401845932007,True,True,False,False
653,221.34849537037036,2.546342186747333,0.9242298999378125,0.48084084295396634,6.600919723510742,6.637732028961182,0.0,3.3354902267456055,True,True,True,True
654,221.3632986111111,2.532790004062921,0.9106777172534006,0.42132253238036244,6.449611186981201,6.586375713348389,0.0,3.336322784423828,True,True,True,True
655,221.37811342592593,2.4804666444816204,0.8583543576721,0.19152944012842132,6.5081892013549805,6.5735368728637695,0.0,3.337977409362793,True,True,True,True
656,221.3929398148148,2.4236295608432745,0.8015172740337542,-0.05808697036876209,6.443693161010742,6.56069803237915,0.0,3.3394672870635986,True,False,True,False
657,221.40775462962964,2.4032013980469604,0.7810891112374401,-0.1478031265092543,6.314601898193359,6.393792629241943,0.0,3.340816020965576,True,False,True,False
658,221.42255787037038,2.4313130096516433,0.809200722842123,-0.024342893632039342,6.250156402587891,6.329596996307373,0.0,3.3427343368530273,True,False,True,False
659,221.43737268518518,2.4764294697018694,0.854317182892349,0.17379902518518708,6.060230255126953,6.1498517990112305,0.0,3.3445029258728027,True,True,True,False
660,221.4521990740741,2.740225945583164,1.1181136587736435,1.3323371695819999,5.908470153808594,5.982945919036865,0.0,3.3468306064605713,True,True,True,False
661,221.46701388888889,2.7016731466274324,1.079560859817912,1.163021457481376,5.808466911315918,5.854556560516357,0.0,3.3499932289123535,True,True,True,False
662,221.48181712962963,2.740569288023969,1.1184570012144486,1.3338450567246696,5.78369140625,5.816039562225342,0.0,3.3540306091308594,True,True,True,False
663,221.49663194444443,2.625868233089423,1.0037559462799026,0.830102363042807,5.801897048950195,5.828878402709961,0.0,3.3585357666015625,True,True,True,True
664,221.51145833333334,2.355757926908707,0.7336456400991864,-0.35616478423280107,5.84522819519043,5.893073081970215,0.0,3.362921714782715,True,False,True,False
665,221.52627314814814,2.335240305055767,0.7131280182462467,-0.44627382556676,5.891218185424805,5.918751239776611,0.0,3.3665308952331543,True,False,True,False
666,221.54107638888888,2.2216041543331473,0.5994918675236269,-0.9453396859227652,5.903806686401367,5.9315900802612305,0.0,3.3692235946655273,True,False,True,False
667,221.5558912037037,2.281115934017667,0.6590036472081466,-0.683976577961912,5.8910675048828125,5.918751239776611,0.0,3.371405601501465,True,False,True,False
668,221.5707175925926,2.3935392208408417,0.7714269340313213,-0.1902373584822663,5.865639686584473,5.893073081970215,0.0,3.3734235763549805,True,False,True,False
669,221.5855324074074,2.4749262392357503,0.8528139524262299,0.16719715596384788,5.83529806137085,5.867395401000977,0.0,3.3756895065307617,True,True,True,False
670,221.60033564814816,2.665106774982672,1.0429944881731517,1.0024297126101969,5.7813849449157715,5.816039562225342,0.0,3.378046751022339,True,True,True,False
671,221.61515046296296,2.5117683136960016,0.8896560268864813,0.32899972909646147,5.7230072021484375,5.764684200286865,0.0,3.3808040618896484,True,True,True,False
672,221.62997685185186,2.4689353094257633,0.846823022616243,0.14088626351509115,5.633736610412598,5.700489044189453,0.0,3.3841195106506348,True,True,True,False
673,221.64479166666666,2.401256271479804,0.7791439846702837,-0.15634570963589312,5.503340721130371,5.572099685668945,0.0,3.388319492340088,True,False,True,False
674,221.6595949074074,2.8523868191795416,1.2302745323700213,1.8249239258537013,5.318580627441406,5.418032646179199,0.0,3.3942627906799316,True,True,True,False
675,221.6744097222222,2.287365013156797,0.6652527263472765,-0.6565319484389076,5.049464702606201,5.186931610107422,0.0,3.4030940532684326,True,False,True,False
676,221.68923611111111,2.6452962037506684,1.023183916941148,0.915425887567082,4.745392799377441,4.891636371612549,0.0,3.419224739074707,True,True,True,False
677,221.7040509259259,3.9020885531115175,2.279976266301997,6.434991194329678,4.618256568908691,4.647696018218994,0.0,3.4598422050476074,True,True,True,False
678,246.2892361111111,1.723445707752833,0.10133342094331255,-3.1331458739647196,1.7471153736114502,6.397002220153809,0.78515625,3.3524539470672607,True,False,True,False
679,251.09641203703703,1.9266179305669664,0.30450564375744604,-2.240856584558209,0.5033265948295593,0.5392354726791382,1.0,3.3451719284057617,True,False,True,False
680,251.11122685185185,2.1600010003504475,0.5378887135409272,-1.2158876660111106,0.5216320753097534,0.5392354726791382,1.0,3.337235927581787,True,False,True,False
681,251.1260300925926,2.129162259790391,0.5070499729808706,-1.3513248705629248,0.5247818231582642,0.5552841424942017,1.0,3.331876754760742,True,False,True,False
682,251.1408449074074,2.2307188115897576,0.6086065247802372,-0.9053100453841327,0.5319634675979614,0.5520744323730469,1.0,3.32841157913208,True,False,True,False
683,251.1556712962963,2.2982434614181058,0.6761311746085854,-0.6087561120845022,0.7000732421875,0.7318195700645447,1.0,3.325263738632202,True,False,True,False
684,251.1704861111111,2.2124209051331034,0.5903086183235831,-0.9856705677217317,0.7442916035652161,0.770336389541626,1.0,3.3229427337646484,True,False,True,False
685,251.18528935185185,2.268908305841657,0.6467960190321367,-0.7375898904493958,0.764970064163208,0.7831753492355347,1.0,3.321585178375244,True,False,True,False
686,251.20010416666668,2.157233688926441,0.5351214021169206,-1.2280411105612163,0.7768059968948364,0.7960142493247986,1.0,3.3208181858062744,True,False,True,False
687,251.21493055555555,2.0239249080573645,0.4018126212478441,-1.813504987983745,0.7780804634094238,0.7992240190505981,1.0,3.3205833435058594,True,False,True,False
688,251.22974537037038,2.0168253483105256,0.39471306150100527,-1.8446847478636237,0.7862346172332764,0.8216921091079712,1.0,3.3202152252197266,True,False,True,False
689,251.2445486111111,2.030556735538483,0.40844444872896246,-1.7843794089620146,0.7872582077980042,0.8088532090187073,1.0,3.3198513984680176,True,False,True,False
690,251.25936342592593,1.9853772251614026,0.3632649383518822,-1.9827982314354904,0.7796145081520081,0.7960142493247986,1.0,3.3196775913238525,True,False,True,False
691,251.2741898148148,1.9466872560320898,0.32457496922256945,-2.1527163658309405,0.7755521535873413,0.7960142493247986,1.0,3.319507122039795,True,False,True,False
692,251.28900462962963,1.9202472556224717,0.2981349688129513,-2.2688352370557174,0.7723056674003601,0.7960142493247986,1.0,3.319349527359009,True,False,True,False
693,251.30380787037038,1.945222216062427,0.3231099292529067,-2.1591505104958757,0.7702862024307251,0.7831753492355347,1.0,3.3192031383514404,True,False,True,False
694,251.31862268518518,1.9017033278724231,0.2795910410629028,-2.3502762327081284,0.7657725214958191,0.7831753492355347,1.0,3.3189198970794678,True,False,True,False
695,251.33344907407408,1.830677934943715,0.20856564813419465,-2.662204686846036,0.7588323950767517,0.7831753492355347,1.0,3.3189172744750977,True,False,True,False
696,251.34826388888888,1.853578001001009,0.23146571419148865,-2.56163245612177,0.7570962309837341,0.7831753492355347,1.0,3.3186328411102295,True,False,True,False
697,251.36306712962963,1.8161888302289177,0.1940765434193974,-2.725837760162019,0.7539868354797363,0.770336389541626,1.0,3.318528890609741,True,False,True,False
698,251.37788194444445,1.8215478591640373,0.19943557235451692,-2.7023020422661665,0.7586942315101624,0.7831753492355347,1.0,3.3183248043060303,True,False,True,False
699,251.39270833333333,1.8118580455384283,0.18974575872890798,-2.744857647529125,0.7634655833244324,0.7831753492355347,1.0,3.3180172443389893,True,False,True,False
700,251.40752314814816,1.8225987858758324,0.200486499066312,-2.697686595154856,0.7571463584899902,0.7831753492355347,1.0,3.3178677558898926,True,False,True,False
701,251.42232638888888,1.757963827037917,0.13585154022839663,-2.98154961881761,0.7484944462776184,0.770336389541626,1.0,3.317819595336914,True,False,True,False
702,251.4371412037037,1.7933066288761783,0.17119434206665796,-2.8263315328947756,0.7493225932121277,0.770336389541626,1.0,3.3176426887512207,True,False,True,False
703,251.45196759259258,1.8537485079843783,0.23163622117485794,-2.560883625632434,0.7325717806816101,0.7574974298477173,1.0,3.317701816558838,True,False,True,False
704,251.4667824074074,1.8365642666521542,0.21445197984263387,-2.636353167063535,0.7276585102081299,0.7574974298477173,1.0,3.3176121711730957,True,False,True,False
705,251.48158564814815,1.8284874670536957,0.20637518024417534,-2.6718247570012026,0.7268545031547546,0.7446585297584534,1.0,3.3175137042999268,True,False,True,False
706,251.49641203703703,1.827542504903017,0.2054302180934966,-2.6759748302457944,0.7303777933120728,0.7574974298477173,1.0,3.3174493312835693,True,False,True,False
707,251.51122685185186,1.817340268089166,0.19522798127964558,-2.7207808894151917,0.7258013486862183,0.7446585297584534,1.0,3.317321300506592,True,False,True,False
708,251.52604166666666,1.843058959689504,0.2209466728799836,-2.6078298534188757,0.7241964936256409,0.7446585297584534,1.0,3.317221164703369,True,False,True,False
709,251.5408449074074,1.8462546431925482,0.22414235638302782,-2.5937950895982915,0.721340000629425,0.7446585297584534,1.0,3.317204475402832,True,False,True,False
710,251.5556712962963,1.778446374827616,0.15633408801809567,-2.8915946153266794,0.7223408818244934,0.7446585297584534,1.0,3.316957950592041,True,False,True,False
711,251.5704861111111,1.7621742026722074,0.14006191586268701,-2.9630585424744997,0.720535397529602,0.7446585297584534,1.0,3.3168578147888184,True,False,True,False
712,251.58528935185186,1.7447592959034863,0.12264700909396598,-3.0395411175554363,0.7152389287948608,0.7446585297584534,1.0,3.316818952560425,True,False,True,False
713,251.60010416666665,1.694941652360138,0.07282936555061759,-3.25832963668222,4.4855546951293945,6.2782416343688965,0.296875,3.3440253734588623,True,False,True,False
714,251.61493055555556,2.351151077640309,0.7290387908307887,-0.37639708864511245,6.4951491355896,6.676248550415039,0.0,3.3731813430786133,True,False,True,False
715,251.62974537037036,2.6990338764997377,1.0769215896902173,1.1514303431342787,6.922937870025635,7.141660213470459,0.0,3.3807973861694336,True,True,True,False
716,251.6445486111111,2.3530037251370737,0.7308914383275533,-0.36826065397155405,7.248785018920898,7.3310346603393555,0.0,3.406242609024048,True,False,True,False
717,251.65936342592593,1.3548600986206882,-0.2672521881888321,-4.751895655320701,2.6679322719573975,6.914217948913574,0.0,3.5953006744384766,False,False,False,False
718,252.14762731481483,2.074767767850573,0.4526554810410526,-1.5902139366387038,0.6810154914855957,0.7446585297584534,1.0,3.3939194679260254,True,False,False,False
719,252.16243055555555,2.1723143470027084,0.5502020601931881,-1.161810060409418,0.7448590993881226,0.7574974298477173,1.0,3.368419885635376,True,False,False,False
720,252.17724537037037,2.1021080690531475,0.47999578224362716,-1.4701411353753011,0.7440663576126099,0.7607071399688721,1.0,3.351290464401245,True,False,False,False
721,252.19207175925925,1.960617971961937,0.33850568515241664,-2.091535617568228,0.7587512731552124,0.7992240190505981,1.0,3.339576244354248,True,False,False,False
722,252.20688657407408,2.128065480397437,0.5059531935879165,-1.3561416929199361,0.7445080876350403,0.770336389541626,1.0,3.3323965072631836,True,False,True,False
723,252.22168981481482,2.066623373175842,0.44451108636632175,-1.6259823898076682,0.758543848991394,0.7831753492355347,1.0,3.3279218673706055,True,False,True,False
724,252.23650462962962,2.0878202036144837,0.4657079168049634,-1.532890408493527,0.7916510105133057,0.8216921091079712,1.0,3.3254871368408203,True,False,True,False
725,252.25133101851853,2.047918486628852,0.42580619981933165,-1.708130282340752,0.8082513213157654,0.8345310688018799,1.0,3.324080467224121,True,False,True,False
726,252.26614583333333,2.110550081437477,0.4884377946279568,-1.4330656083803262,0.8191608190536499,0.8473699688911438,1.0,3.323347568511963,True,False,True,False
727,252.28094907407407,2.077895506211957,0.4557832194024367,-1.576477573462316,0.826306164264679,0.8473699688911438,1.0,3.3227312564849854,True,False,True,False
728,252.2957638888889,2.0723708193547883,0.45025853254526793,-1.600740825799159,0.8466678857803345,0.8890966176986694,1.0,3.322251319885254,True,False,True,False
729,252.31059027777778,1.9938192190058772,0.37170693219635687,-1.9457227858636243,0.8285574316978455,0.8602089881896973,1.0,3.321934461593628,True,False,True,False
730,252.3254050925926,2.084123712586687,0.4620114257771666,-1.5491246126913507,0.8329262137413025,0.8858869075775146,1.0,3.3216185569763184,True,False,True,False
731,252.34020833333332,2.0048330223510527,0.3827207355415323,-1.897352498703258,0.8354158401489258,0.8602089881896973,1.0,3.3212215900421143,True,False,True,False
732,252.35502314814815,1.9960396531117914,0.3739273663022711,-1.9359711104470856,0.8326754570007324,0.8602089881896973,1.0,3.3209404945373535,True,False,True,False
733,252.36984953703703,1.9275299831867294,0.30541769637720906,-2.2368510429899886,0.826205849647522,0.8473699688911438,1.0,3.3207485675811768,True,False,True,False
734,252.38466435185185,1.8623329115847114,0.24022062477519102,-2.523182746632221,0.8196889758110046,0.8473699688911438,1.0,3.320565700531006,True,False,True,False
735,252.3994675925926,1.9015120566419461,0.27939976983242576,-2.3511162553645835,0.8127148747444153,0.8345310688018799,1.0,3.3203420639038086,True,False,True,False
736,252.4142824074074,1.8679946473433398,0.2458823605338194,-2.4983176046019766,0.8027344942092896,0.8216921091079712,1.0,3.3202004432678223,True,False,True,False
737,252.4291087962963,1.8757552667766735,0.2536429799671531,-2.4642346108560322,0.7927370071411133,0.8088532090187073,1.0,3.3200576305389404,True,False,True,False
738,252.4439236111111,1.8970567484056893,0.2749444615961689,-2.3706830237207748,0.7964656352996826,0.8216921091079712,1.0,3.3198087215423584,True,False,True,False
739,252.45872685185185,1.8976849252932837,0.27557263848376334,-2.3679242041297424,0.7887923717498779,0.8088532090187073,1.0,3.319612741470337,True,False,True,False
740,252.47354166666668,1.8771620447378286,0.2550497579283082,-2.458056340569251,0.7836068272590637,0.8088532090187073,1.0,3.3194682598114014,True,False,True,False
741,252.48836805555555,1.8900821213071275,0.26796983449760714,-2.4013141059201577,0.7870370745658875,0.8088532090187073,1.0,3.319249153137207,True,False,True,False
742,252.50318287037038,1.8869744709780907,0.2648621841685703,-2.4149622467211613,0.7830249071121216,0.8088532090187073,1.0,3.319058418273926,True,False,True,False
743,252.5179861111111,1.8740883280007368,0.2519760411912164,-2.4715554522351484,0.7770113945007324,0.8088532090187073,1.0,3.319044351577759,True,False,True,False
744,252.53280092592593,1.873806316856231,0.25169403004671054,-2.4727939853389875,0.7745992541313171,0.7960142493247986,1.0,3.318843364715576,True,False,True,False
745,252.5476273148148,1.850439135934879,0.22832684912535872,-2.575417685424312,0.77871173620224,0.7992240190505981,1.0,3.3186450004577637,True,False,True,False
746,252.56244212962963,1.8028566739937333,0.18074438718421293,-2.78438976126028,0.7751896381378174,0.7994740009307861,1.0,3.318502902984619,True,False,True,False
747,252.57724537037038,1.8600427770016075,0.23793049019208712,-2.5332405317541196,0.7696843147277832,0.7831753492355347,1.0,3.318321704864502,True,False,True,False
748,252.59206018518518,1.7331338996505188,0.11102161284099843,-3.090597390986668,5.007602214813232,6.380953788757324,0.2265625,3.3469886779785156,True,False,True,False
749,252.60688657407408,2.2366736672939878,0.6145613804844674,-0.8791575827529261,6.594801902770996,6.855993747711182,0.0,3.372809410095215,True,False,True,False
750,252.62170138888888,2.3919216582111775,0.7698093714016572,-0.19734135030458333,7.146173477172852,7.279679298400879,0.0,3.384131908416748,True,False,True,False
751,252.63650462962963,1.452877689530883,-0.16923459727863732,-4.321423195398824,5.973629951477051,7.305356979370117,0.0,3.4838905334472656,False,False,False,False
752,253.12627314814816,1.9033900892294866,0.28127780241996625,-2.3428683347590598,0.28792327642440796,0.6547859311103821,1.0,3.4342775344848633,True,False,False,False
753,253.14107638888888,2.013232917182542,0.39112063037302147,-1.8604619430630036,0.7411935329437256,0.770336389541626,1.0,3.4000625610351562,True,False,False,False
754,253.1558912037037,2.2184357786049236,0.5963234917954032,-0.9592545197910538,0.7684305310249329,0.7735460996627808,1.0,3.37196683883667,True,False,False,False
755,253.17071759259258,2.1577144959807026,0.5356022091711823,-1.2259295080062684,0.7795141935348511,0.8088532090187073,1.0,3.353320360183716,True,False,False,False
756,253.1855324074074,1.941072477451284,0.3189601906417636,-2.177375281900513,0.7675524950027466,0.7960142493247986,1.0,3.340897560119629,True,False,True,False
757,253.20033564814815,2.1182062459064364,0.496093959096916,-1.399441358672547,0.7710886001586914,0.7960142493247986,1.0,3.333207368850708,True,False,True,False
758,253.21516203703703,2.1611162140228144,0.539003927213294,-1.2109898842106772,0.8115613460540771,0.8602089881896973,1.0,3.3284454345703125,True,False,True,False
759,253.22997685185186,2.0667901935554767,0.4446779067459563,-1.6252497500996368,0.811186671257019,0.8345310688018799,1.0,3.326131820678711,True,False,True,False
760,253.24479166666666,2.0339592606482553,0.4118469738387349,-1.7694362406965176,0.8332772254943848,0.8473699688911438,1.0,3.3246910572052,True,False,True,False
761,253.2595949074074,2.068465841301908,0.44635355449238756,-1.6178906607701542,0.8507803678512573,0.8858869075775146,1.0,3.3238754272460938,True,False,True,False
762,253.2744212962963,2.051325581350862,0.4292132945413416,-1.6931670453079806,0.8432663679122925,0.8640437126159668,1.0,3.323424816131592,True,False,True,False
763,253.2892361111111,2.095258522733352,0.47314623592383165,-1.500222889336513,0.8394960761070251,0.8602089881896973,1.0,3.323050022125244,True,False,True,False
764,253.30403935185186,1.9826251552133205,0.36051286840380015,-1.9948847386575808,0.8430767059326172,0.873047947883606,1.0,3.3226659297943115,True,False,True,False
765,253.31885416666665,1.993605227619555,0.3714929408100347,-1.9466625906233292,0.8401982188224792,0.8602089881896973,1.0,3.3222904205322266,True,False,True,False
766,253.33368055555556,1.9619395178151193,0.339827231005599,-2.08573166861339,0.8371891379356384,0.8602089881896973,1.0,3.322007656097412,True,False,True,False
767,253.34849537037036,1.9602744998680197,0.33816221305849936,-2.093044074119854,0.8250722289085388,0.8509547114372253,1.0,3.32173490524292,True,False,True,False
768,253.3632986111111,1.8860133728408706,0.2639010860313502,-2.4191831857945827,0.8273593783378601,0.8473699688911438,1.0,3.3214540481567383,True,False,True,False
769,253.37811342592593,1.9070302428131207,0.28491795600360037,-2.32688155266118,0.8241496086120605,0.8473699688911438,1.0,3.3212215900421143,True,False,True,False
770,253.3929398148148,1.9252804177395304,0.30316813093001005,-2.2467306570757732,0.8199514150619507,0.8473699688911438,1.0,3.3209896087646484,True,False,True,False
771,253.40775462962964,1.9495496116437383,0.32743732483421795,-2.1401455073771105,0.8098060488700867,0.8345310688018799,1.0,3.3208088874816895,True,False,True,False
772,253.42255787037038,1.9645838517891974,0.342471564979677,-2.0741183149275266,0.8031859397888184,0.8216921091079712,1.0,3.3206124305725098,True,False,True,False
773,253.43737268518518,1.9445425703855803,0.32243028357605996,-2.162135370087615,0.8000975847244263,0.8216921091079712,1.0,3.3203392028808594,True,False,True,False
774,253.4521990740741,1.967101944526728,0.3449896577172076,-2.0630593859641597,0.8114610910415649,0.9115647673606873,1.0,3.3201565742492676,True,False,True,False
775,253.46701388888889,1.9533704093783375,0.33125812256881715,-2.123365374500923,0.8170279264450073,0.8602089881896973,1.0,3.3198323249816895,True,False,True,False
776,253.48181712962963,1.9323713142387384,0.31025902742921807,-2.215588944341146,0.7894121408462524,0.8088532090187073,1.0,3.3198156356811523,True,False,True,False
777,253.49663194444443,1.924467182866276,0.3023548960567557,-2.2503022120704763,0.8020826578140259,0.8345310688018799,1.0,3.3195958137512207,True,False,True,False
778,253.51145833333334,1.9197990619164276,0.2976867751069072,-2.270803608705854,0.7947604656219482,0.8216921091079712,1.0,3.319363594055176,True,False,True,False
779,253.52627314814814,1.8656177141370154,0.24350542732749503,-2.508756590858371,0.7805917263031006,0.8088532090187073,1.0,3.319357395172119,True,False,True,False
780,253.54107638888888,1.9491242215469637,0.3270119347374434,-2.1420137304142663,0.7817710638046265,0.8088532090187073,1.0,3.319070339202881,True,False,True,False
781,253.5558912037037,1.8886207882710777,0.26650850146155736,-2.4077319705192766,0.7808529138565063,0.8088532090187073,1.0,3.318938970565796,True,False,True,False
782,253.5707175925926,1.9282273720338954,0.306115085224375,-2.2337882591593123,0.7768560647964478,0.7960142493247986,1.0,3.3187460899353027,True,False,True,False
783,253.5855324074074,1.892521340414481,0.2704090536049606,-2.390601573203526,0.7747998833656311,0.7960142493247986,1.0,3.3185625076293945,True,False,True,False
784,253.60033564814816,1.7408439398637192,0.11873165305419886,-3.056736530442627,4.951752662658691,6.239724636077881,0.22265625,3.346214771270752,True,False,True,False
785,253.61515046296296,2.1054378393242117,0.48332555251469134,-1.4555174909228168,6.532262325286865,6.7917985916137695,0.0,3.371164560317993,True,False,True,False
786,253.62997685185186,2.399093679013192,0.7769813922036717,-0.1658433568466262,6.997824668884277,7.103143692016602,0.0,3.380319595336914,True,False,True,False
787,253.64479166666666,1.8164869442138027,0.1943746574042824,-2.724528506800261,6.821267127990723,7.164128303527832,0.0,3.4351117610931396,True,False,True,False
788,253.6595949074074,1.2288035176938172,-0.3933087691157031,-5.305509409515585,0.7544864416122437,2.4073009490966797,0.0234375,3.63116455078125,False,False,False,False
789,254.07997685185185,1.8868869873218581,0.26477470051233776,-2.4153464563752824,0.4129955470561981,0.718980610370636,0.9765625,3.4541783332824707,True,False,False,False
790,254.0947800925926,1.9947782962859388,0.3726660094764185,-1.9415107219660168,0.7490719556808472,0.770336389541626,1.0,3.408292055130005,True,False,False,False
791,254.1095949074074,2.299988377139371,0.6778760903298509,-0.6010928125082282,0.7595034837722778,0.770336389541626,1.0,3.3777201175689697,True,False,False,False
792,254.1244212962963,2.191099240871952,0.5689869540624317,-1.079310792694569,0.7678288221359253,0.7831753492355347,1.0,3.357677698135376,True,False,False,False
793,254.1392361111111,2.0611225821686054,0.4390102953590851,-1.6501406966423144,0.757597804069519,0.770336389541626,1.0,3.344411611557007,True,False,True,False
794,254.15403935185185,1.9070564924346034,0.28494420562508305,-2.326766269893804,0.7515597939491272,0.770336389541626,1.0,3.3357489109039307,True,False,True,False
795,254.16885416666668,2.088877799777877,0.46676551296835656,-1.5282456705660574,0.7702360153198242,0.7960142493247986,1.0,3.3303236961364746,True,False,True,False
796,254.18368055555555,2.1262467804250975,0.5041344936155772,-1.364129037269891,0.7931555509567261,0.8088532090187073,1.0,3.3273825645446777,True,False,True,False
797,254.19849537037038,1.9638141438120056,0.34170185700248523,-2.0774987090311403,0.8142378926277161,0.8345310688018799,1.0,3.3257651329040527,True,False,True,False
798,254.2132986111111,1.9551887850721354,0.3330764982626151,-2.1153794543135094,0.8400979042053223,0.8602089881896973,1.0,3.324759006500244,True,False,True,False
799,254.22811342592593,2.0264769183844966,0.40436463157497626,-1.8022971001641686,0.8457651734352112,0.873047947883606,1.0,3.324113130569458,True,False,True,False
800,254.2429398148148,2.0359214404375443,0.41380915362802395,-1.7608187634369699,0.8462696075439453,0.873047947883606,1.0,3.3236687183380127,True,False,True,False
801,254.25775462962963,1.9575989638367381,0.3354866770272178,-2.1047944606198716,0.8525857925415039,0.873047947883606,1.0,3.3232192993164062,True,False,True,False
802,254.27255787037038,1.988128857776254,0.36601657096673357,-1.9707136448881473,0.8486238718032837,0.873047947883606,1.0,3.322847366333008,True,False,True,False
803,254.28737268518518,1.9130907955639398,0.29097850875441944,-2.3002648910302925,0.8385252952575684,0.8602089881896973,1.0,3.3226027488708496,True,False,True,False
804,254.30219907407408,1.9848623386482647,0.3627500518387443,-1.9850595037421537,0.8413516879081726,0.8602089881896973,1.0,3.322272777557373,True,False,True,False
805,254.31701388888888,1.951020912024081,0.32890862521456055,-2.1336838683169304,0.849977970123291,0.8762576580047607,1.0,3.3219308853149414,True,False,True,False
806,254.33181712962963,1.8747013530664436,0.25258906625692323,-2.4688631762306263,0.8314694166183472,0.8602089881896973,1.0,3.3217055797576904,True,False,True,False
807,254.34663194444445,1.8763771717662359,0.2542648849567155,-2.4615033361102583,0.8338791131973267,0.8602089881896973,1.0,3.3213906288146973,True,False,True,False
808,254.36145833333333,1.8914237347905172,0.2693114479809968,-2.395422024191805,0.8233969807624817,0.8473699688911438,1.0,3.3211963176727295,True,False,True,False
809,254.37627314814816,1.9907363238227684,0.3686240370132481,-1.95926220731676,0.8275098204612732,0.8473699688911438,1.0,3.3209800720214844,True,False,True,False
810,254.39107638888888,2.014805586138242,0.39269329932872155,-1.8535551147302889,0.8180812001228333,0.8345310688018799,1.0,3.320772647857666,True,False,True,False
811,254.4058912037037,1.9727135214103053,0.35060123460078496,-2.0384145310694137,0.8063894510269165,0.824901819229126,1.0,3.320615291595459,True,False,True,False
812,254.42071759259258,1.9653007190496066,0.3431884322400862,-2.0709699860392097,0.7946099042892456,0.824901819229126,1.0,3.3204545974731445,True,False,True,False
813,254.4355324074074,1.7223313749618048,0.10021908815228442,-3.1380397871212367,5.634088039398193,6.419470310211182,0.109375,3.3539233207702637,True,False,True,False
814,254.45033564814815,2.2648855280647524,0.642773241255232,-0.7552570768111764,6.906549453735352,7.26684045791626,0.0,3.377371311187744,True,False,True,False
815,254.46516203703703,1.4970045871699804,-0.12510769963953994,-4.1276272247059,6.540413856506348,7.420907020568848,0.0,3.4573187828063965,False,False,False,False
816,258.00618055555555,2.052386140904558,0.4302738540950377,-1.6885092927991325,1.5132590532302856,6.400212287902832,0.75390625,3.3176941871643066,True,False,False,False
817,258.0209953703704,2.7545121485391713,1.132399861729651,1.3950791414291785,6.3883256912231445,6.512551784515381,0.0,3.3658504486083984,True,True,False,False
818,258.2652199074074,2.4097576482776497,0.7876453614681294,-0.1190094667338979,6.1595458984375,6.470825672149658,0.015625,3.360661029815674,True,False,False,False
819,258.28002314814813,2.5541910349221526,0.9320787481126322,0.5153113186103577,6.472179412841797,6.522181034088135,0.0,3.37428617477417,True,True,False,False
820,258.29483796296296,2.814845852258318,1.1927335654487978,1.660051965337642,7.2550048828125,7.844592571258545,0.0,3.3779215812683105,True,True,True,False
821,258.30966435185184,2.8688532385145153,1.246740951704995,1.8972409453948744,7.323678016662598,7.883109092712402,0.00390625,3.378798007965088,True,True,True,False
822,258.32447916666666,2.9874166997505087,1.3653044129409884,2.417946507949174,7.788368225097656,7.818914413452148,0.0,3.383601665496826,True,True,True,False
823,258.3392824074074,3.1373992104191286,1.5152869236096083,3.0766378684819378,7.765753746032715,7.79323673248291,0.0,3.3883376121520996,True,True,True,True
824,258.3540972222222,3.288047303846009,1.6659350170364886,3.7382523272521633,7.2547712326049805,7.741880416870117,0.0078125,3.392184019088745,True,True,True,True
825,258.3689236111111,3.4135481306061757,1.7914358437966553,4.289425327078047,6.73878812789917,6.9715447425842285,0.0,3.398850202560425,True,True,True,True
826,258.3837384259259,2.333423162813367,0.7113108760038467,-0.45425432869737215,6.358639717102051,6.5686259269714355,0.0,3.4127960205078125,True,False,True,False
827,258.3985416666667,1.5888496861200139,-0.03326260068950648,-3.7242630396688146,5.787045478820801,6.124174118041992,0.0,3.463552713394165,False,False,False,False
828,258.41335648148146,1.3984561859769156,-0.2236561008326048,-4.560430890752076,2.1834006309509277,5.382739543914795,0.0,3.5821049213409424,False,False,False,False
829,290.2278935185185,1.7058794227321517,0.0837671359226313,-3.210293270205765,2.0108487606048584,10.678788185119629,1.0,3.3176746368408203,True,False,False,False
830,290.2427083333333,1.6944311997920944,0.07231891298257409,-3.2605714360429126,1.4396098852157593,1.2999426126480103,1.0,3.3199827671051025,True,False,False,False
831,290.2575115740741,2.0247417997844996,0.4026295129749793,-1.8099173728627829,0.8506299257278442,1.1587142944335938,1.0,3.3178794384002686,True,False,False,False
832,290.27232638888887,1.8975804594471224,0.27546817263760204,-2.368382995958406,1.7943922281265259,4.0217976570129395,1.0,3.316429615020752,True,False,False,False
833,290.2871527777778,1.7851705330462142,0.16305824623669385,-2.8620635392985414,2.544884443283081,9.770432472229004,1.0,3.308887243270874,True,False,True,False
834,290.3019675925926,1.9107466849099002,0.28863439810037983,-2.310559727602006,0.7058908939361572,0.718980610370636,1.0,3.3188211917877197,True,False,True,False
835,290.31677083333335,1.8072527075729852,0.18514042076346482,-2.7650833146195586,0.6833899021148682,0.7061417102813721,1.0,3.3200278282165527,True,False,True,False
836,290.3315856481481,1.769088915410831,0.14697662860131055,-2.9326905914301244,5.343356132507324,8.075693130493164,0.33984375,3.348769187927246,True,False,True,False
837,290.34641203703706,2.3046706295934176,0.6825583427838973,-0.5805293533051215,8.49421215057373,8.807512283325195,0.0,3.394477367401123,True,False,True,False
838,290.3612268518518,1.4852926086540745,-0.13681967815544582,-4.17906374906318,2.8061161041259766,8.374948501586914,0.0,3.540670394897461,False,False,False,False
839,301.4302083333333,1.3702595107356712,-0.25185277607384915,-4.684264705070545,4.2413716316223145,13.236947059631348,1.0,3.319911003112793,False,False,False,False
840,301.4450115740741,1.8346683835442719,0.2125560967347515,-2.6446794833665157,0.7332237958908081,0.9629204869270325,1.0,3.3239097595214844,True,False,False,False
841,301.45982638888887,1.7346728099432898,0.11256052313376941,-3.0838388235379415,0.654735803604126,0.789594829082489,1.0,3.3251242637634277,True,False,False,False
842,301.4746527777778,1.65889770154538,0.03678541473585972,-3.41662702012585,0.6143558025360107,0.8505797386169434,1.0,3.3252029418945312,True,False,False,False
843,301.4894675925926,1.649876563961843,0.027764277152322547,-3.456245942105242,0.5051320791244507,0.5520744323730469,1.0,3.3257265090942383,True,False,False,False
844,301.50427083333335,1.446580849807189,-0.17553143700233131,-4.349077579274427,3.512453079223633,8.043595314025879,0.609375,3.3384244441986084,False,False,False,False
845,301.5190856481481,1.7298833588348241,0.10777107202530378,-3.104873076483678,7.4255170822143555,8.589250564575195,0.0,3.425119161605835,True,False,False,False
846,304.2068865740741,1.8415123700113796,0.21940008320185922,-2.6146221470985065,5.06972599029541,7.818914413452148,0.34375,3.3466577529907227,True,False,False,False
847,304.2216898148148,2.595752689375537,0.9736404025660168,0.6978412855768346,7.996552467346191,8.101370811462402,0.0,3.3775758743286133,True,True,False,False
848,304.2365046296296,2.6977412847331204,1.0756289979236,1.1457535543835702,7.779449939727783,7.985820770263672,0.0,3.3802237510681152,True,True,False,False
849,304.2513310185185,2.9515465271508305,1.3294342403413102,2.2604123215503966,7.530489921569824,7.629539489746094,0.0,3.385343551635742,True,True,True,False
850,304.2661458333333,3.0303328892251384,1.408220602415618,2.6064253052963116,7.374265670776367,7.446584701538086,0.0,3.395780086517334,True,True,True,False
851,304.2809490740741,1.6390486125093424,0.016936325699822063,-3.503800007190795,7.119760513305664,7.343873500823975,0.0,3.4326083660125732,True,False,True,False
852,304.29576388888887,1.321569260507388,-0.30054302630213225,-4.898101951990688,2.7002780437469482,6.552953720092773,0.0,3.5691142082214355,False,False,False,False
853,336.2282407407407,1.5842240576843214,-0.03788822912519896,-3.7445778181989406,3.874558925628662,18.606834411621094,1.0,3.317385673522949,False,False,False,False
854,336.2430439814815,1.5763073266268575,-0.04580496018266289,-3.779346421071142,1.5876150131225586,0.9629204869270325,1.0,3.3206844329833984,False,False,False,False
855,336.2578587962963,1.6332253839713864,0.011113097161866037,-3.5293743912390414,0.6604195833206177,0.9308230876922607,1.0,3.3256096839904785,True,False,False,False
856,336.2726851851852,1.557534694439653,-0.06457759236986726,-3.861791838080406,0.6257979869842529,0.7960142493247986,1.0,3.326279878616333,False,False,False,False
857,336.2875,1.5285436608356466,-0.09356862597387372,-3.989114305765096,0.6029788255691528,0.7221903800964355,1.0,3.326231002807617,False,False,False,False
858,336.30230324074074,1.4548334483972483,-0.1672788384122721,-4.312833917470236,0.6887405514717102,0.9083549976348877,1.0,3.3255341053009033,False,False,False,False
859,336.31711805555557,1.459218186831415,-0.16289409997810544,-4.293577076709896,0.6018252968788147,0.718980610370636,1.0,3.3240926265716553,False,False,False,False
860,336.33194444444445,1.7025034648889563,0.08039117807943597,-3.2251197606740356,0.8161252737045288,1.0367443561553955,1.0,3.322232723236084,True,False,False,False
861,336.3467592592593,1.6882177410887809,0.06610545427926051,-3.287859628170477,0.8339184522628784,1.043163776397705,1.0,3.321188449859619,True,False,False,False
862,336.3615625,1.6866856574256643,0.06457337061614399,-3.2945882145103735,0.7721418142318726,0.9629204869270325,1.0,3.321031093597412,True,False,False,False
863,336.3763773148148,1.6875643539696519,0.06545206716013152,-3.2907291657487923,0.7380885481834412,0.9885983467102051,1.0,3.3211512565612793,True,False,False,False
864,336.3912037037037,1.6574481038295357,0.035335817020015314,-3.4229933456888646,0.684044361114502,0.7639169096946716,1.0,3.320969343185425,True,False,True,False
865,336.4060185185185,1.5283863398639543,-0.09372594694556602,-3.9898052260892216,3.977613925933838,8.194452285766602,0.7109375,3.3227667808532715,False,False,False,False
866,336.42082175925924,2.1750163132967857,0.5529040264872653,-1.1499435978037098,8.202878952026367,8.589250564575195,0.0,3.375028133392334,True,False,False,False
867,336.43563657407407,1.7818551169264434,0.15974283011692303,-2.8766241433644995,7.725068092346191,8.746527671813965,0.0,3.428727149963379,True,False,False,False
868,355.45596064814816,1.9447928245510262,0.32268053774150585,-2.1610363068969694,4.9996137619018555,12.251558303833008,1.0,3.3121843338012695,True,False,False,False
869,355.4707638888889,1.9792581824829814,0.357145895673461,-2.0096717684168297,0.9075525403022766,1.3769762516021729,1.0,3.3238539695739746,True,False,False,False
870,355.4855787037037,1.9551135147700442,0.3330012279605239,-2.1157100255079184,0.8501268625259399,1.0014373064041138,1.0,3.3244900703430176,True,False,True,False
871,355.5004050925926,1.8364496553815308,0.21433736857201047,-2.636856515443575,1.9054290056228638,8.865287780761719,1.0,3.3216865062713623,True,False,True,False
872,355.5152199074074,1.7038182766452983,0.08170598983577793,-3.2193453864435435,7.1224517822265625,7.998659610748291,0.0859375,3.357372760772705,True,False,True,False
873,355.53002314814813,1.4562815264787372,-0.16583076033078314,-4.306474265818844,5.6546173095703125,7.767559051513672,0.0,3.46317195892334,False,False,False,False
874,358.1080439814815,2.179411779697521,0.5572994928880008,-1.1306396420906768,45.62236785888672,54.48219299316406,1.0,3.2261264324188232,True,False,False,False
875,358.12285879629627,2.185932897801659,0.5638206109921386,-1.1020002751600892,40.231658935546875,51.405548095703125,0.984375,3.2032666206359863,True,False,False,False
876,358.13766203703705,1.7910841776012316,0.16897189079171127,-2.8360920672896617,11.763748168945312,49.99542236328125,1.0,3.257319927215576,True,False,False,False
877,364.1707175925926,1.2484910239851883,-0.37362126282433206,-5.21904605957732,1.103898048400879,1.2614258527755737,1.0,3.2808938026428223,False,False,False,False
878,364.1855324074074,1.2189785517125324,-0.4031337350969879,-5.348658575245311,0.9361492395401001,1.0271152257919312,1.0,3.2805144786834717,False,False,False,False
879,364.20033564814815,1.8899019195371582,0.2677896327276379,-2.402105513855005,10.18550968170166,55.764122009277344,1.0,3.251376152038574,True,False,False,False
880,364.21516203703703,1.6580610117914056,0.03594872498188528,-3.420301583979544,1.0679445266723633,1.091309905052185,1.0,3.27345609664917,True,False,False,False
881,364.22997685185186,1.523170305724694,-0.09894198108482644,-4.012712941185191,1.0309768915176392,1.052793025970459,1.0,3.2770824432373047,False,False,False,False
882,364.2447916666667,1.5141522613417857,-0.10796002546773464,-4.052318278483797,1.0110664367675781,1.0399540662765503,1.0,3.2780184745788574,False,False,False,False
883,364.2595949074074,1.4457076682030285,-0.17640461860649181,-4.3529124075905585,0.9842327833175659,1.0142762660980225,1.0,3.27848482131958,False,False,False,False
884,364.2744212962963,1.4861655880933273,-0.13594669871619303,-4.175229808612423,1.637115240097046,6.207627296447754,1.0,3.277008056640625,False,False,False,False
885,364.2892361111111,1.5363972547243914,-0.08571503208512898,-3.954622987940188,2.3210396766662598,7.148079872131348,1.0,3.2708606719970703,False,False,False,False
886,364.3040393518518,1.4201229843173127,-0.2019893024922077,-4.465274910140724,3.329596757888794,7.526828289031982,0.6328125,3.287254810333252,False,False,False,False
887,364.31885416666665,1.7090249188643096,0.08691263205478927,-3.1964789186683413,5.846933364868164,6.188368797302246,0.0,3.314401149749756,True,False,False,False
888,364.33368055555553,1.6539477047663702,0.031835417956849854,-3.438366355588788,5.455546855926514,5.549631595611572,0.0,3.3211381435394287,True,False,False,False
889,364.34849537037036,1.7386106952868334,0.11649840847731308,-3.066544466729288,5.3003973960876465,5.3666768074035645,0.0,3.3255209922790527,True,False,False,False
890,364.36329861111113,1.8562331393017566,0.23412085249223624,-2.5499716521258544,5.204032897949219,5.251126289367676,0.0,3.3283655643463135,True,False,False,False
891,364.3781134259259,1.9540801617120451,0.3319678749025248,-2.12024829286089,5.12634801864624,5.174092769622803,0.0,3.330103874206543,True,False,True,False
892,364.39293981481484,2.0409518015990438,0.4188395147895234,-1.7387264846594783,5.069125175476074,5.122817516326904,0.0,3.331724166870117,True,False,True,False
893,364.4077546296296,2.1904526636384087,0.5683403768288884,-1.0821504227004513,4.9420390129089355,5.023235321044922,0.0,3.3334269523620605,True,False,True,False
894,364.4225578703704,2.4693840528813378,0.8472717660718174,0.1428570495485082,4.8035688400268555,4.865958213806152,0.0,3.3354411125183105,True,True,True,False
895,364.4373726851852,2.50907509206997,0.8869628052604497,0.31717167121718903,3.9973599910736084,4.776085376739502,0.19921875,3.335381269454956,True,True,True,False
896,364.4521990740741,1.9302642009375135,0.30815191412799314,-2.2248429388301907,6.313046932220459,13.342867851257324,1.0,3.292689323425293,True,False,True,False
897,364.4670138888889,1.8428339341176976,0.22072164730817723,-2.6088181179797703,0.8586760759353638,0.9404523372650146,1.0,3.2970917224884033,True,False,True,False
898,364.48181712962963,1.7777722549776378,0.15565996816811745,-2.894555206659394,0.8180812001228333,0.8345310688018799,1.0,3.2974681854248047,True,False,True,False
899,364.49663194444446,1.7104488512982439,0.08833656448872351,-3.1902253095772974,10.07802677154541,26.306987762451172,1.0,3.272566795349121,True,False,True,False
900,364.51145833333334,1.6882445633960745,0.06613227658655418,-3.2877418302885433,16.130807876586914,24.676443099975586,1.0,3.2401604652404785,True,False,True,False
901,364.52627314814816,1.3648596487687483,-0.25725263804077203,-4.707979752977299,2.8090696334838867,7.652007579803467,0.8359375,3.2786359786987305,False,False,False,False
902,364.5410763888889,1.5805677026086218,-0.04154458420089857,-3.7606357538120117,5.7761688232421875,7.664846420288086,0.0,3.3094019889831543,False,False,False,False
903,364.5558912037037,1.6119783548502056,-0.01013393195931478,-3.6226868345147225,5.200916290283203,5.3024821281433105,0.0,3.3178842067718506,False,False,False,False
904,364.5707175925926,1.6141526126674368,-0.00795967414208354,-3.6131379555594596,5.045653343200684,5.0970587730407715,0.0,3.3245673179626465,False,False,False,False
905,364.5855324074074,1.777910218663182,0.15579793185366175,-2.8939492994284097,4.948558330535889,4.99434757232666,0.0,3.328744888305664,True,False,False,False
906,364.60033564814813,2.027425359734159,0.4053130729246386,-1.7981317470159277,4.836564064025879,4.90447473526001,0.0,3.331735849380493,True,False,False,False
907,364.61515046296296,2.3093746933983326,0.6872624065888122,-0.5598701032773734,4.762795448303223,4.801763534545898,0.0,3.334766387939453,True,False,False,False
908,364.62997685185184,2.4714881979855905,0.8493759111760701,0.15209800834630327,4.681347846984863,4.711891174316406,0.0,3.338261127471924,True,True,False,False
909,364.64479166666666,2.829012722828643,1.2069004360191224,1.7222698546692614,4.664968013763428,4.698676586151123,0.0,3.3422181606292725,True,True,True,False
910,364.6595949074074,2.802402413477133,1.1802901266676125,1.6054030227112932,4.705872535705566,4.724730014801025,0.0,3.346459150314331,True,True,True,False
911,364.6744097222222,2.470711273346396,0.8485989865368755,0.1486859201945503,4.724629878997803,4.7375688552856445,0.0,3.3506312370300293,True,True,True,False
912,364.6892361111111,2.3590939044773287,0.7369816176678083,-0.3415138786466332,4.689829349517822,4.724730014801025,0.0,3.3539466857910156,True,False,True,False
913,364.7040509259259,2.1855198845938024,0.5634075977842821,-1.1038141415274962,4.642078876495361,4.673374176025391,0.0,3.3561229705810547,True,False,True,False
914,364.7188541666667,1.9117341650952302,0.28962187828570984,-2.306222924171563,4.601882457733154,4.622142791748047,0.0,3.357489824295044,True,False,True,False
915,364.73366898148146,1.9935011188153866,0.37138883200586625,-1.9471198143993245,4.559929847717285,4.583501815795898,0.0,3.3583531379699707,True,False,True,False
916,364.7484953703704,1.9878362615081884,0.365723974698668,-1.9719986656084947,4.547692775726318,4.570662498474121,0.0,3.359217643737793,True,False,True,False
917,364.76331018518516,1.9485579532294044,0.32644566641988404,-2.1445006607027177,4.533067226409912,4.557823657989502,0.0,3.3600854873657227,True,False,True,False
918,364.77811342592594,1.9228933819432967,0.3007810951337764,-2.2572140117632777,4.5178022384643555,4.544984817504883,0.0,3.3609747886657715,True,False,True,False
919,364.79292824074076,1.9415152492793974,0.3194029624698771,-2.1754307219877242,4.512034893035889,4.5321455001831055,0.0,3.3619067668914795,True,False,True,False
920,364.80775462962964,1.9272606537561916,0.30514836694667125,-2.2380338806971425,4.514715194702148,4.5321455001831055,0.0,3.362987518310547,True,False,True,False
921,364.82256944444447,2.0020861136529353,0.37997382684341496,-1.9094163388107215,4.51945686340332,4.5321455001831055,0.0,3.364215612411499,True,False,True,False
922,364.8373726851852,2.0113895835686844,0.389277296759164,-1.868557473139242,4.521262168884277,4.544984817504883,0.0,3.3654298782348633,True,False,True,False
923,364.8521875,1.7943954922345093,0.17228320542498898,-2.821549476082045,4.516013145446777,4.544984817504883,0.0,3.3667709827423096,True,False,True,False
924,364.8670138888889,1.8207963833496872,0.19868409654016683,-2.7056023645794487,4.4989447593688965,4.5321455001831055,0.0,3.3684792518615723,True,False,True,False
925,364.8818287037037,1.9059401631317165,0.2838278763221962,-2.331668951306744,4.4708099365234375,4.493628978729248,0.0,3.3706560134887695,True,False,True,False
926,364.89663194444444,2.0188364011854016,0.3967241143758813,-1.8358526303830585,4.290163993835449,4.429434299468994,0.0,3.3733773231506348,True,False,True,False
927,364.91144675925926,2.190997845411218,0.5688855586016974,-1.0797561000419735,3.961113452911377,4.150187015533447,0.0,3.3783531188964844,True,False,True,False
928,364.92627314814814,1.633148922390692,0.011036635581171739,-3.5297101942762854,3.4292404651641846,3.646259069442749,0.0,3.392317533493042,True,False,True,False
929,364.94108796296297,1.2021166934593295,-0.4199955933501909,-5.422712278603116,2.5229432582855225,3.899787425994873,0.0,3.5009639263153076,False,False,False,False
930,365.1579861111111,1.7681793057362583,0.1460670189267379,-2.936685404101462,0.6047567129135132,0.9115647673606873,1.0,3.442105531692505,True,False,False,False
931,365.1728009259259,1.8691014484905044,0.24698916168098406,-2.4934567688270914,10.159613609313965,14.623551368713379,1.0,3.3253397941589355,True,False,False,False
932,365.1876041666667,1.903216697000276,0.2811044101907556,-2.3436298366358814,1.192215919494629,1.4026541709899902,1.0,3.3252182006835938,True,False,False,False
933,365.20241898148146,1.8185173570914952,0.19640507028197485,-2.715611364295523,1.0494468212127686,1.1298266649246216,1.0,3.327530860900879,True,False,False,False
934,365.2172453703704,1.703436347588789,0.08132406077926868,-3.2210227378142973,1.4845349788665771,1.1298266649246216,1.0,3.326547622680664,True,False,True,False
935,365.23206018518516,1.8959218810142802,0.2738095942047598,-2.3756671204847177,7.401097297668457,26.54129981994629,1.0,3.3140807151794434,True,False,True,False
936,365.24686342592594,1.871607809500997,0.24949552269147657,-2.4824493631194002,6.3400044441223145,22.442466735839844,1.0,3.309934616088867,True,False,True,False
937,365.26167824074076,1.8164126433444676,0.19430035653494726,-2.724854820451719,0.9338824152946472,1.0656319856643677,1.0,3.3252410888671875,True,False,True,False
938,365.27650462962964,1.8025927829020758,0.18048049609255545,-2.7855487149370886,1.002791404724121,1.2453771829605103,1.0,3.3259730339050293,True,False,True,False
939,365.29131944444447,1.7488740978976438,0.12676181108812345,-3.0214697803590416,1.18024742603302,1.3984527587890625,1.0,3.32521915435791,True,False,True,False
940,365.3061226851852,1.8215738603463751,0.19946157353685479,-2.7021878505907955,0.9979767799377441,1.3320400714874268,1.0,3.32564640045166,True,False,True,False
941,365.3209375,1.853286928014216,0.23117464120469555,-2.5629107869140095,0.8169777989387512,0.946871817111969,1.0,3.326016902923584,True,False,True,False
942,365.3357638888889,1.822179979579954,0.20006769277043368,-2.69952590353556,0.7979593276977539,1.0720515251159668,1.0,3.325850486755371,True,False,True,False
943,365.3505787037037,1.7708894067812306,0.14877711997171028,-2.9247832153960185,1.9902361631393433,2.8245668411254883,1.0,3.3238964080810547,True,False,True,False
944,365.36538194444444,1.883347487206823,0.26123520039730264,-2.430891189797765,4.420156002044678,15.766217231750488,1.0,3.310041904449463,True,False,True,False
945,366.17082175925924,1.9605528842432225,0.33844059743370214,-2.091821469017193,0.7534953951835632,1.0791085958480835,1.0,3.3161654472351074,True,False,True,False
946,366.18563657407407,1.9414077251675572,0.31929543835803686,-2.1759029450702845,1.7113404273986816,8.939111709594727,1.0,3.3132033348083496,True,False,True,False
947,366.20046296296294,2.100814812953094,0.47870252614357356,-1.4758208417374898,4.3044047355651855,9.048242568969727,1.0,3.297553777694702,True,False,True,False
948,366.21527777777777,2.264562655611918,0.6424503688023975,-0.7566750641104161,0.7091881036758423,0.863418698310852,1.0,3.3114113807678223,True,False,True,False
949,366.23008101851855,2.263129888747887,0.6410176019383667,-0.7629674721437758,0.7675779461860657,0.978969156742096,1.0,3.3125786781311035,True,False,True,False
950,366.2448958333333,2.2815831477010424,0.6594708608915221,-0.6819246746073797,0.7698850035667419,0.9757594466209412,1.0,3.312669038772583,True,False,True,False
951,366.2597222222222,2.1641153588072664,0.542003071997746,-1.1978182767365884,1.013080358505249,1.0174859762191772,1.0,3.3107028007507324,True,False,True,False
952,366.274537037037,2.237395086470411,0.6152827996608907,-0.8759892628153927,0.6411947011947632,0.718980610370636,1.0,3.311959981918335,True,False,True,False
953,366.2893402777778,2.101431643760978,0.4793193569514578,-1.4731118517209039,0.6014240980148315,0.6547859311103821,1.0,3.3118300437927246,True,False,True,False
954,366.30415509259257,1.6509855264593907,0.02887323964987032,-3.451375614138113,4.128691673278809,11.872809410095215,0.99609375,3.2929961681365967,True,False,True,False
955,366.3189814814815,1.9501873434039496,0.32807505659442926,-2.137344724813091,0.6386369466781616,0.9244036078453064,1.0,3.3030776977539062,True,False,True,False
956,366.33379629629627,1.8459582649164652,0.22384597810694484,-2.5950967200953086,0.5933657288551331,0.7735460996627808,1.0,3.3045830726623535,True,False,True,False
957,366.34859953703705,1.9259925380042104,0.3038802511946901,-2.2436031759853847,0.6824197173118591,1.0014373064041138,1.0,3.3043947219848633,True,False,True,False
958,366.3634143518519,1.9078873327964274,0.28577504598690706,-2.3231173953291915,0.6827707886695862,0.8858869075775146,1.0,3.3035593032836914,True,False,True,False
959,366.37824074074075,1.8802060159052854,0.258093729095765,-2.444687865133174,0.6483657360076904,0.7735460996627808,1.0,3.3027496337890625,True,False,True,False
960,366.3930555555556,1.8221580930245278,0.20004580621500745,-2.6996220246426597,3.8516314029693604,12.803632736206055,1.0,3.2856526374816895,True,False,True,False
961,366.4078587962963,2.3599282279925706,0.7378159411830503,-0.3378497068113355,0.5971109867095947,0.6291080713272095,1.0,3.2945899963378906,True,False,True,False
962,366.4226736111111,2.20084752161548,0.5787352348059598,-1.0364984122564458,0.6017245054244995,0.6547859311103821,1.0,3.29581880569458,True,False,True,False
963,366.4375,2.356373296138176,0.7342610093286555,-0.35346221315846726,0.6433512568473816,0.6676248908042908,1.0,3.2955288887023926,True,False,True,False
964,366.4523148148148,2.310703814299905,0.6885915274903847,-0.5540328863174335,0.6430503129959106,0.6676248908042908,1.0,3.2947580814361572,True,False,True,False
965,366.46711805555555,2.2662512061901365,0.6441389193806162,-0.7492593082817067,0.598829448223114,0.6547859311103821,1.0,3.2944865226745605,True,False,True,False
966,366.4819328703704,2.3576560131485857,0.7355437263390654,-0.34782879224159613,0.6321171522140503,0.6547859311103821,1.0,3.2939374446868896,True,False,True,False
967,366.49675925925925,2.350668326119753,0.7285560393102328,-0.3785172308834084,0.6295593976974487,0.6547859311103821,1.0,3.293344736099243,True,False,True,False
968,366.5115740740741,2.297076152337103,0.6749638655275827,-0.6138826858650064,0.5865144729614258,0.6419469714164734,1.0,3.2928571701049805,True,False,True,False
969,366.5263773148148,2.1396481067412325,0.5175358199317122,-1.3052732558540023,0.6166201829910278,0.6419469714164734,1.0,3.292659282684326,True,False,True,False
970,366.5411921296296,2.120951454622248,0.49883916781272775,-1.3873849845266328,0.6063389778137207,0.6291080713272095,1.0,3.2920475006103516,True,False,True,False
971,366.5560185185185,2.0111893299403016,0.3890770431307813,-1.8694369445812322,0.5989571213722229,0.6291080713272095,1.0,3.2916126251220703,True,False,True,False
972,366.5708333333333,2.00201329347618,0.3799010066666597,-1.909736149574572,0.6005715131759644,0.616269052028656,1.0,3.291128158569336,True,False,True,False
973,366.5856365740741,2.112676483811462,0.49056419700194165,-1.4237269003768653,0.5975122451782227,0.616269052028656,1.0,3.29081392288208,True,False,True,False
974,366.60045138888887,2.0675657699857464,0.445453483176226,-1.621843582995392,0.5964444279670715,0.616269052028656,1.0,3.2902672290802,True,False,True,False
975,366.6152777777778,2.0669988751272372,0.4448865883177169,-1.6243332649187427,0.5896885395050049,0.616269052028656,1.0,3.289804458618164,True,False,True,False
976,367.2337268518518,1.7470090229350728,0.12489673612555241,-3.0296607938253106,4.706578254699707,7.639168739318848,0.26953125,3.3086910247802734,True,False,True,False
977,367.24854166666665,2.3783017202079724,0.756189433398452,-0.25715722786063333,6.141476631164551,6.64415168762207,0.0,3.334453582763672,True,False,True,False
978,367.26336805555553,2.59450111175229,0.9723888249427695,0.6923446222405962,5.922412395477295,6.059979438781738,0.0,3.339352607727051,True,True,True,False
979,367.27818287037036,2.8635271487281075,1.2414148619185872,1.8738498892504687,5.730844497680664,5.893073081970215,0.01171875,3.344359874725342,True,True,True,False
980,367.29298611111113,2.623592495338298,1.0014802085287775,0.820107805751948,5.69722843170166,5.7678937911987305,0.01953125,3.3484959602355957,True,True,True,False
981,367.3078009259259,2.439656216541614,0.8175439297320934,0.012298700598259327,5.522098064422607,5.610616683959961,0.0,3.3541390895843506,True,True,True,False
982,367.32262731481484,2.1247282169617634,0.502615930152243,-1.3707982457613328,5.313092231750488,5.418032646179199,0.0,3.3565711975097656,True,False,True,False
983,367.3374421296296,1.917963062622198,0.2958507758126776,-2.2788669280066314,5.128002166748047,5.21260929107666,0.0,3.3578476905822754,True,False,True,False
984,367.3522453703704,2.037351375065081,0.41523908825556055,-1.7545387939852914,4.99606990814209,5.056787967681885,0.0,3.3587636947631836,True,False,True,False
985,367.3670601851852,2.0529869990896006,0.43087471228008023,-1.685870451152673,4.8672637939453125,4.930277347564697,0.0,3.359588146209717,True,False,True,False
986,367.3818865740741,2.076261129721144,0.45414884291162383,-1.5836554081948928,4.743436813354492,4.801763534545898,0.0,3.3603410720825195,True,False,True,False
987,367.3967013888889,1.9662822807521074,0.34416999394258707,-2.0666591753294483,4.630817890167236,4.676583766937256,0.0,3.3610522747039795,True,False,True,False
988,367.41150462962963,2.0057939687293778,0.3836816819198574,-1.8931322261227,4.52201509475708,4.570662498474121,0.0,3.361800193786621,True,False,True,False
989,367.42631944444446,2.0107609719975095,0.3886486851879891,-1.8713182017683199,4.447639465332031,4.480789661407471,0.0,3.362748622894287,True,False,True,False
990,367.44114583333334,1.9651964645746596,0.3430841777651392,-2.0714278495703526,4.391457557678223,4.416595458984375,0.0,3.3637337684631348,True,False,True,False
991,367.45596064814816,1.9985880407924033,0.3764757539828829,-1.9247791325222998,4.343222618103027,4.36523962020874,0.0,3.3648829460144043,True,False,True,False
992,367.4707638888889,2.0076369988954452,0.38552471208592487,-1.8850380287247637,4.3131818771362305,4.339561462402344,0.0,3.366238832473755,True,False,True,False
993,367.4855787037037,1.8707774187646031,0.24866513195508277,-2.4860962630245336,4.2790985107421875,4.301294803619385,0.0,3.367934226989746,True,False,True,False
994,367.5004050925926,1.896463408401727,0.27435112159220654,-2.37328884711129,4.2270708084106445,4.262527942657471,0.0,3.370051145553589,True,False,True,False
995,367.5152199074074,2.0256679858052054,0.403555698995685,-1.8058497603967334,4.135292053222656,4.185494422912598,0.0,3.3732643127441406,True,False,True,False
996,367.53002314814813,2.0985188288966468,0.4764065420871264,-1.4859043165050523,3.90914249420166,4.05710506439209,0.0,3.3791401386260986,True,False,True,False
997,367.54483796296296,1.7718384572772023,0.149726170467682,-2.920615187006448,3.4064087867736816,3.659097909927368,0.0,3.3969669342041016,True,False,True,False
998,367.55966435185184,1.6152111823865607,-0.0069011044229596585,-3.6084889419818094,2.442828416824341,3.692523241043091,0.0,3.5262534618377686,False,False,False,False
999,396.29616898148146,2.0540555292946605,0.43194324248514016,-1.6811776932344091,6.912966728210449,16.639265060424805,0.875,3.3265128135681152,True,False,False,False
1000,396.3109953703704,1.9446207809401213,0.3225084941306009,-2.1617918859283694,1.1319831609725952,1.3866055011749268,1.0,3.325796127319336,True,False,False,False
1001,396.32581018518516,1.8662657692086604,0.24415348239914003,-2.505910470501144,1.0553466081619263,1.2871036529541016,1.0,3.3272323608398438,True,False,False,False
1002,396.34061342592594,1.9154866200383611,0.29337433322884077,-2.2897429383331476,4.541172981262207,20.298362731933594,1.0,3.3174943923950195,True,False,False,False
1003,396.35542824074076,1.6478669489550335,0.02575466214551314,-3.4650717447743746,6.9713544845581055,14.16456127166748,0.4453125,3.3261771202087402,True,False,True,False
1004,396.37025462962964,1.6977031062712116,0.07559081946169122,-3.24620191708595,5.454242706298828,5.661972522735596,0.0,3.3549675941467285,True,False,True,False
1005,396.38506944444447,1.7202834098123976,0.09817112300287723,-3.1470340154787495,5.391301155090332,5.610616683959961,0.0,3.3660707473754883,True,False,True,False
1006,396.3998726851852,1.7643425269114619,0.14223024010194152,-2.953535722534604,5.119586944580078,5.751844882965088,0.0,3.4251270294189453,True,False,True,False
1007,399.1725578703704,1.8517057526842584,0.22959346587473806,-2.5698549734374083,9.886043548583984,17.605396270751953,1.0,3.315532684326172,True,False,True,False
1008,399.1873726851852,1.663999859300678,0.0418875724911576,-3.39421942594365,0.9718977212905884,1.0656319856643677,1.0,3.3265950679779053,True,False,True,False
1009,399.2021990740741,1.8238651452844412,0.20175285847492086,-2.6921250133540084,1.0375113487243652,1.2774744033813477,1.0,3.326817274093628,True,False,True,False
1010,399.2170138888889,1.8345594600289885,0.21244717321946816,-2.645157852332045,0.99727463722229,1.2453771829605103,1.0,3.326852798461914,True,False,True,False
1011,399.23181712962963,1.9164942611396314,0.29438197433011104,-2.2853175924380458,0.9229492545127869,0.9885983467102051,1.0,3.326735734939575,True,False,True,False
1012,399.24663194444446,1.9039319106907453,0.28181962388122495,-2.3404887698758525,0.8405104875564575,0.9211939573287964,1.0,3.326629877090454,True,False,True,False
1013,399.26145833333334,1.8727713907297296,0.2506591039202093,-2.477339161275015,0.9656788110733032,1.248586893081665,1.0,3.3256354331970215,True,False,True,False
1014,399.27627314814816,1.8808549361751496,0.2587426493656293,-2.441837945008963,0.9481757283210754,1.1234071254730225,1.0,3.325129270553589,True,False,True,False
1015,399.2910763888889,1.7516550269710016,0.12954274016148126,-3.0092565299826535,3.362875461578369,18.34042739868164,1.0,3.3190841674804688,True,False,True,False
1016,399.3058912037037,2.0696467745191276,0.44753448770960724,-1.61270425267443,24.78250503540039,43.86744689941406,1.0,3.2700634002685547,True,False,True,False
1017,399.3207175925926,1.938427661431478,0.3163153746219576,-2.1889907526289236,4.180629730224609,25.340856552124023,1.0,3.3063015937805176,True,False,True,False
1018,399.3355324074074,1.8759686134464424,0.25385632663692204,-2.4632976375546205,0.6252134442329407,0.6547859311103821,1.0,3.3225903511047363,True,False,True,False
1019,399.35033564814813,1.8956176502331605,0.2735053634236402,-2.3770032375175525,0.5926976799964905,0.6034301519393921,1.0,3.324183940887451,True,False,True,False
1020,399.36515046296296,1.9146747728651463,0.29256248605562596,-2.293308398843747,0.5775014758110046,0.5905912518501282,1.0,3.324873447418213,True,False,True,False
1021,399.37997685185184,1.876420547249656,0.25430826044013566,-2.461312840191365,0.5607789754867554,0.5777522325515747,1.0,3.3252782821655273,True,False,True,False
1022,399.39479166666666,1.8298522541195894,0.20773996731006905,-2.665830901815932,0.5579923391342163,0.5649133324623108,1.0,3.325258731842041,True,False,True,False
1023,399.4095949074074,1.8536368190085457,0.23152453219902536,-2.561374139913864,0.5477672815322876,0.5520744323730469,1.0,3.325321674346924,True,False,True,False
1024,399.4244097222222,1.8738100683151344,0.25169778150561406,-2.4727775097275435,0.5347957015037537,0.5392354726791382,1.0,3.325603485107422,True,False,True,False
1025,399.4392361111111,1.8728095389858246,0.25069725217630423,-2.477171622229315,0.5332673788070679,0.5392354726791382,1.0,3.325495719909668,True,False,True,False
1026,399.4540509259259,1.7948131987582627,0.17270091194874237,-2.819714997667142,0.5251821875572205,0.5392354726791382,1.0,3.3253133296966553,True,False,True,False
1027,399.4688541666667,1.8873004951139976,0.2651882083044772,-2.4135304178986563,0.5256944298744202,0.5263965129852295,1.0,3.3250365257263184,True,False,True,False
1028,399.48366898148146,1.9382010488396841,0.3160887620301638,-2.189985987044837,0.5226351022720337,0.5263965129852295,1.0,3.324906349182129,True,False,True,False
1029,399.4984953703704,1.5557031195923325,-0.06640916721718781,-3.869835726149227,5.0538010597229,7.706573486328125,0.18359375,3.3440937995910645,False,False,False,False
1030,399.51331018518516,1.7136467862777731,0.09153449946825276,-3.176180657749755,5.0561347007751465,5.21260929107666,0.0,3.352548122406006,True,False,False,False
1031,399.52811342592594,1.8219554399796691,0.19984315317014878,-2.7005120338126556,4.861344337463379,4.942991733551025,0.0,3.3550307750701904,True,False,False,False
1032,399.54292824074076,1.8093329787792107,0.18722069196969038,-2.755947204915852,4.780803203582764,4.814602375030518,0.0,3.3569812774658203,True,False,False,False
1033,399.55775462962964,1.8844657143983752,0.2623534275888548,-2.4259801732605393,4.755171775817871,4.776085376739502,0.0,3.3587539196014404,True,False,False,False
1034,399.57256944444447,1.9241462366277848,0.3020339498182645,-2.251711739845063,4.767007827758789,4.801763534545898,0.0,3.360269546508789,True,False,True,False
1035,399.5873726851852,1.9392082069549033,0.3170959201453829,-2.185562762321982,4.818032264709473,4.853119373321533,0.0,3.3619747161865234,True,False,True,False
1036,399.6021875,2.063378771092906,0.4412664842833858,-1.640231993650603,4.872929573059082,4.90447473526001,0.0,3.363729476928711,True,False,True,False
1037,399.6170138888889,2.027649683551604,0.40553739674208367,-1.7971465644112754,4.9486083984375,4.99434757232666,0.0,3.366072654724121,True,False,True,False
1038,399.6318287037037,1.8280432050310487,0.20593091822152831,-2.6737758615321634,5.017692565917969,5.0970587730407715,0.0,3.369325637817383,True,False,True,False
1039,399.64663194444444,2.0088920300546573,0.386779743245137,-1.8795261981914093,5.205286979675293,5.276803970336914,0.0,3.3775525093078613,True,False,True,False
1040,399.66144675925926,1.4173183463567032,-0.20479394045281718,-4.47759228491889,3.7872166633605957,5.199770450592041,0.0,3.4686241149902344,False,False,False,False
1041,400.4152199074074,2.3757702495297313,0.7536579627202109,-0.2682749099007986,0.11615227907896042,0.616269052028656,1.0,3.3716578483581543,True,False,False,False
1042,400.4300347222222,1.8136000880800345,0.19148780127051412,-2.737206966348225,7.307503700256348,18.664608001708984,1.0,3.321831226348877,True,False,False,False
1043,400.44483796296294,1.9351742092509951,0.3130619224414748,-2.2032792242222907,0.993061900138855,1.091309905052185,1.0,3.327730178833008,True,False,False,False
1044,400.45965277777776,1.8617983206020028,0.23968603379248243,-2.525530556787946,0.8997287750244141,0.9500815272331238,1.0,3.3287715911865234,True,False,False,False
1045,400.47447916666664,1.7924661713272598,0.17035388451773947,-2.8300226441043375,1.616387128829956,12.861408233642578,1.0,3.3276419639587402,True,False,True,False
1046,400.48929398148147,1.8003989213315983,0.17828663452207794,-2.795183689416688,7.070895671844482,12.527595520019531,0.70703125,3.3190202713012695,True,False,True,False
1047,400.50409722222224,1.6402624164122812,0.018150129602760856,-3.4984692380185596,5.824621677398682,6.294290065765381,0.0,3.3546063899993896,True,False,True,False
1048,400.518912037037,1.8115069895305023,0.1893947027209819,-2.7463994110217693,5.703949451446533,5.982945919036865,0.0,3.3683533668518066,True,False,True,False
1049,401.2149768518519,2.4220874330934015,0.7999751462838811,-0.06485966820633582,0.3972226083278656,0.6419469714164734,0.9765625,3.3766772747039795,True,False,True,False
1050,401.22980324074075,2.1301927575667547,0.5080804707572344,-1.3467991430010042,10.25224494934082,25.299129486083984,1.0,3.3298377990722656,True,False,True,False
1051,401.2446180555556,1.923840180112358,0.30172789330283756,-2.2530558751155536,2.7065589427948,24.731008529663086,1.0,3.320903778076172,True,False,True,False
1052,401.2594212962963,1.842378642876998,0.22026635606747758,-2.610817660496015,0.8405150771141052,0.8858869075775146,1.0,3.3282597064971924,True,False,True,False
1053,401.2742361111111,1.8791628056797578,0.25705051887023744,-2.4492694230742376,0.8087528944015503,0.8473699688911438,1.0,3.3287339210510254,True,False,True,False
1054,401.2890625,1.8240074238482067,0.20189513703868633,-2.691500156093495,0.809782862663269,0.8505797386169434,1.0,3.328612804412842,True,False,True,False
1055,401.3038773148148,1.8090385395397388,0.18692625273021846,-2.7572403195755375,0.8053927421569824,0.8473699688911438,1.0,3.328500747680664,True,False,True,False
1056,401.31868055555555,1.7649055720301488,0.1427932852206284,-2.9510629478516375,2.655604362487793,11.218023300170898,1.0,3.3212342262268066,True,False,True,False
1057,401.3334953703704,1.8129401121940731,0.19082782538455278,-2.7401054403923304,0.7805200815200806,0.824901819229126,1.0,3.326406478881836,True,False,True,False
1058,401.34832175925925,1.7736554529347899,0.15154316612526952,-2.9126353276452264,0.7634153962135315,0.8088532090187073,1.0,3.3270530700683594,True,False,True,False
1059,401.3631365740741,1.7728526713893502,0.15074038457982986,-2.916160973842366,0.7509274482727051,0.7960142493247986,1.0,3.3269755840301514,True,False,True,False
1060,401.3779398148148,2.0459787160522462,0.4238664292427259,-1.7166493430934349,6.958439350128174,13.98481559753418,1.0,3.309208393096924,True,False,True,False
1061,401.3927546296296,1.8363072187078586,0.21419493189833827,-2.6374820670892474,0.9144735932350159,0.8602089881896973,1.0,3.320852279663086,True,False,True,False
1062,401.4075810185185,1.981463229021358,0.3593509422118377,-1.9999876719316703,10.460676193237305,21.184249877929688,1.0,3.299884796142578,True,False,True,False
1063,401.4223958333333,1.7543001717830549,0.1321878849735345,-2.997639615268463,5.479581356048584,7.324615478515625,0.1015625,3.3375072479248047,True,False,True,False
1064,401.4371990740741,1.8852367538274553,0.2631244670179349,-2.4225939317027665,5.087079048156738,5.238287448883057,0.0,3.3484573364257812,True,False,True,False
1065,401.45201388888887,2.0083226476868656,0.3862103608773453,-1.882026804727679,4.827090263366699,4.942991733551025,0.0,3.3541808128356934,True,False,True,False
1066,401.4668402777778,1.903582341163542,0.2814700543540216,-2.342024005060594,4.768329620361328,4.827441215515137,0.0,3.358449935913086,True,False,True,False
1067,401.4816550925926,1.9195258807195539,0.2974135939100335,-2.2720033625534093,4.8308515548706055,4.968669414520264,0.0,3.3615493774414062,True,False,True,False
1068,401.49645833333335,2.020450739188982,0.3983384523794615,-1.8287628004342356,5.119928359985352,5.2800140380859375,0.0,3.3650102615356445,True,False,True,False
1069,401.5112731481481,1.8920413995928005,0.26992911278328013,-2.392709371448792,5.374024868011475,5.53358268737793,0.0,3.370008707046509,True,False,True,False
1070,401.52609953703706,1.756873562058728,0.13476127524920756,-2.9863378312517246,5.5116167068481445,5.751844882965088,0.0,3.3960046768188477,True,False,True,False
1071,405.178125,1.8870882107006512,0.2649759238911309,-2.414462725995271,6.670580863952637,15.210933685302734,1.0,3.3306689262390137,True,False,True,False
1072,405.19292824074074,1.3267323004719995,-0.29537998633752083,-4.875426976064401,1.7252326011657715,1.7493054866790771,1.0,3.325624942779541,False,False,False,False
1073,405.20774305555557,1.8117325268080702,0.18962023999854982,-2.745408899157754,0.9702247977256775,1.0271152257919312,1.0,3.328188896179199,True,False,False,False
1074,405.22256944444445,2.0570847332068043,0.43497244639728394,-1.6678740724500516,6.584306716918945,27.838029861450195,1.0,3.317349910736084,True,False,False,False
1075,405.2373842592593,1.9610474023729663,0.3389351155634459,-2.089649650328221,4.768763542175293,26.130451202392578,1.0,3.3138926029205322,True,False,False,False
1076,405.2521875,1.8469356313989924,0.22482334458947206,-2.590804333901445,0.9736246466636658,1.0142762660980225,1.0,3.3257908821105957,True,False,False,False
1077,405.2670023148148,1.8966788542596658,0.2745665674501454,-2.372342654620884,0.936640739440918,1.1426656246185303,1.0,3.3266801834106445,True,False,True,False
1078,405.2818287037037,1.8911959188128553,0.26908363200333496,-2.396422543623092,0.9162287712097168,1.1426656246185303,1.0,3.326791763305664,True,False,True,False
1079,405.2966435185185,1.8072356269312926,0.18512334012177223,-2.7651583291733566,0.8962321281433105,1.0752612352371216,1.0,3.326846122741699,True,False,True,False
1080,405.31144675925924,1.8283856633142357,0.20627337650471533,-2.6722718574221336,0.8879430890083313,0.9789692163467407,1.0,3.3267362117767334,True,False,True,False
1081,405.32626157407407,1.841968541486136,0.21985625467661563,-2.61261873878107,0.886588990688324,0.998227596282959,1.0,3.326443672180176,True,False,True,False
1082,405.34108796296294,1.8056581469540167,0.18354586014449636,-2.7720862864919322,0.8665609359741211,0.873047947883606,1.0,3.326097249984741,True,False,True,False
1083,405.35590277777777,2.04929606291307,0.4271837761035495,-1.7020802596224767,7.208312034606934,15.823992729187012,1.0,3.3066658973693848,True,False,True,False
1084,405.37070601851855,1.8586989748480334,0.23658668803851302,-2.539142225657486,0.9597609043121338,1.0656319856643677,1.0,3.3220691680908203,True,False,True,False
1085,405.3855208333333,1.8842699835876124,0.2621576967780921,-2.4268397814472853,0.9524311423301697,1.1811825037002563,1.0,3.3238017559051514,True,False,True,False
1086,405.4003472222222,1.8999391583644205,0.27782687155490016,-2.358024090830094,0.9362395405769348,1.0945196151733398,1.0,3.3241119384765625,True,False,True,False
1087,405.415162037037,1.9319482879745007,0.30983600116498033,-2.2174467859274056,0.861987829208374,0.914774477481842,1.0,3.3243887424468994,True,False,True,False
1088,405.4299652777778,1.7697550002581994,0.14764271344867907,-2.9297652881238423,12.926497459411621,46.18166732788086,1.0,3.290823459625244,True,False,True,False
1089,405.44478009259257,2.0245316175361308,0.4024193307266104,-1.8108404486968968,0.7249487042427063,0.9885983467102051,1.0,3.320490598678589,True,False,True,False
1090,405.4596064814815,1.9748056243317507,0.3526933375222303,-2.029226458983155,0.5754479169845581,0.6034301519393921,1.0,3.3236875534057617,True,False,True,False
1091,405.47442129629627,1.9356715620995495,0.31355927529002914,-2.2010949560498307,0.5595972537994385,0.5777522325515747,1.0,3.3244118690490723,True,False,True,False
1092,405.48922453703705,1.9580044309256692,0.33589214411614887,-2.103013735205497,0.5413419008255005,0.5520744323730469,1.0,3.324883460998535,True,False,True,False
1093,405.5040393518519,1.937046820154828,0.31493453334530774,-2.195055114501128,0.5276480317115784,0.5392354726791382,1.0,3.325164556503296,True,False,True,False
1094,405.51886574074075,1.6377518451462787,0.01563955833675834,-3.5094951342750336,4.699453353881836,7.639168739318848,0.265625,3.341170310974121,True,False,True,False
1095,405.5336805555556,1.8989955494612265,0.27688326265170615,-2.362168220898892,5.154984951019287,5.340999126434326,0.0,3.351865291595459,True,False,True,False
1096,405.5484837962963,1.970350806455702,0.3482385196461817,-2.048791073781366,4.9454345703125,5.020025730133057,0.0,3.355165719985962,True,False,True,False
1097,405.5632986111111,2.156714215208434,0.5346019283989139,-1.2303225288982578,4.852467060089111,4.891636371612549,0.0,3.357513666152954,True,False,True,False
1098,405.578125,2.1548658646677437,0.5327535778582233,-1.238440092252554,4.815003395080566,4.840280055999756,0.0,3.35915207862854,True,False,True,False
1099,405.5929398148148,2.1604991306599506,0.5383868438504302,-1.2136999833951412,4.818246841430664,4.840280055999756,0.0,3.3606276512145996,True,False,True,False
1100,405.60774305555555,2.1385719298193644,0.516459643009844,-1.309999596529853,4.846549034118652,4.8787970542907715,0.0,3.362152338027954,True,False,True,False
1101,405.6225578703704,2.1613524576583565,0.5392401708488361,-1.209952352294331,4.8904829025268555,4.917313575744629,0.0,3.364008665084839,True,False,True,False
1102,405.63738425925925,2.0155599863315268,0.3934476995220064,-1.850241949165279,4.95334005355835,5.032864570617676,0.0,3.3663389682769775,True,False,True,False
1103,405.6521990740741,1.956930998606266,0.3348187117967456,-2.107728022169727,5.033015251159668,5.135575771331787,0.0,3.370100498199463,True,False,True,False
1104,405.6670023148148,2.0928055273444746,0.4706932405349542,-1.510995924558268,5.270585060119629,5.3570475578308105,0.0,3.381696939468384,True,False,True,False
1105,406.15393518518516,2.041343269373263,0.4192309825637428,-1.73700724126466,6.20928955078125,17.554039001464844,1.0,3.368715763092041,True,False,True,False
1106,406.16873842592594,2.1020861568604317,0.4799738700509113,-1.4702373690759367,7.886518955230713,30.072006225585938,1.0,3.3123865127563477,True,False,True,False
1107,406.18355324074076,1.860128588384319,0.2380163015747987,-2.532863666370446,0.9200403690338135,0.9950178265571594,1.0,3.328469753265381,True,False,True,False
1108,406.19837962962964,1.8766878225345234,0.254575535725003,-2.460139023856105,0.8697303533554077,1.0014373064041138,1.0,3.329253911972046,True,False,True,False
1109,406.21319444444447,1.8865478801236573,0.2644355933141369,-2.416835743231154,0.9185358285903931,1.2550063133239746,1.0,3.3290493488311768,True,False,True,False
1110,406.2279976851852,1.9851449187475025,0.3630326319379822,-1.983818471909864,5.519622802734375,12.354269981384277,1.0,3.3143222332000732,True,False,True,False
1111,406.2428125,1.8637358516114861,0.24162356480196578,-2.5170213317388277,0.8212426900863647,0.873047947883606,1.0,3.3259787559509277,True,False,True,False
1112,406.2576388888889,1.8765261788940186,0.25441389208449827,-2.4608489284243835,0.7630141973495483,0.7831753492355347,1.0,3.3273394107818604,True,False,True,False
1113,406.2724537037037,1.8011085293665363,0.17899624255701596,-2.792067241506231,0.7385043501853943,0.770336389541626,1.0,3.327625274658203,True,False,True,False
1114,406.28725694444444,1.8509029736006135,0.22879068679109316,-2.5733806088228675,0.7253499627113342,0.7318195700645447,1.0,3.3277077674865723,True,False,True,False
1115,406.30207175925926,1.9713504969475153,0.34923821013799494,-2.044400645275878,0.720384955406189,0.7318195700645447,1.0,3.327324390411377,True,False,True,False
1116,406.31689814814814,1.9218558966440404,0.2997436098345201,-2.2617704270429884,12.6431245803833,41.55323028564453,0.99609375,3.301328182220459,True,False,True,False
1117,406.33171296296297,2.0055200333145913,0.3834077465050709,-1.8943352923352832,11.749313354492188,46.27781295776367,0.90625,3.2941231727600098,True,False,True,False
1118,406.3465162037037,2.0721670390025837,0.45005475219306335,-1.6016357858638033,1.4723656177520752,9.719077110290527,1.0,3.321908712387085,True,False,True,False
1119,406.3613310185185,2.0112104432374025,0.38909815642788215,-1.8693442194606118,14.99227523803711,29.285625457763672,0.9921875,3.2805142402648926,True,False,True,False
1120,406.3761574074074,2.316015146196787,0.6939028593872665,-0.5307066436921981,5.055232048034668,8.053224563598633,0.13671875,3.331174373626709,True,False,True,False
1121,406.3909722222222,1.8776883076642463,0.25557602085472597,-2.45574510546954,4.665550231933594,4.891636371612549,0.0,3.342752456665039,True,False,True,False
1122,406.40577546296294,1.8816620983309114,0.259549811521391,-2.4382930601008557,4.412779808044434,4.480789661407471,0.0,3.34629487991333,True,False,True,False
1123,406.42059027777776,1.8597224160363954,0.23761012922687508,-2.5346474891326594,4.31558895111084,4.352400302886963,0.0,3.348987102508545,True,False,True,False
1124,406.43541666666664,1.8534715836276259,0.23135929681810552,-2.562099818643877,4.284896373748779,4.301044940948486,0.0,3.3513453006744385,True,False,True,False
1125,406.45023148148147,1.8750138700819903,0.2529015832724699,-2.4674906678145287,4.2853827476501465,4.3011698722839355,0.0,3.353652000427246,True,False,True,False
1126,406.46503472222224,1.8898078795183568,0.26769559270883647,-2.402518517662267,4.298437118530273,4.326722621917725,0.0,3.3558120727539062,True,False,True,False
1127,406.479849537037,1.9493683570781202,0.3272560702685998,-2.140941538967044,4.325634002685547,4.36523962020874,0.0,3.357786178588867,True,False,True,False
1128,406.49467592592595,1.9609308816158595,0.33881859480633914,-2.090161384767702,4.370832920074463,4.406840801239014,0.0,3.3593907356262207,True,False,True,False
1129,406.5094907407407,2.0947989593401415,0.47268667253062113,-1.5022411942400342,4.430035591125488,4.467950820922852,0.0,3.360987663269043,True,False,True,False
1130,406.5242939814815,2.0662941675122988,0.4441818807027784,-1.627428191224432,4.52229118347168,4.583501815795898,0.0,3.362704277038574,True,False,True,False
1131,406.5391087962963,2.0557259093316897,0.4336136225221694,-1.673841738566811,4.564694404602051,4.660534858703613,0.0,3.3645668029785156,True,False,True,False
1132,406.5539351851852,1.9254136412720417,0.3033013544625214,-2.246145567591048,4.703364849090576,4.814602375030518,0.0,3.3675241470336914,True,False,True,False
1133,406.56875,2.0879970701337554,0.465884783324235,-1.5321136482720028,5.009332656860352,5.186971664428711,0.0,3.373903274536133,True,False,True,False
1134,406.58355324074074,1.4232721876999455,-0.1988400991095749,-4.451444277145894,4.526119232177734,5.0970587730407715,0.0,3.42970609664917,False,False,False,False
1135,408.1885300925926,1.7278477716217975,0.10573548481227713,-3.113812943571209,4.321265697479248,11.7251615524292,1.0,3.341197967529297,True,False,False,False
1136,408.2033449074074,2.144433460052677,0.5223211732431567,-1.284256999563229,7.360574245452881,15.766218185424805,1.0,3.3111417293548584,True,False,False,False
1137,408.2181712962963,1.8603207180803065,0.23820843127078617,-2.5320198735156354,1.0310643911361694,1.1949005126953125,1.0,3.326801061630249,True,False,False,False
1138,408.23298611111113,1.89978682815016,0.2776745413406396,-2.358693092806619,1.1485334634780884,1.4508001804351807,1.0,3.3272712230682373,True,False,False,False
1139,408.24778935185185,2.0442880933955783,0.4221758065860579,-1.7240741990509978,4.675179481506348,8.438392639160156,1.0,3.3152947425842285,True,False,True,False
1140,408.2626041666667,1.8559722041169615,0.23385991730744116,-2.5511176240869675,1.0560662746429443,1.1073585748672485,1.0,3.324855327606201,True,False,True,False
1141,408.27743055555555,1.9340278967565265,0.3119156099470062,-2.2083135854502176,0.9756591320037842,1.0142762660980225,1.0,3.325867176055908,True,False,True,False
1142,408.2922453703704,1.8223263138114305,0.20021402700191016,-2.6988832346430733,3.5632071495056152,11.429865837097168,1.0,3.3161768913269043,True,False,True,False
1143,408.3070486111111,2.0628285686735497,0.44071628186402934,-1.6426483659233344,8.216084480285645,16.388906478881836,1.0,3.304307460784912,True,False,True,False
1144,408.3218634259259,1.9064663223021234,0.2843540354926031,-2.329358171881416,1.0104146003723145,1.248586893081665,1.0,3.3228635787963867,True,False,True,False
1145,408.3366898148148,1.9644677405152255,0.3423554537057052,-2.074628251003971,3.1534643173217773,8.419134140014648,1.0,3.3185014724731445,True,False,True,False
1146,408.35150462962963,2.081218393696602,0.45910610688708187,-1.5618841567472552,5.35938835144043,7.891044616699219,1.0,3.307933807373047,True,False,True,False
1147,408.36630787037035,1.925840487761576,0.30372820095205566,-2.2442709483859384,0.7746996879577637,0.7960142493247986,1.0,3.322044849395752,True,False,True,False
1148,408.3811226851852,1.866725901941022,0.2446136151315017,-2.5038896651808846,0.7393924593925476,0.7574974298477173,1.0,3.324094772338867,True,False,True,False
1149,408.39594907407405,1.866709197959939,0.2445969111504187,-2.503963025521213,0.7213693261146545,0.7318195700645447,1.0,3.324517250061035,True,False,True,False
1150,408.4107638888889,1.9327998751727216,0.3106875883632012,-2.213706795659822,0.7084486484527588,0.718980610370636,1.0,3.3246171474456787,True,False,True,False
1151,408.42556712962966,1.9110652723418258,0.2889529855323054,-2.309160559205316,0.6195289492607117,0.7061417102813721,1.0,3.3246822357177734,True,False,True,False
1152,408.4403819444444,1.5897850501589237,-0.03232723665059667,-3.7201551192943905,5.019728660583496,7.668056488037109,0.18359375,3.344802141189575,False,False,False,False
1153,408.45520833333336,1.820160734812546,0.19804844800302557,-2.7083939980698046,5.069173812866211,5.202980041503906,0.0,3.354858875274658,True,False,False,False
1154,408.47002314814813,1.8253056676949453,0.20319338088542493,-2.685798544606267,4.889749050140381,4.947821617126465,0.0,3.3571605682373047,True,False,False,False
1155,408.4848263888889,1.9257137080680231,0.30360142125850276,-2.2448277378973422,4.792485237121582,4.827441215515137,0.0,3.358900785446167,True,False,False,False
1156,408.49964120370373,1.921326062811478,0.29921377600195775,-2.264097344804739,4.773728370666504,4.788924217224121,0.0,3.3605854511260986,True,False,False,False
1157,408.5144675925926,1.9026857199778102,0.28057343316828987,-2.3459617750451027,4.777966022491455,4.814602375030518,0.0,3.3624000549316406,True,False,True,False
1158,408.5292824074074,2.0111452998688457,0.38903301305932536,-1.8696303153118752,4.847702980041504,4.894845962524414,0.0,3.3647427558898926,True,False,True,False
1159,408.54408564814815,1.9957768211915436,0.3736645343820233,-1.9371254124678188,4.956933975219727,5.074590682983398,0.0,3.3680741786956787,True,False,True,False
1160,408.55891203703703,1.9309435608480279,0.3088312740385075,-2.2218593342635433,5.161961555480957,5.305691719055176,0.0,3.375894546508789,True,False,True,False
1161,408.57372685185186,1.4732463959985698,-0.14886589081095059,-4.231968158837017,3.9995222091674805,5.3024821281433105,0.0,3.4632108211517334,False,False,False,False
1162,441.24894675925924,1.7042235773798187,0.08211129057029831,-3.2175653916224407,0.9586937427520752,0.7318195700645447,1.0,3.350693941116333,True,False,False,False
1163,441.26376157407407,1.9357417078490826,0.31362942103956226,-2.200786890802826,17.76703643798828,39.428382873535156,0.9921875,3.290895938873291,True,False,False,False
1164,441.27858796296294,1.861708145728053,0.23959585891853274,-2.5259265856992035,1.1304054260253906,1.2999426126480103,1.0,3.3235087394714355,True,False,False,False
1165,441.29340277777777,1.9115128491634539,0.2894005623539335,-2.307194896780632,0.9437122344970703,1.0142762660980225,1.0,3.325315475463867,True,False,False,False
1166,441.30820601851855,1.9353577063083027,0.3132454194987824,-2.2024733440847144,0.8487241268157959,0.8858869075775146,1.0,3.3259963989257812,True,False,True,False
1167,441.3230208333333,1.678235163040533,0.05612287623101264,-3.331700992652987,2.3132524490356445,6.108125686645508,1.0,3.3212528228759766,True,False,True,False
1168,441.3378472222222,1.8759445336700487,0.2538322468605283,-2.4634033908228075,0.9142227172851562,0.9500815272331238,1.0,3.3243215084075928,True,False,True,False
1169,441.352662037037,1.891635692510225,0.26952340570070454,-2.3944911508643263,0.891002357006073,0.9115647673606873,1.0,3.3249056339263916,True,False,True,False
1170,441.3674652777778,1.880629245050272,0.2585169582407516,-2.4428291325377165,1.2503060102462769,5.578519344329834,1.0,3.3242297172546387,True,False,True,False
1171,441.38228009259257,1.914242985505577,0.29213069869605657,-2.2952047173015973,17.401226043701172,37.66944885253906,1.0,3.2785115242004395,True,False,True,False
1172,441.3971064814815,1.6887720421942807,0.06665975538476032,-3.285425255337946,3.7407453060150146,7.587813377380371,0.5078125,3.3277029991149902,True,False,True,False
1173,441.41192129629627,1.7005874670329804,0.07847518022346,-3.2335344166822892,5.276623725891113,5.546422004699707,0.0,3.3436074256896973,True,False,True,False
1174,441.42672453703705,1.7898055872187295,0.16769330040920916,-2.841707364932433,4.970374584197998,5.061751842498779,0.0,3.3487331867218018,True,False,True,False
1175,441.4415393518519,1.7727256045208812,0.15061331771136088,-2.9167190245650625,4.816859245300293,4.865958213806152,0.0,3.3529744148254395,True,False,True,False
1176,441.45636574074075,1.773020805936469,0.15090851912694858,-2.9154225625896104,4.75115966796875,4.788924217224121,0.0,3.356785297393799,True,False,True,False
1177,441.4711805555556,1.7964591945035342,0.17434690769401384,-2.8124861336345917,4.742934703826904,4.763246536254883,0.0,3.3599119186401367,True,False,True,False
1178,441.4859837962963,1.8942207544307927,0.2721084676212724,-2.383138107459936,4.796297073364258,4.865958213806152,0.0,3.3627142906188965,True,False,True,False
1179,441.5007986111111,1.7896153861490265,0.16750309933950613,-2.8425426876698574,4.91972541809082,4.99434757232666,0.0,3.36586332321167,True,False,True,False
1180,441.515625,1.9008888317112231,0.2787765449017028,-2.353853327011843,5.166569709777832,5.3666768074035645,0.0,3.37172794342041,True,False,True,False
1181,441.5304398148148,1.6150083861923168,-0.007103900617203562,-3.609379579833529,4.8400115966796875,5.430871486663818,0.0,3.4233686923980713,False,False,False,False
1182,443.1177083333333,1.8302514419242573,0.2081391551147369,-2.664077753685576,0.8165083527565002,5.597777843475342,1.0,3.3509411811828613,True,False,False,False
1183,443.1325115740741,1.9600380896235303,0.33792580281400997,-2.0940823377473423,2.2461624145507812,14.251222610473633,1.0,3.334939956665039,True,False,False,False
1184,443.14732638888887,2.3257839581708706,0.7036716713613502,-0.4878040944462061,17.147098541259766,22.93997573852539,1.0,3.287872552871704,True,False,False,False
1185,443.1621527777778,1.8887261571027636,0.26661387029324324,-2.407269212969803,1.1917645931243896,1.4508001804351807,1.0,3.3226966857910156,True,False,False,False
1186,443.1769675925926,1.8511456271408098,0.22903334033128941,-2.5723149259654634,1.1507902145385742,1.0784709453582764,1.0,3.3247220516204834,True,False,True,False
1187,443.19177083333335,1.849271849784905,0.22715956297538464,-2.5805441584966045,1.0886592864990234,1.2838939428329468,1.0,3.32462215423584,True,False,True,False
1188,443.2065856481481,1.8399170851517515,0.2178047983422311,-2.621628299682173,0.9619174003601074,1.0174859762191772,1.0,3.325270175933838,True,False,True,False
1189,443.22141203703706,1.8223641869188039,0.2002519001092835,-2.698716903992172,0.9033397436141968,0.9244036078453064,1.0,3.325343132019043,True,False,True,False
1190,443.2362268518518,1.8371315952224823,0.2150193084129619,-2.6338615803699095,1.762316107749939,9.770432472229004,1.0,3.32346510887146,True,False,True,False
1191,443.2510300925926,1.7255014955652732,0.10338920875575286,-3.124117290131136,7.750957489013672,10.10424518585205,0.6640625,3.3134610652923584,True,False,True,False
1192,443.2658449074074,1.7625304319793968,0.1404181451698765,-2.961494058949266,5.719747543334961,6.207627296447754,0.0,3.3497796058654785,True,False,True,False
1193,443.2806712962963,1.7971437189088353,0.17503143209931493,-2.809479847702748,5.210209846496582,5.369462966918945,0.0,3.355689525604248,True,False,True,False
1194,443.29548611111113,1.8044781133395027,0.18236582652998234,-2.777268743723469,4.964858055114746,5.058542251586914,0.0,3.3594980239868164,True,False,True,False
1195,443.31028935185185,1.7377096797946312,0.11559739298511085,-3.0705015355753424,4.864202976226807,4.891636371612549,0.0,3.362830400466919,True,False,True,False
1196,443.3251041666667,1.8422646513741536,0.22015236456463327,-2.611318286987484,4.938077449798584,5.023235321044922,0.0,3.367325782775879,True,False,True,False
1197,443.33993055555555,1.9184356193223426,0.2963233325128223,-2.276791559256238,5.128003120422363,5.263965129852295,0.0,3.381232738494873,True,False,True,False
1198,456.3440972222222,1.7580333890397828,0.13592110223026244,-2.981244117266488,2.5018115043640137,8.682332992553711,0.8515625,3.3371899127960205,True,False,True,False
1199,461.05155092592594,1.571337502586536,-0.050774784222984426,-3.801172833658411,0.4020192623138428,3.5563864707946777,0.91015625,3.3543834686279297,False,False,False,False
1200,461.06636574074076,1.9627497534789893,0.3406374666694689,-2.0821732855098705,1.067537784576416,3.594902992248535,1.0,3.3360748291015625,True,False,False,False
1201,461.08119212962964,2.4456144175187804,0.82350213070926,0.03846585495833521,14.947731018066406,20.52475929260254,1.0,3.289179801940918,True,True,False,False
1202,461.09600694444447,2.520497157265899,0.8983848704563788,0.367334957792806,20.367172241210938,20.773405075073242,1.0,3.267758846282959,True,True,False,False
1203,461.1108101851852,1.9471924991603136,0.3250802123507932,-2.150497445224492,12.904973983764648,44.03435516357422,0.9921875,3.2780723571777344,True,False,False,False
1204,461.125625,1.8679892748000035,0.2458769879904832,-2.498341199672254,4.2606282234191895,7.738670825958252,1.0,3.3044867515563965,True,False,True,False
1205,461.20023148148147,2.3639615903055753,0.7418493034960549,-0.3201360354130447,0.45487961173057556,0.5263965129852295,1.0,3.2948334217071533,True,False,True,False
1206,461.21503472222224,2.3205728195723627,0.6984605327628424,-0.5106903093660242,2.5290403366088867,6.281451225280762,1.0,3.28871488571167,True,False,True,False
1207,461.229849537037,2.2078028737974846,0.5856905869879643,-1.0059519814004405,0.9623688459396362,1.0881000757217407,1.0,3.292013645172119,True,False,True,False
1208,461.24467592592595,2.060200970201118,0.4380886833915978,-1.6541882208372438,1.0664345026016235,1.319201111793518,1.0,3.2911081314086914,True,False,True,False
1209,461.2594907407407,1.7760969761695187,0.15398468935999832,-2.9019126756900984,6.777284145355225,13.519403457641602,1.0,3.271703004837036,True,False,True,False
1210,461.2742939814815,1.5039309403136645,-0.11818134649585588,-4.097208151472595,7.267692565917969,16.56865119934082,1.0,3.263866662979126,False,False,False,False
1211,461.2891087962963,1.4094440780736521,-0.21266820873586822,-4.51217440029648,3.9503562450408936,10.95803451538086,1.0,3.269066333770752,False,False,False,False
1212,461.3039351851852,1.3792170078376458,-0.24289527897187457,-4.644925278581652,0.654535174369812,0.6804637908935547,1.0,3.2836289405822754,False,False,False,False
1213,461.31875,1.885167449351918,0.2630551625423976,-2.4228983022529005,16.753467559814453,48.0725212097168,0.99609375,3.2370805740356445,True,False,False,False
1214,461.3937384259259,1.9215291817447138,0.2994168949351934,-2.263205289551853,15.076130867004395,47.752037048339844,0.984375,3.239199638366699,True,False,False,False
1215,461.40856481481484,1.453053024288198,-0.1690592625213223,-4.320653162350773,1.1581625938415527,2.6319828033447266,1.0,3.2706785202026367,False,False,False,False
1216,461.4233796296296,1.4466279166782212,-0.17548437013129914,-4.348870871564454,0.7225950956344604,0.7446585297584534,1.0,3.2779808044433594,False,False,False,False
1217,461.4381828703704,1.4554175735628003,-0.16669471324672003,-4.310268563694628,0.6846766471862793,0.7318195700645447,1.0,3.279442071914673,False,False,False,False
1218,461.4529976851852,1.4729656536454299,-0.1491466331640905,-4.233201119678414,4.9759416580200195,7.613491058349609,0.3125,3.2999472618103027,False,False,False,False
1219,461.4678240740741,1.6394912524566903,0.017378965647169897,-3.5018560264703438,5.926612854003906,6.188368797302246,0.0,3.3165788650512695,True,False,False,False
1220,461.4826388888889,1.7390992731412926,0.11698698633177229,-3.064398736468838,5.58719539642334,5.700489044189453,0.0,3.3203256130218506,True,False,False,False
1221,461.49744212962963,1.7225362986811024,0.10042401187158201,-3.1371398056309427,5.409055233001709,5.495066165924072,0.0,3.322726011276245,True,False,False,False
1222,461.51225694444446,1.691898818008855,0.06978653119933464,-3.271693119462894,5.264486312866211,5.353837966918945,0.0,3.3245325088500977,True,False,False,False
1223,461.52708333333334,1.7893682825334831,0.16725599572396277,-2.8436279143138785,5.205988883972168,5.238287448883057,0.0,3.3264524936676025,True,False,True,False
1224,461.54189814814816,1.873179579252462,0.25106729244294157,-2.4755464839008745,5.183194160461426,5.3024821281433105,0.0,3.3283369541168213,True,False,True,False
1225,461.5567013888889,1.9238909071703048,0.3017786203607844,-2.2528330926413447,5.1392364501953125,5.174092769622803,0.0,3.3302392959594727,True,False,True,False
1226,461.5715162037037,2.163485448511426,0.5413731617019055,-1.2005847090888078,5.075443267822266,5.122736930847168,0.0,3.3324532508850098,True,False,True,False
1227,461.5863425925926,2.462367717101563,0.8402554302920426,0.11204279167182918,5.013641357421875,5.124982833862305,0.0,3.3351399898529053,True,True,True,False
1228,461.6011574074074,2.7521483428917692,1.1300360560822489,1.3846978086258996,4.976243019104004,5.071381092071533,0.0,3.338630437850952,True,True,True,False
1229,461.61596064814813,2.9183746324316653,1.296262345622145,2.1147283990276344,5.063807487487793,5.0970587730407715,0.0,3.343357801437378,True,True,True,False
1230,461.63077546296296,2.6555039045206703,1.03339161771115,0.9602559432724416,5.08366584777832,5.109898090362549,0.0,3.3484039306640625,True,True,True,False
1231,461.64560185185184,2.352740827106351,0.7306285402968304,-0.3694152463354654,5.034870147705078,5.071381092071533,0.0,3.3526368141174316,True,False,True,False
1232,461.66041666666666,2.22330891637517,0.6011966295656495,-0.9378527327851061,4.965510368347168,5.007186412811279,0.0,3.3553333282470703,True,False,True,False
1233,461.6752199074074,1.898352724249063,0.27624043743954263,-2.364991372823054,4.907837867736816,4.942991733551025,0.0,3.3569672107696533,True,False,True,False
1234,461.6900347222222,1.9740054058291137,0.3518931190195933,-2.0327408488401835,4.859588623046875,4.891636371612549,0.0,3.358175754547119,True,False,True,False
1235,461.7048611111111,1.9321297502376242,0.3100174634281039,-2.216649842174102,4.839276313781738,4.865958213806152,0.0,3.3592357635498047,True,False,True,False
1236,461.7196759259259,1.902048647053237,0.2799363602437166,-2.348759664142805,4.824034214019775,4.840280055999756,0.0,3.3602027893066406,True,False,True,False
1237,461.7344791666667,2.001291247280972,0.3791789604714515,-1.912907223245555,4.808183193206787,4.827441215515137,0.0,3.3612165451049805,True,False,True,False
1238,461.74929398148146,1.9026029496727983,0.28049066286327795,-2.346325284660837,4.799356460571289,4.814602375030518,0.0,3.3623337745666504,True,False,True,False
1239,461.7641203703704,1.8541153839019757,0.23200309709245537,-2.5592723844535015,4.808487892150879,4.827441215515137,0.0,3.3635385036468506,True,False,True,False
1240,461.77893518518516,1.9165961011535555,0.29448381434403514,-2.284870332707366,4.814351558685303,4.840280055999756,0.0,3.364896535873413,True,False,True,False
1241,461.79373842592594,1.7312476931058776,0.1091354062963572,-3.0988812098772627,4.829222679138184,4.853119373321533,0.0,3.3664519786834717,True,False,True,False
1242,461.80855324074076,1.6555800124754985,0.03346772566597811,-3.431197606506374,4.829748153686523,4.840280055999756,0.0,3.368358612060547,True,False,True,False
1243,461.82337962962964,1.7143700809568199,0.09225779414729951,-3.1730041010026815,4.793388366699219,4.840280055999756,0.0,3.3706796169281006,True,False,True,False
1244,461.83819444444447,1.878942830937472,0.2568305441279517,-2.450235505463665,4.686072826385498,4.753818511962891,0.0,3.3742823600769043,True,False,True,False
1245,461.8529976851852,2.124246287925275,0.5021340011157547,-1.3729147758241353,4.488463401794434,4.622017860412598,0.0,3.3824615478515625,True,False,True,False
1246,461.8678125,1.4737385308265782,-0.1483737559829421,-4.229806807103529,4.034896373748779,4.580162525177002,0.0,3.452378988265991,False,False,False,False
1247,462.04479166666664,1.6546560210626065,0.0325437342530861,-3.435255580720602,13.630523681640625,20.888954162597656,1.0,3.3442862033843994,True,False,False,False
1248,462.05960648148147,2.142453455632835,0.5203411688233148,-1.2929527588177738,14.892668724060059,21.12326431274414,1.0,3.290584087371826,True,False,False,False
1249,462.07440972222224,1.9262540159604662,0.30414172915094584,-2.2424548202871932,1.9926937818527222,7.501150608062744,1.0,3.319326162338257,True,False,False,False
1250,462.089224537037,2.0148132698798866,0.39270098307036627,-1.853521369367477,2.8958683013916016,5.331369876861572,1.0,3.319040536880493,True,False,False,False
1251,462.10405092592595,1.9160747274449261,0.2939624406354058,-2.287160095400043,2.3816733360290527,5.957268238067627,1.0,3.3183326721191406,True,False,True,False
1252,462.1188657407407,1.8197225587341808,0.1976102719246604,-2.710318374424918,0.9357881546020508,0.9757594466209412,1.0,3.323732852935791,True,False,True,False
1253,462.1336689814815,1.8617646531720262,0.23965236636250586,-2.525678416996166,0.9038734436035156,0.9629204869270325,1.0,3.3241360187530518,True,False,True,False
1254,462.1484837962963,1.8864906077029264,0.26437832089340607,-2.4170872715497826,0.9069005846977234,1.030324935913086,1.0,3.324089765548706,True,False,True,False
1255,462.1633101851852,1.8500813354468992,0.22796904863737888,-2.576989069242172,1.034387230873108,1.2068603038787842,1.0,3.3233611583709717,True,False,True,False
1256,462.178125,1.9272083711212897,0.3050960843117694,-2.2382634949352442,13.677550315856934,26.146501541137695,1.0,3.289011001586914,True,False,True,False
1257,462.19292824074074,2.0740429063637804,0.45193061955426006,-1.5933973744729197,4.10073709487915,13.028313636779785,1.0,3.304334878921509,True,False,True,False
1258,462.20774305555557,1.917326506409129,0.2952142195996086,-2.281662547817053,2.8820912837982178,9.439830780029297,1.0,3.313699722290039,True,False,True,False
1259,462.22256944444445,1.884752717252919,0.2626404304433987,-2.4247197176254556,4.527648448944092,24.666812896728516,1.0,3.3063693046569824,True,False,True,False
1260,462.2373842592593,2.347747327647768,0.7256350408382477,-0.3913456363358083,1.7609748840332031,8.666284561157227,0.98828125,3.308990955352783,True,False,True,False
1261,462.2521875,2.46464739972707,0.8425351129175496,0.12205467401386993,0.5307611227035522,0.5649133324623108,1.0,3.317783832550049,True,True,True,False
1262,462.2670023148148,2.571129203283525,0.9490169164740048,0.5897001597702212,0.5558358430862427,0.5777522325515747,1.0,3.319049119949341,True,True,True,False
1263,462.2818287037037,2.5253034526835103,0.90319116587399,0.3884431873699432,0.5645120739936829,0.5777522325515747,1.0,3.319257974624634,True,True,True,False
1264,462.2966435185185,2.448496339113425,0.8263840523039045,0.051122643057577744,0.5608582496643066,0.5777522325515747,1.0,3.3192217350006104,True,True,True,False
1265,462.31144675925924,2.619181383859757,0.9970690970502367,0.8007351401770837,0.5658661723136902,0.5905912518501282,1.0,3.3190670013427734,True,True,True,True
1266,462.32626157407407,2.4351228292529545,0.8130105424434342,-0.007610974387690206,0.5619543790817261,0.5777522325515747,1.0,3.318711042404175,True,False,True,False
1267,462.34108796296294,2.40924681469006,0.7871345278805395,-0.121252939451586,0.5540187954902649,0.5777522325515747,1.0,3.3183441162109375,True,False,True,False
1268,462.35590277777777,2.3808468666674774,0.758734579857957,-0.2459794846911607,0.5567886829376221,0.5777522325515747,1.0,3.3178634643554688,True,False,True,False
1269,462.37070601851855,1.9549758694199901,0.3328635826104698,-2.1163145346769805,3.287069320678711,7.6263298988342285,0.57421875,3.328620433807373,True,False,True,False
1270,462.3855208333333,2.2823855258679666,0.6602732390584463,-0.6784007999630832,5.54481315612793,5.893073081970215,0.0,3.3518190383911133,True,False,True,False
1271,462.4003472222222,1.7468788662272547,0.12476657941773439,-3.0302324144667634,5.147411346435547,5.263965129852295,0.0,3.35524845123291,True,False,True,False
1272,462.415162037037,1.908758173961506,0.2866458871519857,-2.319292845724865,4.9621500968933105,5.032864570617676,0.0,3.356830596923828,True,False,True,False
1273,462.4299652777778,1.9318042290906086,0.3096919422810882,-2.218079461976131,4.8710479736328125,4.907684326171875,0.0,3.357865810394287,True,False,True,False
1274,462.44478009259257,1.9944567034505798,0.37234441664105944,-1.9429230894568388,4.816157341003418,4.853119373321533,0.0,3.3587875366210938,True,False,True,False
1275,462.4596064814815,2.030548887170562,0.40843660036104157,-1.7844138773284977,4.787921905517578,4.814602375030518,0.0,3.359825849533081,True,False,True,False
1276,462.47442129629627,1.969523226329737,0.34741093952021673,-2.052425630081908,4.795504570007324,4.827441215515137,0.0,3.3609302043914795,True,False,True,False
1277,462.48922453703705,1.9740408060186376,0.3519285192091173,-2.0325853787197223,4.801764011383057,4.814602375030518,0.0,3.362178325653076,True,False,True,False
1278,462.5040393518519,1.9722443637304683,0.35013207692094794,-2.0404749720438886,4.817817687988281,4.843489646911621,0.0,3.363609790802002,True,False,True,False
1279,462.51886574074075,1.984494622084267,0.3623823352747466,-1.9866744368616907,4.8439412117004395,4.865958213806152,0.0,3.3655223846435547,True,False,True,False
1280,462.5336805555556,1.8443095698896852,0.22219728308016484,-2.6023374387994562,4.877242565155029,4.917313575744629,0.0,3.3678159713745117,True,False,True,False
1281,462.5484837962963,1.871390396150467,0.24927810934094663,-2.483404196419764,4.867331504821777,5.007186412811279,0.0,3.3711204528808594,True,False,True,False
1282,462.5632986111111,2.056405515902811,0.4342932290932906,-1.6708570507191198,4.965910911560059,5.007186412811279,0.0,3.3793020248413086,True,False,True,False
1283,462.578125,1.424151307313011,-0.19796097949650937,-4.447583370354698,3.993468761444092,4.942991733551025,0.0,3.461272954940796,False,False,False,False
1284,463.2483101851852,2.248531623116622,0.6264193363071018,-0.8270799570409126,1.865319013595581,8.348520278930664,1.0,3.3636012077331543,True,False,False,False
1285,463.26313657407405,1.9709511465020764,0.348838859692556,-2.0461545076899883,4.822271347045898,15.62498950958252,1.0,3.3172686100006104,True,False,False,False
1286,463.2779513888889,1.943458289309671,0.32134600250015066,-2.166897302488311,1.0220999717712402,1.145875334739685,1.0,3.3258233070373535,True,False,False,False
1287,463.29275462962966,1.8601338610010891,0.23802157419156877,-2.532840510156442,0.9496903419494629,1.0945196151733398,1.0,3.3266758918762207,True,False,False,False
1288,463.3075694444444,1.917428409855966,0.2953161230464456,-2.28121500950248,0.9904539585113525,1.1073585748672485,1.0,3.3263516426086426,True,False,True,False
1289,463.32239583333336,1.8493722331398796,0.22725994633035929,-2.5801032961029273,0.8520342111587524,0.9115647673606873,1.0,3.32635498046875,True,False,True,False
1290,463.33721064814813,1.6805235747846499,0.05841128797512951,-3.3216507738743326,3.186249017715454,8.566781997680664,1.0,3.3188042640686035,True,False,True,False
1291,463.3520138888889,1.8139660902264747,0.19185380341695435,-2.735599562586801,1.6882704496383667,5.783942222595215,1.0,3.3195762634277344,True,False,True,False
1292,463.36682870370373,1.8944878481284415,0.27237556131892116,-2.381965088617208,0.9521377682685852,0.9757594466209412,1.0,3.3239550590515137,True,False,True,False
1293,463.3816550925926,1.8595837304411145,0.23747144363159411,-2.5352565668380174,0.9420000314712524,0.9757594466209412,1.0,3.32415771484375,True,False,True,False
1294,463.3964699074074,1.8824377646099866,0.2603254778004662,-2.434886498399723,0.9356375932693481,0.9629204869270325,1.0,3.3239798545837402,True,False,True,False
1295,463.41127314814815,1.8930933279634332,0.27098104115391286,-2.3880895252644194,0.9285160303115845,0.9500815272331238,1.0,3.3237006664276123,True,False,True,False
1296,463.42609953703703,1.8346947450334483,0.21258245822392796,-2.644563709299967,0.9214344620704651,0.9500815272331238,1.0,3.323293447494507,True,False,True,False
1297,463.44091435185186,1.8608209925948553,0.23870870578533498,-2.5298227740061057,0.9127181768417358,0.9372426271438599,1.0,3.322922706604004,True,False,True,False
1298,463.4557291666667,1.8448944958856905,0.2227822090761702,-2.599768567946434,0.8904507756233215,0.9115647673606873,1.0,3.322662830352783,True,False,True,False
1299,463.4705324074074,1.8673313522435762,0.2452190654340558,-2.501230655928763,5.10693883895874,17.53799057006836,0.94140625,3.3116748332977295,True,False,True,False
1300,463.4853587962963,1.9064958074188891,0.2843835206093688,-2.3292286795053294,6.808349609375,7.767559051513672,0.0,3.3509974479675293,True,False,True,False
1301,463.5001736111111,1.7869463287330174,0.16483404192349704,-2.8542646214663616,5.982182502746582,6.085657596588135,0.0,3.363741874694824,True,False,True,False
1302,463.5149768518518,1.800109003814838,0.1779967170053176,-2.796456945629734,6.041833877563477,6.1498517990112305,0.0,3.368494987487793,True,False,True,False
1303,463.52979166666665,1.7752047992806523,0.15309251247113198,-2.905830927265855,6.3197174072265625,6.4965033531188965,0.0,3.3817245960235596,True,False,True,False
1304,463.54461805555553,1.3901537957181074,-0.23195849109141298,-4.596893226999608,2.870905637741089,6.201208114624023,0.0,3.5247459411621094,False,False,False,False
1305,464.2793402777778,1.9893073551545641,0.3671950683450438,-1.965537934480028,9.617630004882812,19.90035629272461,1.0,3.315791606903076,True,False,False,False
1306,464.2941550925926,1.8772609764308104,0.25514868962129,-2.4576218535670034,1.3708016872406006,1.4026541709899902,1.0,3.3229119777679443,True,False,False,False
1307,464.30895833333335,1.908536825782355,0.2864245389728346,-2.3202649599575613,0.9743677377700806,1.091309905052185,1.0,3.325444221496582,True,False,False,False
1308,464.3237731481481,1.78565107913412,0.16353879232459967,-2.8599530828524515,1.5173444747924805,1.258216142654419,1.0,3.3245129585266113,True,False,False,False
1309,464.33859953703706,1.8121851045789872,0.19007281776946683,-2.743421273624995,4.31575870513916,20.41070556640625,1.0,3.3140969276428223,True,False,True,False
1310,464.3534143518518,1.8845985947363673,0.2624863079268469,-2.4253965910133166,1.0081075429916382,1.2774744033813477,1.0,3.322347640991211,True,False,True,False
1311,464.3682175925926,1.74815943113954,0.12604714433001973,-3.02460844510818,6.683233261108398,36.247535705566406,1.0,3.308859348297119,True,False,True,False
1312,464.3830324074074,1.7887453308228873,0.16663304401336698,-2.8463637860363167,1.1383028030395508,1.399444341659546,1.0,3.3195786476135254,True,False,True,False
1313,464.3978587962963,1.896263540813239,0.27415125400371854,-2.37416662314798,0.7914503812789917,0.8216921091079712,1.0,3.323549270629883,True,False,True,False
1314,464.41267361111113,1.9019504296799306,0.2798381428704102,-2.3491910140046173,0.7680795192718506,0.873047947883606,1.0,3.324366569519043,True,False,True,False
1315,464.42747685185185,1.8823941179627783,0.260281831153258,-2.435078185212433,0.6612290143966675,0.7863850593566895,1.0,3.3248095512390137,True,False,True,False
1316,464.4422916666667,1.5524192018663319,-0.06969308494318849,-3.884257995953713,3.442741632461548,7.729041576385498,0.58203125,3.335362195968628,False,False,False,False
1317,464.45711805555555,1.7205556822446297,0.09844339543510938,-3.1458382527326596,6.286717414855957,6.6248931884765625,0.0,3.358638286590576,True,False,False,False
1318,464.4719328703704,1.816408961703614,0.19429667489409375,-2.724870989437103,5.98693323135376,6.059979438781738,0.0,3.3636279106140137,True,False,False,False
1319,464.4867361111111,1.8885368214615603,0.26642453465203997,-2.4081007349289005,6.014792442321777,6.111335277557373,0.0,3.367872953414917,True,False,False,False
1320,464.5015509259259,1.9413928617735494,0.31928057496402906,-2.1759682219427514,6.318012237548828,6.56069803237915,0.0,3.377943515777588,True,False,False,False
1321,465.34606481481484,1.9537492895146973,0.33163700270517693,-2.1217014133404843,0.9125677347183228,7.729041576385498,0.93359375,3.3273839950561523,True,False,True,False
1322,465.3608796296296,1.694028484136781,0.07191619732726062,-3.2623400777446934,7.1577348709106445,7.767559051513672,0.0,3.3847928047180176,True,False,True,False
1323,478.1725578703704,1.9482315540944601,0.3261192672849398,-2.14593413644142,5.730329513549805,7.501150608062744,0.88671875,3.3275082111358643,True,False,True,False
1324,478.1873726851852,1.8888281797627269,0.2667158929532065,-2.4068211510964765,5.237334251403809,7.870270252227783,1.0,3.311197280883789,True,False,True,False
1325,478.2021990740741,1.905918133445829,0.2838058466363087,-2.3317657010124573,8.658821105957031,23.05873680114746,1.0,3.302605152130127,True,False,True,False
1326,478.2170138888889,1.9316311406897497,0.30951885388022937,-2.218839629503304,0.7977695465087891,0.9115647673606873,1.0,3.321301221847534,True,False,True,False
1327,478.23181712962963,1.9727293940949415,0.35061710728542117,-2.038344821606679,0.7154699563980103,0.8473699688911438,1.0,3.3239026069641113,True,False,True,False
1328,478.24663194444446,1.8698745861630954,0.24776229935357508,-2.4900613122290665,0.911217212677002,1.007856845855713,1.0,3.323643445968628,True,False,True,False
1329,478.26145833333334,1.9388991548932393,0.3167868680837189,-2.1869200533958906,0.6280046701431274,0.6708346009254456,1.0,3.3248791694641113,True,False,True,False
1330,478.27627314814816,1.8776357582212957,0.25552347141177534,-2.4559758914719754,0.630763053894043,0.6804637908935547,1.0,3.324953556060791,True,False,True,False
1331,478.2910763888889,1.8571459011867943,0.235033614377274,-2.545962995615054,0.6146625280380249,0.6547859311103821,1.0,3.3249006271362305,True,False,True,False
1332,478.3058912037037,1.9337898321241944,0.31167754531467406,-2.20935911479805,0.6005213260650635,0.6419469714164734,1.0,3.3247897624969482,True,False,True,False
1333,478.3207175925926,1.7982739104712213,0.17616162366170096,-2.804516286187662,11.958891868591309,51.790122985839844,1.0,3.295961856842041,True,False,True,False
1334,478.3355324074074,1.9294349528707921,0.3073226660612718,-2.2284848203725973,3.833434820175171,12.598209381103516,1.0,3.3045549392700195,True,False,True,False
1335,478.35033564814813,1.925016125646683,0.30290383883716254,-2.2478913718647155,0.7081477642059326,0.7318195700645447,1.0,3.319939613342285,True,False,True,False
1336,478.36515046296296,1.9237533430172715,0.30164105620775117,-2.2534372452103213,0.6827707886695862,0.7061417102813721,1.0,3.3215839862823486,True,False,True,False
1337,478.37997685185184,1.9213604304037126,0.2992481435941923,-2.2639464096324557,0.6597381830215454,0.6933027505874634,1.0,3.322394847869873,True,False,True,False
1338,478.39479166666666,1.828849590815608,0.20673730400608759,-2.670234386281631,0.6538832187652588,0.6676248908042908,1.0,3.3227615356445312,True,False,True,False
1339,478.4095949074074,1.6461047288446022,0.023992442035081885,-3.472811041555869,1.9558122158050537,7.578184127807617,0.82421875,3.3258113861083984,True,False,True,False
1340,478.4244097222222,1.792136502386846,0.17002421557732572,-2.8314704801348083,6.105668067932129,7.523618698120117,0.0,3.351443290710449,True,False,True,False
1341,478.4392361111111,1.909182401629564,0.28707011482004363,-2.3174297278279647,5.524054050445557,5.597777843475342,0.0,3.355977773666382,True,False,True,False
1342,478.4540509259259,1.791866689083098,0.16975440227357774,-2.8326554429104234,5.454861640930176,5.508029937744141,0.0,3.35955810546875,True,False,True,False
1343,478.4688541666667,1.7435967523375822,0.1214844655280618,-3.044646762204871,5.420088291168213,5.4437103271484375,0.0,3.362299680709839,True,False,True,False
1344,478.48366898148146,1.803533554608937,0.1814212677994167,-2.78141704523253,5.452186107635498,5.495066165924072,0.0,3.364818811416626,True,False,True,False
1345,478.4984953703704,1.737776298071244,0.11566401126172354,-3.0702089622408733,5.567456245422363,5.674811363220215,0.0,3.3681352138519287,True,False,True,False
1346,478.51331018518516,1.9992232050137004,0.3771109182041801,-1.9219896260443587,5.7833404541015625,6.011833190917969,0.0,3.374715805053711,True,False,True,False
1347,478.52811342592594,1.8144012685435176,0.19228898173399722,-2.733688351763289,5.562053203582764,6.175529956817627,0.0,3.4368691444396973,True,False,True,False
1348,484.1045023148148,1.7167825596717268,0.09467027286220642,-3.162409006415358,0.22176171839237213,0.9725496768951416,0.875,3.352600574493408,True,False,True,False
1349,484.1193171296296,1.640876190529194,0.018763903719673625,-3.49577367234009,5.34114933013916,12.501916885375977,0.98828125,3.3173670768737793,True,False,True,False
1350,484.1341435185185,1.6916079905747587,0.06949570376523839,-3.2729703718397953,11.180082321166992,14.174190521240234,1.0,3.2923874855041504,True,False,True,False
1351,484.1489583333333,1.5197837620015424,-0.10232852480797794,-4.027585922591902,8.657768249511719,14.238385200500488,1.0,3.295100688934326,False,False,False,False
1352,484.432974537037,1.7687933603747399,0.14668107356521953,-2.9339886064317886,7.305486679077148,7.844592571258545,0.015625,3.3606014251708984,True,False,False,False
1353,484.44780092592595,1.8507401417520846,0.2286278549425642,-2.5740957317486504,6.898422718048096,7.035737991333008,0.0,3.367753028869629,True,False,False,False
1354,484.4626157407407,2.0449571591596323,0.4228448723501119,-1.7211358041911842,6.7437028884887695,6.804638385772705,0.0,3.3707797527313232,True,False,False,False
1355,484.4774189814815,2.180042841284201,0.5579305544746804,-1.1278681535133963,6.751985549926758,6.881671905517578,0.0,3.377514362335205,True,False,False,False
1356,484.4922337962963,1.8133895550348946,0.19127726822537428,-2.738131582807318,6.496843338012695,7.2026448249816895,0.0,3.4308862686157227,True,False,True,False
1357,485.21636574074074,1.8269425087211235,0.20483022191160316,-2.67860988615734,1.9856599569320679,8.34531021118164,1.0,3.358182191848755,True,False,True,False
1358,485.23118055555557,1.857398309802217,0.23528602299269674,-2.5448544705372846,3.1235733032226562,9.109228134155273,1.0,3.3156776428222656,True,False,True,False
1359,485.24600694444445,2.0459973108729983,0.42388502406347794,-1.7165676785865172,0.8794673681259155,0.9629204869270325,1.0,3.3232808113098145,True,False,True,False
1360,485.2608217592593,2.002588747807205,0.3804764609976845,-1.9072088762642547,0.812816858291626,0.873047947883606,1.0,3.3236899375915527,True,False,True,False
1361,485.275625,1.9909296670042895,0.3688173801947692,-1.9584130850909875,0.8028849959373474,0.8473699688911438,1.0,3.323456287384033,True,False,True,False
1362,485.2904398148148,1.936165392827231,0.31405310601771075,-2.198926156284849,0.9862412810325623,1.312781572341919,1.0,3.3221821784973145,True,False,True,False
1363,485.3052662037037,1.8455096928158095,0.2233974060062891,-2.5970667535742837,0.8723773956298828,0.9629204869270325,1.0,3.321958065032959,True,False,True,False
1364,485.3200810185185,1.8311840604184297,0.20907177360890938,-2.659981891161033,0.8196860551834106,0.873047947883606,1.0,3.3219594955444336,True,False,True,False
1365,485.33488425925924,1.825440926152878,0.20332863934335754,-2.685204518160903,0.8231966495513916,0.8473699688911438,1.0,3.321669816970825,True,False,True,False
1366,485.34969907407407,1.6012510601898697,-0.02086122661965062,-3.6697988363284835,2.392698049545288,16.257308959960938,1.0,3.3181939125061035,False,False,False,False
1367,485.36452546296294,1.7708329961587974,0.14872070934927706,-2.9250309588793977,5.601357460021973,16.38248634338379,1.0,3.30324649810791,True,False,False,False
1368,485.37934027777777,1.8426445112730732,0.2205322244635528,-2.609650022917789,0.9218959212303162,0.9500815272331238,1.0,3.3199992179870605,True,False,False,False
1369,485.39414351851855,1.7782180306384674,0.15610574382894704,-2.89259745455073,0.7362300157546997,0.9115647673606873,1.0,3.3223044872283936,True,False,False,False
1370,485.4089583333333,1.6764269493560877,0.05431466254656736,-3.3396422834517043,2.550585985183716,7.883109092712402,0.703125,3.332042932510376,True,False,False,False
1371,485.4237847222222,1.776435409737155,0.15432312292763473,-2.9004263472767216,7.4006452560424805,7.9473042488098145,0.0,3.3647842407226562,True,False,True,False
1372,485.438599537037,2.09899950318026,0.47688721637073983,-1.4837932970506174,7.219348907470703,7.523618698120117,0.0,3.376352071762085,True,False,True,False
1373,485.4534027777778,1.3775766813907009,-0.24453560541881947,-4.652129244258978,6.020792007446289,7.883109092712402,0.0,3.464155912399292,False,False,False,False
1374,490.2924074074074,1.7897448791697,0.16763259236017958,-2.841973981801509,5.391000747680664,23.3957576751709,1.0,3.317775249481201,True,False,False,False
1375,490.3072222222222,1.953221724316889,0.33110943750736865,-2.1240183677398,0.633274257183075,0.6804637908935547,1.0,3.321592330932617,True,False,False,False
1376,490.3220486111111,1.7642008636872961,0.14208857687777576,-2.954157877354171,1.3059108257293701,0.5905912518501282,1.0,3.321120262145996,True,False,False,False
1377,490.3368634259259,1.8782718915969532,0.2561596047874328,-2.4531821286737387,0.5042293071746826,0.5263965129852295,1.0,3.325031280517578,True,False,False,False
1378,490.3516666666667,1.8440307428897622,0.22191845608024185,-2.6035619878159633,5.842623233795166,8.165565490722656,0.27734375,3.353635311126709,True,False,True,False
1379,490.36648148148146,1.4147688913517726,-0.20734339545774771,-4.488788950305596,6.000514030456543,8.576412200927734,0.0,3.466184616088867,False,False,False,False
1380,589.1815972222222,120.83390811719735,119.21179583038783,519.9747297603556,7.316791534423828,7.562135219573975,0.0,3.118236541748047,True,True,False,False
1381,589.196412037037,12.76376616282288,11.14165387601336,45.35359880612217,7.295125961303711,7.6038618087768555,0.01171875,3.2166380882263184,True,True,False,False
1382,589.2112152777778,5.4873113916849645,3.865199104875444,13.396953516687438,7.049881935119629,7.2026448249816895,0.0,3.2563767433166504,True,True,False,False
1383,589.2260300925926,2.907498305878849,1.2853860190693285,2.0669618807667014,7.053042411804199,7.151289463043213,0.0,3.2753570079803467,True,True,False,False
1384,589.2408564814815,3.0383447546796827,1.4162324678701623,2.641611718252948,7.264683723449707,7.343873500823975,0.0,3.2914247512817383,True,True,True,True
1385,589.2556712962963,2.827061565276948,1.2049492784674276,1.7137007847383066,7.415088653564453,7.472262382507324,0.0,3.3069143295288086,True,True,True,True
1386,589.270474537037,2.7235168650337966,1.1014045782242763,1.2589544334799765,7.4825944900512695,7.523618698120117,0.0,3.3200743198394775,True,True,True,True
1387,589.2852893518518,2.724209260592918,1.1020969737833977,1.261995287849138,7.389662742614746,7.436955451965332,0.0,3.330141067504883,True,True,True,True
1388,589.3001157407407,2.5562661215882265,0.9341538347787062,0.5244246589138788,7.313531875610352,7.369551181793213,0.0,3.337512254714966,True,True,True,True
1389,589.3149305555555,2.723993029472214,1.1018807426626938,1.2610456466513007,7.205955505371094,7.26684045791626,0.0,3.342045783996582,True,True,True,True
1390,589.3297337962963,2.6734623398282884,1.051350053018768,1.0391255803593307,7.0743560791015625,7.151289463043213,0.0,3.3443853855133057,True,True,True,True
1391,589.3445486111111,2.718090757681032,1.0959784708715115,1.2351241214078819,6.963219165802002,7.048577308654785,0.0,3.3459856510162354,True,True,True,True
1392,589.359375,2.7865158192817656,1.1644035324722453,1.5356324721442416,6.8549909591674805,6.933027267456055,0.0,3.3473312854766846,True,True,True,True
1393,589.3741898148148,2.959568548980494,1.3374562621709736,2.295643339151371,6.7149658203125,6.77895975112915,0.0,3.3484349250793457,True,True,True,True
1394,589.3889930555556,3.0055092734071907,1.3833969865976703,2.497405252200963,6.601170539855957,6.676248550415039,0.0,3.3496580123901367,True,True,True,True
1395,589.4038078703703,3.116867486062753,1.4947551992532329,2.986466891945443,6.492842197418213,6.547859191894531,0.0,3.351149082183838,True,True,True,True
1396,589.4186342592593,3.2365652904438313,1.614453003634311,3.512154248885075,6.418266296386719,6.457986831665039,0.0,3.352825880050659,True,True,True,True
1397,589.433449074074,3.2348182553419718,1.6127059685324514,3.5044816414389643,6.322676181793213,6.368113994598389,0.0,3.3545851707458496,True,True,True,True
1398,589.4482523148148,3.322590854996721,1.7004785681872006,3.889960273756463,6.196643829345703,6.252563953399658,0.0,3.356377363204956,True,True,True,True
1399,589.4630671296296,3.1000907392721855,1.4779784524626651,2.9127869800708597,6.096941947937012,6.1498517990112305,0.0,3.358538866043091,True,True,True,True
1400,589.4778935185185,3.268785093408758,1.6466728065992375,3.6536567864573133,6.0335493087768555,6.072818756103516,0.0,3.3612685203552246,True,True,True,True
1401,589.4927083333333,2.9886708799243786,1.3665585931148583,2.423454601135485,5.977780342102051,6.021462440490723,0.0,3.364452600479126,True,True,True,True
1402,589.5075115740741,2.8870980000305497,1.2649857132210294,1.97736806643064,5.930386543273926,5.957268238067627,0.0,3.368002414703369,True,True,True,True
1403,589.5223263888889,2.8215377899491294,1.199425503139609,1.689441535644943,5.912131309509277,5.944429397583008,0.0,3.3719329833984375,True,True,True,True
1404,589.5371527777778,3.0269116353521897,1.4047993485426693,2.591399884277192,5.880184173583984,5.918751239776611,0.0,3.3757805824279785,True,True,True,True
1405,589.5519675925926,3.130720176238975,1.5086078894294548,3.047304967655317,5.828978538513184,5.880234241485596,0.0,3.3794569969177246,True,True,True,True
1406,589.5667708333333,3.090006541929238,1.4678942551197178,2.868499325209668,5.768495559692383,5.816039562225342,0.0,3.382844924926758,True,True,True,True
1407,589.5815856481481,3.0475378874791077,1.4254256006695873,2.6819860067230943,5.701491832733154,5.751844882965088,0.0,3.386258602142334,True,True,True,True
1408,589.596412037037,2.929049401377368,1.3069371145678474,2.1616097190486947,5.59035587310791,5.661972522735596,0.0,3.389723300933838,True,True,True,True
1409,589.6112268518518,2.948562440957054,1.3264501541475335,2.2473068482111174,5.457100868225098,5.5207438468933105,0.0,3.3936405181884766,True,True,True,True
1410,589.6260300925926,2.738870463125964,1.1167581763164438,1.3263841782636732,5.304989814758301,5.405193328857422,0.0,3.398362159729004,True,True,True,True
1411,589.6408449074074,2.4183902733085234,0.796277986499003,-0.08109680944334974,5.100017547607422,5.199770450592041,0.0,3.404059886932373,True,False,True,False
1412,589.6556712962963,2.102972349472449,0.4808600626629287,-1.4663453991742357,4.906832218170166,4.99434757232666,0.0,3.4117431640625,True,False,True,False
1413,589.6704861111111,2.6463464330925155,1.0242341462829951,0.9200382719775626,4.7840094566345215,4.840280055999756,0.0,3.423807144165039,True,True,True,False
1414,589.6852893518519,2.9824471491049698,1.3603348622954494,2.396121296053775,4.7554731369018555,4.7921342849731445,0.0,3.444291114807129,True,True,True,False
1415,589.7001041666666,3.351789023805483,1.7296767369959627,4.018192435306301,4.807029724121094,4.90447473526001,0.0,3.481509208679199,True,True,True,False
1416,589.7149305555556,3.051298164918003,1.4291858781084825,2.6985003473029705,3.586627960205078,4.278576850891113,0.0,3.498588800430298,True,True,True,False
1417,589.7297453703703,2.4781129328589993,0.8560006460494789,0.18119243814002584,2.4955687522888184,2.888761520385742,0.0,3.4923222064971924,True,True,True,True
1418,589.7445486111111,2.2156903594386064,0.593578072629086,-0.9713118181909304,1.8244835138320923,2.0799081325531006,0.0,3.4849462509155273,True,False,True,False
1419,589.7593634259259,2.17571705528687,0.5536047684773495,-1.146866087680874,1.3797346353530884,1.5535117387771606,0.0,3.4771156311035156,True,False,True,False
1420,589.7741898148148,2.1200741695697554,0.497961882760235,-1.3912378343170877,1.0776183605194092,1.248586893081665,0.0,3.469346761703491,True,False,True,False
1421,589.7890046296296,2.186174546296403,0.5640622594868827,-1.1009390062490405,0.8627166152000427,1.052793025970459,0.0,3.4622693061828613,True,False,True,False
1422,589.8038078703704,2.5845146464279716,0.9624023596184512,0.6484861856664663,0.7062419652938843,0.863418698310852,0.0,3.4558558464050293,True,True,True,False
1423,589.8186226851852,2.5759422016104585,0.9538299148009382,0.6108378271027428,0.5817644596099854,0.7061417102813721,0.0,3.449918270111084,True,True,True,False
1424,608.4629513888889,1.4856858477428674,-0.13642643906665297,-4.177336726430628,1.3264946937561035,6.624415874481201,0.04296875,3.3539013862609863,False,False,False,False
1425,608.4777662037037,1.0603176217947492,-0.5617946650147712,-6.045463711557806,1.420114278793335,7.2034125328063965,0.03515625,3.3841569423675537,False,False,False,False
1426,608.4925925925926,1.8092181326847114,0.18710584587519108,-2.7564515845925253,1.3471781015396118,3.679136276245117,0.05078125,3.4457085132598877,True,False,False,False
1427,622.1374305555555,2.1105150740137364,0.48840278720421604,-1.433219353556812,22.359872817993164,40.734745025634766,0.9921875,3.257019519805908,True,False,False,False
1428,622.1522569444444,1.7793353418780942,0.1572230550685738,-2.887690460679995,0.6255464553833008,0.6547859311103821,1.0,3.3140158653259277,True,False,False,False
1429,631.2149305555556,2.283553557531981,0.6614412707224606,-0.6732710527513244,7.811634063720703,8.036069869995117,0.0,3.3232245445251465,True,False,False,False
1430,631.2297453703703,2.3793227408874817,0.7572104540779614,-0.2526731216970548,8.015259742736816,8.040386199951172,0.0,3.336099624633789,True,False,True,False
1431,631.2445486111111,2.0134184669763435,0.39130618016682317,-1.8596470477423361,8.016708374023438,8.149517059326172,0.0,3.338197708129883,True,False,True,False
1432,631.2593634259259,2.0051163972098243,0.3830041104003039,-1.896107976455744,7.9360198974609375,7.985820770263672,0.0,3.33940052986145,True,False,True,False
1433,631.2741898148148,2.613559555773807,0.9914472689642866,0.7760452641768243,7.776886940002441,7.818914413452148,0.0,3.3391807079315186,True,True,True,False
1434,631.2890046296296,2.3981216450694283,0.7760093582599079,-0.1701123236618063,7.683916091918945,7.822124004364014,0.0,3.3406662940979004,True,False,True,False
1435,631.320162037037,2.052130768373743,0.4300184815642225,-1.689630834764362,7.173636436462402,7.526828289031982,0.0,3.3487555980682373,True,False,True,False
1436,631.3352083333333,2.2507105057260146,0.6285982189164943,-0.81751076697986,6.8022308349609375,6.958704948425293,0.0,3.3502025604248047,True,False,True,False
1437,631.3495717592592,2.3658211473243513,0.743708860514831,-0.311969255585014,6.494248390197754,6.637732028961182,0.0,3.352079391479492,True,False,True,False
1438,631.3646527777778,2.385492153582845,0.7633798667733245,-0.22557837028983574,6.278473854064941,6.479773044586182,0.0,3.3550972938537598,True,False,True,False
1439,631.3796990740741,1.9680935146806835,0.34598122787116314,-2.0587046202594053,1.8941949605941772,6.214046955108643,0.81640625,3.3305366039276123,True,False,True,False
1440,631.3940625,2.0023167883906408,0.3802045015811204,-1.9084032643119524,0.8073516488075256,0.873047947883606,1.0,3.3147969245910645,True,False,True,False
1441,631.4091319444444,1.866493211456302,0.24438092464678163,-2.5049115924128,3.393542528152466,7.568554878234863,0.59765625,3.3251004219055176,True,False,True,False
1442,631.4235069444444,2.4120482441350246,0.7899359573255043,-0.10894965579328364,6.701274871826172,7.254001617431641,0.0,3.3622865676879883,True,False,True,False
1443,631.4385532407407,2.326376140086207,0.7042638532766865,-0.48520335713519014,6.2886881828308105,6.422679901123047,0.0,3.3674654960632324,True,False,True,False
1444,631.4536226851852,2.0112418932171865,0.38912960640766614,-1.8692060978230935,6.146842956542969,6.214046955108643,0.0,3.371081829071045,True,False,True,False
1445,631.4679976851852,1.845524624751692,0.22341233794217175,-2.5970011756804476,6.044231414794922,6.111335277557373,0.0,3.373324155807495,True,False,True,False
1446,631.4830439814815,1.902254549879722,0.28014226307020174,-2.34785538262151,5.974813461303711,6.130593299865723,0.0,3.374859094619751,True,False,True,False
1447,631.4981134259259,1.969223935764358,0.3471116489548376,-2.0537400507355255,5.908921718597412,5.957268238067627,0.0,3.3764591217041016,True,False,True,False
1448,631.5124884259259,2.1292858391074523,0.5071735522979319,-1.3507821364259516,5.860925674438477,5.905912399291992,0.0,3.3780622482299805,True,False,True,False
1449,631.5275347222222,2.2094371876097942,0.5873249008002739,-0.9987744219385497,5.791470527648926,5.9315900802612305,0.0,3.379605293273926,True,False,True,False
1450,631.5426041666667,2.2680895092459274,0.6459772224364071,-0.7411858713490114,5.747481822967529,5.78073263168335,0.0,3.3818039894104004,True,False,True,False
1451,631.5569675925926,2.267079433005292,0.6449671461957716,-0.7456219118594682,5.717390537261963,5.84171724319458,0.0,3.384296417236328,True,False,True,False
1452,631.572025462963,2.341684583564327,0.7195722967548066,-0.41797192183457055,5.720457553863525,5.793571472167969,0.0,3.3878173828125,True,False,True,False
1453,631.5870949074074,2.413619444363848,0.7915071575543278,-0.10204927779734652,5.659214019775391,5.713327884674072,0.0,3.392712354660034,True,False,True,False
1454,631.6014583333333,2.2702395883833346,0.6481273015738143,-0.7317431800248144,5.555248260498047,5.610616683959961,0.0,3.4005541801452637,True,False,True,False
1455,631.6165277777778,1.6556702772007206,0.03355799039120022,-3.4308011829873943,5.337640285491943,5.499635696411133,0.0,3.4157748222351074,True,False,True,False
1456,631.6311805555556,2.105580847893134,0.4834685610836138,-1.4548894276345612,5.155025482177734,5.421599864959717,0.0,3.471973180770874,True,False,True,False
1457,631.6459490740741,1.6961946482960415,0.07408236148652114,-3.252826744417762,3.1947004795074463,5.039424896240234,0.0,3.608705520629883,True,False,True,False
1458,631.6610185185185,1.8250019667767354,0.20288967996721508,-2.6871323345936386,1.141194462776184,1.6054010391235352,0.0,3.613720178604126,True,False,True,False
1459,672.1550694444444,1.699012883707488,0.07690059689796769,-3.2404496525209017,6.673721790313721,16.06472396850586,0.984375,3.380441427230835,True,False,True,False
1460,672.1701388888889,1.8163116084031359,0.19419932159361553,-2.72529854447441,2.5561184883117676,6.974754333496094,1.0,3.3186116218566895,True,False,True,False
1461,672.1845138888889,1.7027035137067532,0.08059122689723286,-3.2242411887166775,1.3068135976791382,1.5567214488983154,1.0,3.3245716094970703,True,False,True,False
1462,672.1995601851852,1.6373603520603086,0.015248065250788256,-3.51121448883369,1.358670711517334,1.5278338193893433,1.0,3.324218273162842,True,False,True,False
1463,672.2143981481481,1.6621451824551101,0.04003289564558976,-3.4023647730865236,4.569057464599609,18.411039352416992,1.0,3.3129587173461914,True,False,True,False
1464,672.2289930555555,1.7053511400020267,0.08323885319250635,-3.212613375854755,1.7696170806884766,4.689422607421875,1.0,3.3189868927001953,True,False,True,False
1465,672.2440509259259,1.8029233626080052,0.18081107579848488,-2.784096879017737,7.956661701202393,16.603960037231445,1.0,3.301518440246582,True,False,True,False
1466,672.2584143518518,1.6707833207004466,0.048671033890926196,-3.3644279029279605,1.2672086954116821,1.258216142654419,1.0,3.318960189819336,True,False,True,False
1467,672.2734837962963,1.5430473691225262,-0.0790649176869942,-3.9254170966594097,1.1811323165893555,1.2068603038787842,1.0,3.3224005699157715,False,False,False,False
1468,672.2885532407407,1.5586667390583635,-0.06344554775115685,-3.8568201383351624,1.1768192052841187,1.3994444608688354,1.0,3.3229494094848633,False,False,False,False
1469,672.3029050925926,1.5485725162568766,-0.07353977055264371,-3.9011518228828552,1.1291190385818481,1.1555044651031494,1.0,3.3231029510498047,False,False,False,False
1470,672.317974537037,1.5399603697021789,-0.08215191710734149,-3.938974543051576,1.1163358688354492,1.1426656246185303,1.0,3.323063850402832,False,False,False,False
1471,672.3330439814815,1.459654539636016,-0.16245774717350425,-4.291660707786255,1.1087982654571533,1.145875334739685,1.0,3.3228919506073,False,False,False,False
1472,672.3473958333333,1.5022846641760395,-0.1198276226334809,-4.104438246928863,1.0923631191253662,1.116987705230713,1.0,3.32283616065979,False,False,False,False
1473,672.3624652777778,1.5021724834844217,-0.11993980332509868,-4.10493092072168,1.0705970525741577,1.091309905052185,1.0,3.3226566314697266,False,False,False,False
1474,672.3775347222222,1.4919872203256785,-0.1301250664838418,-4.149662435199657,1.2458744049072266,1.2999426126480103,1.0,3.3214902877807617,False,False,False,False
1475,672.3918981481481,1.4256421004617343,-0.196470186347786,-4.441036123192159,1.2425185441970825,1.258216142654419,1.0,3.3209474086761475,False,False,False,False
1476,672.4069560185185,1.5071019588076322,-0.11501032800188815,-4.083281711137954,1.2176932096481323,1.2453771829605103,1.0,3.3206753730773926,False,False,False,False
1477,672.422025462963,1.2699599046949155,-0.35215238211460487,-5.124759291201702,5.5659027099609375,7.944094657897949,0.26953125,3.3462398052215576,False,False,False,False
1478,672.4363888888889,1.5220861238265122,-0.10002616298300815,-4.017474438018352,5.923164367675781,6.127383708953857,0.0,3.36604642868042,False,False,False,False
1479,672.4514467592593,1.5116165832723714,-0.11049570353714899,-4.063454438493187,5.796530723571777,5.880234241485596,0.0,3.3695712089538574,False,False,False,False
1480,672.4658101851852,1.659849474501689,0.037737187692168606,-3.412447035268185,5.808088302612305,5.870604991912842,0.0,3.372180461883545,True,False,False,False
1481,672.4808796296296,1.9795231031482854,0.35741081633876504,-2.0085082930710416,5.8863525390625,5.957268238067627,0.0,3.3756024837493896,True,False,False,False
1482,672.495949074074,2.137897340913006,0.5157850541034856,-1.3129622478586553,6.085858345031738,6.303919315338135,0.0,3.3818471431732178,True,False,False,False
1483,672.5103009259259,1.839605485037822,0.2174931982283017,-2.6229967812609343,6.4522857666015625,6.766120910644531,0.0,3.413443088531494,True,False,False,False
1484,678.3491203703703,1.6260607526053945,0.0039484657958741565,-3.560839931862027,2.8914713859558105,13.419902801513672,1.0,3.3457958698272705,True,False,True,False
1485,678.3641666666666,1.6329579335087168,0.01084564669919641,-3.530548976918036,5.113358497619629,20.863277435302734,1.0,3.316952705383301,True,False,True,False
1486,678.3792245370371,1.4237145343286777,-0.19839775248084268,-4.4495015846185595,0.935987114906311,1.1201974153518677,1.0,3.3301615715026855,False,False,False,False
1487,678.3936111111111,1.4488832446440258,-0.1732290421654945,-4.338965949719762,0.9430100917816162,1.1715532541275024,1.0,3.3307201862335205,False,False,False,False
1488,678.4086574074074,1.5889225730049148,-0.03318971380460556,-3.7239429359369436,0.9212942123413086,1.1009390354156494,1.0,3.328050136566162,False,False,False,False
1489,678.4230787037037,1.834665886551853,0.21255359974233268,-2.644690449627357,7.102685928344727,15.730911254882812,1.0,3.307873487472534,True,False,False,False
1490,678.4381018518518,1.5259719948223431,-0.09614029198717722,-4.000408517187396,6.143733501434326,7.857431411743164,0.1015625,3.3482577800750732,False,False,False,False
1491,678.4531481481481,1.6073724765383055,-0.014739810271214848,-3.642914874692133,5.811425685882568,5.957268238067627,0.0,3.365767002105713,False,False,False,False
1492,678.4675231481482,1.9101058326060198,0.2879935457964995,-2.3133742149316396,5.9932403564453125,6.397002220153809,0.0,3.37819766998291,True,False,False,False
1493,678.4825925925926,1.5921587130693353,-0.029953573740185035,-3.7097304954836865,3.978543281555176,6.509342193603516,0.0,3.480884313583374,False,False,False,False
1494,679.137962962963,2.1904488514923672,0.5683365646828469,-1.0821671648369273,0.16043658554553986,0.5135576128959656,0.328125,3.3787949085235596,True,False,False,False
1495,679.1530092592593,2.048452038158166,0.42633975134864577,-1.7057870372437638,0.5689756870269775,0.6419469714164734,1.0,3.3645946979522705,True,False,False,False
1496,679.1680787037037,1.8806016878961285,0.2584894010866081,-2.44295015771108,7.092267036437988,15.332902908325195,1.0,3.3267674446105957,True,False,False,False
1497,679.1824537037037,2.6297074754650636,1.0075951886555432,0.8469635008684908,14.570039749145508,15.047237396240234,1.0,3.28822660446167,True,True,False,False
1498,679.1975,1.8340032851377146,0.21189099832819425,-2.647600454434078,7.042463302612305,14.841814041137695,1.0,3.3029820919036865,True,False,True,False
1499,679.2125694444444,1.6539758350854377,0.03186354827591731,-3.438242813196704,4.300710678100586,18.693496704101562,0.98828125,3.312924861907959,True,False,True,False
1500,679.2269328703703,1.9306065547855318,0.3084942679760114,-2.2233393933772607,8.993024826049805,19.309764862060547,1.0,3.294158458709717,True,False,True,False
1501,679.2419907407408,2.034890805625275,0.41277851881575445,-1.7653450928315095,6.537728309631348,6.804638385772705,1.0,3.2993392944335938,True,False,True,False
1502,679.2564236111111,1.915224927762131,0.2931126409526106,-2.2908922352791885,8.740538597106934,13.005845069885254,0.99609375,3.2884838581085205,True,False,True,False
1503,679.3839467592593,2.279775901320791,0.6576636145112709,-0.6898617172113388,4.786401748657227,7.822124004364014,0.26953125,3.3408212661743164,True,False,True,False
1504,679.3990162037037,2.307238598546051,0.6851263117365305,-0.5692513785887678,5.448274612426758,6.2782416343688965,0.02734375,3.35654878616333,True,False,True,False
1505,679.4140856481481,1.7410749005486639,0.11896261373914352,-3.0557222001242614,5.235212326049805,5.405193328857422,0.0,3.3600974082946777,True,False,True,False
1506,679.428449074074,1.6862040679194075,0.06409178110988711,-3.296703253428448,5.060098648071289,5.174092769622803,0.0,3.3619205951690674,True,False,True,False
1507,679.4435069444445,1.7329362333745215,0.11082394656500116,-3.091465499326018,4.966111660003662,5.032864570617676,0.0,3.363271713256836,True,False,True,False
1508,679.4585763888889,1.7107639887772106,0.08865170196769023,-3.1888412926419223,4.922654151916504,4.969209671020508,0.0,3.3644533157348633,True,False,True,False
1509,679.4729398148148,1.708304394176848,0.08619210736732774,-3.1996433102001656,4.890332221984863,4.942991733551025,0.0,3.365633726119995,True,False,True,False
1510,679.4879861111111,1.6340378035851224,0.011925516775602052,-3.5258064166911445,4.899860858917236,4.942991733551025,0.0,3.3669052124023438,True,False,True,False
1511,679.5030671296296,1.6515117618964656,0.029399475086945293,-3.4490644997657625,4.916070938110352,4.968669414520264,0.0,3.3682854175567627,True,False,True,False
1512,679.5174305555555,1.6797574694594715,0.05764518264995111,-3.325015345894787,4.938979148864746,5.023235321044922,0.0,3.369974136352539,True,False,True,False
1513,679.5324768518518,1.7728915874214208,0.15077930061190048,-2.9159900628875026,4.962651252746582,5.084219932556152,0.0,3.371772289276123,True,False,True,False
1514,679.5475,1.838283179568407,0.21617089275888657,-2.6288040662890757,5.008604526519775,5.148454666137695,0.0,3.3741092681884766,True,False,True,False
1515,679.5619212962963,1.9482308471135994,0.32611856030407904,-2.145937241351339,5.078251838684082,5.148414611816406,0.0,3.3777170181274414,True,False,True,False
1516,679.5769675925926,1.8961942613945073,0.27408197458498695,-2.3744708836539408,5.282471656799316,5.469388484954834,0.0,3.3855714797973633,True,False,True,False
1517,679.5913425925926,1.5579483594014707,-0.06416392740804966,-3.8599751093479044,4.795011520385742,5.742590427398682,0.0,3.4596948623657227,False,False,False,False
1518,689.2594212962963,1.5686568173262005,-0.053455469483319806,-3.8129458344797653,6.078180313110352,18.850772857666016,1.0,3.326284170150757,False,False,False,False
1519,689.2744907407407,1.5014847394022106,-0.12062754740730974,-4.107951346791295,0.9822291135787964,1.2742646932601929,1.0,3.3278021812438965,False,False,False,False
1520,689.289537037037,1.3739175659321674,-0.24819472087735295,-4.668199302887702,6.839060306549072,16.202741622924805,1.0,3.3108067512512207,False,False,False,False
1521,689.3039120370371,1.5176265721727822,-0.10448571463673817,-4.0370598425636315,0.9157273769378662,1.1715532541275024,1.0,3.3278589248657227,False,False,False,False
1522,689.3189814814815,1.4437448105241957,-0.17836747628532468,-4.3615328619971345,0.8187832832336426,0.9083549976348877,1.0,3.3297171592712402,False,False,False,False
1523,689.3340277777778,1.2929154803513545,-0.32919680645816585,-5.023943274097141,0.6880573034286499,0.7446585297584534,1.0,3.33050537109375,False,False,False,False
1524,689.3484143518518,1.3580893079900456,-0.2640229788194748,-4.737713653009466,1.014827847480774,1.540672779083252,1.0,3.3299169540405273,False,False,False,False
1525,689.3634722222222,1.5768453472500779,-0.0452669395594425,-3.7769835486620598,0.741649329662323,0.8987257480621338,1.0,3.3271310329437256,False,False,False,False
1526,689.3785185185185,1.597104859610397,-0.02500742719912341,-3.688008069448796,0.6589103937149048,0.6804637908935547,1.0,3.3279101848602295,False,False,False,False
1527,689.3929050925926,1.5981099483160053,-0.024002338493515074,-3.6835939331338223,0.6523786187171936,0.6804637908935547,1.0,3.3279125690460205,False,False,False,False
1528,689.4079513888889,1.583820124529908,-0.03829216227961241,-3.746351806898415,0.640342116355896,0.6676248908042908,1.0,3.32784366607666,False,False,False,False
1529,689.4227314814815,1.4973032881040766,-0.12480899870544371,-4.126315393587757,0.9573140740394592,1.2357478141784668,1.0,3.3264551162719727,False,False,False,False
1530,689.4373958333333,1.553078686450542,-0.06903360035897843,-3.8813616796026453,0.8258547782897949,1.0142762660980225,1.0,3.3256044387817383,False,False,False,False
1531,689.4524421296296,1.5729248184829392,-0.04918746832658116,-3.794201679070212,0.7740476131439209,0.863418698310852,1.0,3.325862407684326,False,False,False,False
1532,689.4668171296296,1.5010198910637191,-0.12109239574580122,-4.109992862053024,0.7615234851837158,0.873047947883606,1.0,3.3256969451904297,False,False,False,False
1533,689.4818865740741,1.5424188853248322,-0.07969340148468818,-3.9281772641344723,0.7594032287597656,0.9019355177879333,1.0,3.325460910797119,False,False,False,False
1534,689.4969328703704,1.553312268790939,-0.06880001801858127,-3.8803358355298485,0.6493428945541382,0.6933027505874634,1.0,3.3258180618286133,False,False,False,False
1535,689.5113078703704,1.8188872372221065,0.1967749504125862,-2.7139869292505283,22.419239044189453,52.847721099853516,1.0,3.2671728134155273,True,False,False,False
1536,689.5263773148148,1.971196422923125,0.34908413611360456,-2.0450773056964566,5.605802059173584,7.924835681915283,0.2890625,3.328181266784668,True,False,False,False
1537,689.5414236111111,1.8236537418666114,0.2015414550570911,-2.6930534523052625,5.875975131988525,6.114544868469238,0.0,3.3481602668762207,True,False,False,False
1538,689.555787037037,1.8728655226608666,0.25075323585134623,-2.4769257538082794,5.617035865783691,5.777523040771484,0.0,3.354149103164673,True,False,False,False
1539,689.5708680555556,1.875346393869171,0.25323410705965066,-2.4660302939028567,5.508205413818359,5.597777843475342,0.0,3.359513759613037,True,False,True,False
1540,689.5859143518519,1.7751896696270149,0.1530773828174945,-2.905897373494115,5.427706718444824,5.5207438468933105,0.0,3.3645687103271484,True,False,True,False
1541,689.6002777777778,1.597689399602378,-0.024422887207142363,-3.685440893843538,5.408202648162842,5.482227325439453,0.0,3.368835926055908,False,False,False,False
1542,689.6153472222222,1.7730109259542424,0.150898639144722,-2.915465953375015,5.510011672973633,5.62345552444458,0.0,3.3719091415405273,True,False,False,False
1543,689.6304050925926,2.0574848438952698,0.4353725570857494,-1.666116871209893,5.748953819274902,5.973316192626953,0.0,3.375990390777588,True,False,False,False
1544,689.6447685185185,2.1408296516792107,0.5187173648696903,-1.3000841612105143,6.290678977966309,6.650570869445801,0.0,3.3875088691711426,True,False,False,False
1545,689.6598379629629,1.3276932647637225,-0.29441902204579784,-4.871206624812,3.3806238174438477,6.419470310211182,0.0,3.487905263900757,False,False,False,False
1546,691.253761574074,1.627078227756093,0.004965940946572545,-3.5563713969086246,4.431848049163818,7.828543663024902,1.0,3.3270263671875,True,False,False,False
1547,691.2681365740741,1.7613630385354697,0.13925075172594936,-2.9666210032338323,0.8388441801071167,0.9115647673606873,1.0,3.328577995300293,True,False,False,False
1548,691.2831828703704,1.6953656846773506,0.07325339786783025,-3.2564673767247787,0.7997187376022339,0.8858869075775146,1.0,3.329408884048462,True,False,False,False
1549,691.2978587962963,1.7354792874591087,0.11336700064958838,-3.080296945423182,0.7563439011573792,0.824901819229126,1.0,3.329432487487793,True,False,False,False
1550,691.3126273148148,1.6994285043516535,0.07731621754213314,-3.238624334846525,1.044267177581787,2.465076446533203,1.0,3.32759428024292,True,False,True,False
1551,691.3276736111111,1.6816783071628634,0.05956602035334302,-3.316579434303699,0.7463634014129639,0.7960142493247986,1.0,3.3280913829803467,True,False,True,False
1552,691.3420601851852,1.7258942987094816,0.10378201189996128,-3.122392182074692,1.3790826797485352,5.832087993621826,1.0,3.325134754180908,True,False,True,False
1553,691.3571180555556,2.0700174737097226,0.4479051869002022,-1.6110762204917919,11.077648162841797,19.447784423828125,1.0,3.298520565032959,True,False,True,False
1554,691.3721643518519,1.5815297309802734,-0.04058255582924697,-3.7564107293463636,6.367946624755859,7.883109092712402,0.13671875,3.345595359802246,False,False,False,False
1555,691.3865509259259,1.6881612283213836,0.06604894151186325,-3.2881078202528635,6.3446431159973145,6.4965033531188965,0.0,3.362144947052002,True,False,False,False
1556,691.4015972222222,1.9687910789651366,0.34667879215561626,-2.0556410659453914,6.3222246170043945,6.701926231384277,0.0,3.375608444213867,True,False,False,False
1557,691.4166666666666,1.6913296831930178,0.06921739638349744,-3.2741926388035103,5.887909889221191,7.061417579650879,0.0,3.4456162452697754,True,False,False,False
1558,694.4768171296296,1.3832103330320784,-0.23890195377744194,-4.6273874417122425,3.4363222122192383,19.656415939331055,1.0,3.3207364082336426,False,False,False,False
1559,694.4918865740741,1.4943007540771869,-0.12781153273233348,-4.139501885895434,1.103647232055664,1.4122834205627441,1.0,3.3276913166046143,False,False,False,False
1560,694.5063541666667,1.6669068897176142,0.044794602908093895,-3.3814523652249995,1.0263456106185913,1.210070013999939,1.0,3.3275439739227295,True,False,False,False
1561,694.5212962962963,1.9116297635905835,0.2895174767810631,-2.3066814334259473,6.879715442657471,18.786579132080078,1.0,3.309199333190918,True,False,False,False
1562,694.5363773148148,1.6286234255569183,0.006511138747397949,-3.549585216058734,1.3163925409317017,1.5149948596954346,1.0,3.3219118118286133,True,False,False,False
1563,694.5507407407407,1.6113134884526066,-0.010798798356913775,-3.6256067866481723,0.837989330291748,0.8602089881896973,1.0,3.3260412216186523,False,False,False,False
1564,694.565787037037,1.5757158841083345,-0.046396402701185835,-3.781943911108254,0.8152726292610168,0.8473699688911438,1.0,3.3267672061920166,False,False,False,False
1565,694.5808564814815,1.6499703789325377,0.027858092123017375,-3.4558339266615086,0.7945096492767334,0.8216921091079712,1.0,3.3269546031951904,True,False,False,False
1566,694.5952314814815,1.6351509827543231,0.01303869594480278,-3.520917569996895,0.7755739688873291,0.7960142493247986,1.0,3.3270387649536133,True,False,False,False
1567,694.6102777777778,1.6309791757170096,0.008866888907489212,-3.539239261246348,0.7710886597633362,0.7960142493247986,1.0,3.326972484588623,True,False,False,False
1568,694.6253472222222,1.5922754190939836,-0.02983686771553673,-3.7092179473884768,0.7609634399414062,0.7831753492355347,1.0,3.326725482940674,False,False,False,False
1569,694.6397222222222,1.5285128971437776,-0.09359938966574277,-3.9892494133717227,0.7589519023895264,0.7831753492355347,1.0,3.326380968093872,False,False,False,False
1570,694.6547685185185,1.5373268816771906,-0.0847854051323298,-3.9505402636305504,0.7557421326637268,0.7831753492355347,1.0,3.3261735439300537,False,False,False,False
1571,694.669837962963,1.5221746776154148,-0.09993760919410555,-4.017085528568627,0.7451908588409424,0.770336389541626,1.0,3.32594895362854,False,False,False,False
1572,694.684212962963,1.5415861485091513,-0.08052613830036903,-3.931834467521996,0.7410976886749268,0.7574974298477173,1.0,3.325718402862549,False,False,False,False
1573,694.6992592592593,1.4994203448432397,-0.12269194196628064,-4.117017729629287,0.7390915751457214,0.770336389541626,1.0,3.325510263442993,False,False,False,False
1574,694.714224537037,1.4960818393634594,-0.12603044744606096,-4.1316797372648395,0.7290764451026917,0.7574974298477173,1.0,3.325275421142578,False,False,False,False
1575,694.7286921296296,1.4838779723713846,-0.13823431443813572,-4.185276531430604,0.7275567054748535,0.7446585297584534,1.0,3.3251776695251465,False,False,False,False
1576,694.74375,1.5334703584564895,-0.08864192835303086,-3.967477295260741,0.7256509065628052,0.7446585297584534,1.0,3.3249433040618896,False,False,False,False
1577,694.7581365740741,1.5130906603583985,-0.1090216264511219,-4.056980604730858,0.7189457416534424,0.7446585297584534,1.0,3.324690818786621,False,False,False,False
1578,694.7731828703704,1.5225128614912087,-0.09959942531831167,-4.015600296748837,0.7178270816802979,0.7350293397903442,1.0,3.3245019912719727,False,False,False,False
1579,694.7882523148148,1.5441122025275096,-0.07800008428201077,-3.9207405743026196,0.7180277109146118,0.7446585297584534,1.0,3.324263095855713,False,False,False,False
1580,694.8026273148148,1.541975589380502,-0.0801366974290183,-3.9301241258544675,0.7081212997436523,0.7318195700645447,1.0,3.324047088623047,False,False,False,False
1581,694.8176736111111,1.5015840396605225,-0.1205282471489979,-4.107515241128327,0.7110064029693604,0.7446585297584534,1.0,3.323805809020996,False,False,False,False
1582,694.8327430555555,1.5595486896727633,-0.06256359713675708,-3.8529467983868453,0.7052890658378601,0.718980610370636,1.0,3.3236091136932373,False,False,False,False
1583,694.8471180555556,1.5313755325272003,-0.09073675428232009,-3.9766773262196278,0.6987168788909912,0.718980610370636,1.0,3.3234968185424805,False,False,False,False
1584,694.8621643518519,1.5359262526260848,-0.08618603418343551,-3.956691529209195,0.7007754445075989,0.718980610370636,1.0,3.323279619216919,False,False,False,False
1585,694.8772337962963,1.514261364313989,-0.1078509224955313,-4.0518391213815566,0.6938931941986084,0.718980610370636,1.0,3.3230953216552734,False,False,False,False
1586,694.8916087962963,1.4972878340808995,-0.12482445272862086,-4.1263832643782035,0.69214928150177,0.7061417102813721,1.0,3.322960376739502,False,False,False,False
1587,694.9066550925926,1.485896518715067,-0.13621576809445335,-4.1764115042251575,0.7030823826789856,0.7318195700645447,1.0,3.322664737701416,False,False,False,False
1588,694.921724537037,1.4814450278260254,-0.14066725898349497,-4.195961507602421,0.7072341442108154,0.718980610370636,1.0,3.3223605155944824,False,False,False,False
1589,694.9360879629629,1.5087159009952977,-0.11339638581422262,-4.076193619528636,0.7099531888961792,0.7318195700645447,1.0,3.322080135345459,False,False,False,False
1590,694.9511574074074,1.4740332387593944,-0.14807904805012595,-4.228512512399692,0.7083985209465027,0.7318195700645447,1.0,3.321824073791504,False,False,False,False
1591,694.9655092592593,1.4660056242446065,-0.1561066625649139,-4.2637680918869645,0.7019160985946655,0.718980610370636,1.0,3.3216776847839355,False,False,False,False
1592,694.9805787037037,1.4536060725672109,-0.1685062142423095,-4.318224291666322,0.7016781568527222,0.718980610370636,1.0,3.3216099739074707,False,False,False,False
1593,694.9956481481481,1.4534405058710909,-0.1686717809384295,-4.31895142546239,0.7022298574447632,0.7221903800964355,1.0,3.321409225463867,False,False,False,False
1594,695.01,1.511714582355223,-0.11039770445429742,-4.0630240473167305,0.6962320804595947,0.7061417102813721,1.0,3.3211889266967773,False,False,False,False
1595,695.0250694444444,1.4817108179204441,-0.14040146888907623,-4.1947942139084535,0.6971644759178162,0.718980610370636,1.0,3.320981979370117,False,False,False,False
1596,695.0401388888889,1.4634977582392696,-0.1586145285702507,-4.274782107212651,0.6974152326583862,0.718980610370636,1.0,3.320794105529785,False,False,False,False
1597,695.0544907407408,1.4286732402346396,-0.19343904657488076,-4.427724000518127,2.9205880165100098,10.76224136352539,0.87890625,3.3179640769958496,False,False,False,False
1598,695.0695601851852,1.5719607971365668,-0.050151489672953575,-3.798435456257925,7.575878143310547,7.883109092712402,0.0,3.365398406982422,False,False,False,False
1599,695.0846296296296,1.6573063736784772,0.035194086868956864,-3.423615794437142,6.883175849914551,7.215483665466309,0.046875,3.370988130569458,True,False,False,False
1600,695.0989930555555,1.9357300422162815,0.3136177554067612,-2.2008381237866383,6.74857759475708,6.8802924156188965,0.0,3.373236656188965,True,False,False,False
1601,695.1140509259259,2.0129138091487393,0.39080152233921894,-1.861863397832665,6.538480758666992,6.692296981811523,0.0,3.3747148513793945,True,False,False,False
1602,695.1291203703704,2.221283028603305,0.5991707417937848,-0.9467500019852768,6.415858268737793,6.509342193603516,0.0,3.3776979446411133,True,False,False,False
1603,695.1434837962963,2.2746380780239965,0.6525257912144762,-0.712425946883557,6.373380184173584,6.4066314697265625,0.0,3.3834228515625,True,False,True,False
1604,695.1585532407407,2.5640989709575326,0.9419866841480122,0.5588248712114043,6.448759078979492,6.509342193603516,0.0,3.399641990661621,True,True,True,False
1605,695.1730324074074,1.3153475197429267,-0.3067647670665936,-4.9254265171733564,3.0968544483184814,6.409841060638428,0.0,3.531775951385498,False,False,False,False
1606,721.1012384259259,1.2829149591047533,-0.33919732770476707,-5.067863441299268,2.6999592781066895,8.178403854370117,0.01953125,3.547250270843506,False,False,False,False
1607,721.1162847222222,1.395955489334,-0.2261567974755203,-4.571413419759349,0.40964239835739136,0.6804637908935547,0.5546875,3.5575599670410156,False,False,False,False
1608,721.1310763888889,1.5934382200136175,-0.028674066795902897,-3.7041111724960722,7.3999433517456055,20.39144515991211,1.0,3.35813570022583,False,False,False,False
1609,721.1457175925926,1.841972475077967,0.21986018826844655,-2.6126014632804577,0.9524155855178833,1.030324935913086,1.0,3.330173969268799,True,False,False,False
1610,721.160775462963,1.827842881684947,0.20573059487542666,-2.674655639159581,0.8016312718391418,0.873047947883606,1.0,3.3311710357666016,True,False,False,False
1611,721.1751388888889,1.7675322730946412,0.14541998628512087,-2.9395270341629662,0.7486205101013184,0.8216921091079712,1.0,3.331228256225586,True,False,False,False
1612,721.1902083333333,1.6629079639218527,0.04079567711233234,-3.399014798746996,1.5804795026779175,8.534685134887695,1.0,3.3288886547088623,True,False,False,False
1613,721.2052777777777,2.402545803507742,0.7804335166982217,-0.1506823586081869,12.725144386291504,13.699148178100586,1.0,3.2985928058624268,True,False,True,False
1614,721.2196296296296,2.1911326264640167,0.5690203396544964,-1.0791641702586514,17.91640853881836,47.43155288696289,0.96484375,3.2819604873657227,True,False,True,False
1615,721.2346990740741,2.0881063627691363,0.46599407595961595,-1.5316336582093326,3.7022314071655273,16.238048553466797,1.0,3.3133392333984375,True,False,True,False
1616,721.2497685185185,1.8884908053263274,0.26637851851680705,-2.408302828030209,0.9850375652313232,0.8505797386169434,1.0,3.3252992630004883,True,False,True,False
1617,721.2641203703704,1.836038642137985,0.2139263553284647,-2.6386615983921216,2.7034778594970703,13.64779281616211,1.0,3.3222806453704834,True,False,True,False
1618,721.2791898148148,2.0801172796639746,0.4580049928544543,-1.5667200159219006,3.160987138748169,9.87956428527832,1.0,3.3150434494018555,True,False,True,False
1619,721.2942592592592,1.9739415006113443,0.35182921380182397,-2.033021506995924,0.9648262858390808,2.5581588745117188,1.0,3.323516607284546,True,False,True,False
1620,721.3086111111111,1.948482394948099,0.3263701081385786,-2.144832496640726,0.7263332009315491,0.770336389541626,1.0,3.325860023498535,True,False,True,False
1621,721.3236805555556,1.9143099520149707,0.2921976652054503,-2.294910614602649,0.7691327333450317,0.8955160975456238,1.0,3.326160192489624,True,False,True,False
1622,721.33875,2.1528323963711307,0.5307201095616103,-1.2473706535088305,6.4401326179504395,34.4051513671875,0.89453125,3.3017845153808594,True,False,True,False
1623,721.3531134259259,2.2329083400536422,0.6107960532441219,-0.8956941009892032,5.034426689147949,7.92162561416626,0.23046875,3.34055233001709,True,False,True,False
1624,721.3681712962963,1.7946240763067203,0.17251178949719992,-2.820545583342488,5.235027313232422,5.469388484954834,0.0,3.354487419128418,True,False,True,False
1625,721.3825347222222,1.7430996820622269,0.12098739525270652,-3.0468297893758027,4.97639274597168,5.058542251586914,0.0,3.357630729675293,True,False,True,False
1626,721.3976041666666,1.7081562870106624,0.086044000201142,-3.200293765445678,4.86563777923584,4.90447473526001,0.0,3.3597891330718994,True,False,True,False
1627,721.4126736111111,1.7753746290743995,0.15326234226487911,-2.9050850708496396,4.803117752075195,4.840280055999756,0.0,3.3615455627441406,True,False,True,False
1628,721.427025462963,1.9175134421871907,0.2954011553776703,-2.2808415655476217,4.779746055603027,4.801763534545898,0.0,3.363204002380371,True,False,True,False
1629,721.4420949074074,1.9774409207326804,0.35532863392316005,-2.0176527964007835,4.779624938964844,4.801763534545898,0.0,3.364783763885498,True,False,True,False
1630,721.4571643518518,1.9514877924621188,0.32937550565259843,-2.131633428505206,4.801111698150635,4.840280055999756,0.0,3.366393566131592,True,False,True,False
1631,721.4715162037037,1.999970091007197,0.37785780419767656,-1.9187094612503044,4.829898834228516,4.891636371612549,0.0,3.3681578636169434,True,False,True,False
1632,721.4865856481481,1.918819408603854,0.29670712179433356,-2.275106038172016,4.85050630569458,4.968669414520264,0.0,3.370077610015869,True,False,True,False
1633,721.5016550925926,1.9387240105558436,0.3166117237463233,-2.1876892501600627,4.939180374145508,5.045703411102295,0.0,3.3731586933135986,True,False,True,False
1634,721.5160185185185,2.1321783057086785,0.5100660188991581,-1.3380790368954547,5.252220153808594,5.482227325439453,0.0,3.380201816558838,True,False,True,False
1635,721.5310763888889,1.3266293214218459,-0.2954829653876745,-4.875879238200497,4.586155891418457,5.610616683959961,0.0,3.452692985534668,False,False,False,False
1636,722.104224537037,2.2186067666570475,0.5964944798475271,-0.9585035765498302,4.247382164001465,6.724394798278809,0.99609375,3.3489127159118652,True,False,False,False
1637,722.1192939814815,1.9267844462853083,0.30467215947578796,-2.2401252828579254,1.219498634338379,4.32993221282959,1.0,3.3296895027160645,True,False,False,False
1638,722.1336689814815,1.812661995632712,0.19054970882319155,-2.741326869313429,0.8112457990646362,1.030324935913086,1.0,3.3309435844421387,True,False,False,False
1639,722.1487152777778,1.7718446613379506,0.14973237452843025,-2.9205879400881445,0.78342604637146,0.8602089881896973,1.0,3.3308305740356445,True,False,False,False
1640,722.1637847222222,1.724428341614852,0.10231605480533168,-3.128830354557867,0.8179173469543457,1.043163776397705,1.0,3.330305337905884,True,False,True,False
1641,722.1781481481481,1.7197396099532447,0.09762732314372435,-3.149422269065692,0.8176799416542053,0.8890966176986694,1.0,3.329638719558716,True,False,True,False
1642,722.1932060185185,1.7789768697168893,0.15686458290736893,-2.8892647943441307,0.7716904878616333,0.8602089881896973,1.0,3.329423427581787,True,False,True,False
1643,722.208275462963,1.7375783032546177,0.11546601644509735,-3.071078513460949,1.4420284032821655,6.329597473144531,1.0,3.3270771503448486,True,False,True,False
1644,722.2226388888889,1.855559081624317,0.2334467948147967,-2.5529319704099724,0.8405493497848511,0.873047947883606,1.0,3.3279061317443848,True,False,True,False
1645,722.2377083333333,1.8943064508284102,0.27219416401888985,-2.3827617470663958,0.8195856809616089,0.8473699688911438,1.0,3.328636646270752,True,False,True,False
1646,722.2527662037037,1.7848301996808573,0.16271791287133697,-2.8635582112203695,0.8125855922698975,0.8383657932281494,1.0,3.3285155296325684,True,False,True,False
1647,722.2671296296296,1.780392830847371,0.15828054403785075,-2.8830461935263374,0.802985429763794,0.8216921091079712,1.0,3.328277111053467,True,False,True,False
1648,722.2821990740741,1.7457806068299682,0.12366832002044781,-3.0350557366887454,0.8013805150985718,0.8216921091079712,1.0,3.3279364109039307,True,False,True,False
1649,722.2972453703703,1.7911819918623462,0.1690697050528258,-2.8356624878110557,0.7934502363204956,0.8216921091079712,1.0,3.327695369720459,True,False,True,False
1650,722.3116203703704,1.773783337285936,0.1516710504764156,-2.912073686712082,0.7930552959442139,0.8088532090187073,1.0,3.3275091648101807,True,False,True,False
1651,722.3266898148148,1.7882805391270715,0.16616825231755117,-2.8484050525354334,0.7892938852310181,0.8088532090187073,1.0,3.3272476196289062,True,False,True,False
1652,722.3410416666667,1.8298208259234268,0.2077085391139064,-2.6659689277844074,4.131536960601807,19.16211700439453,1.0,3.3204360008239746,True,False,True,False
1653,722.3561111111111,1.7961698191727868,0.1740575323632665,-2.813757008681721,1.170048713684082,1.0271152257919312,1.0,3.3240389823913574,True,False,True,False
1654,722.3711805555556,1.823959476088015,0.20184718927849454,-2.6917107324817318,0.8203380107879639,0.8987257480621338,1.0,3.3284225463867188,True,False,True,False
1655,722.3855439814815,1.8432334842763773,0.221121197466857,-2.607063378467486,4.077322959899902,15.653877258300781,1.0,3.3217148780822754,True,False,True,False
1656,722.4006018518519,2.345459826332633,0.7233475395231126,-0.40139185670356836,9.224125862121582,15.220562934875488,1.0,3.3020243644714355,True,False,True,False
1657,722.4156712962963,2.310823766358917,0.6887114795493965,-0.5535060823281084,10.12841796875,11.2886381149292,1.0,3.297750949859619,True,False,True,False
1658,722.4300347222222,2.0903921649773536,0.46827987816783323,-1.521594899958605,3.5247902870178223,10.877791404724121,1.0,3.311544895172119,True,False,True,False
1659,722.4451041666666,1.938969530184354,0.31685724337483356,-2.1866109800509683,4.246245861053467,11.988359451293945,0.9921875,3.3144278526306152,True,False,True,False
1660,722.4601620370371,2.0903129385247268,0.4682006517152064,-1.5219428457266702,0.9198260307312012,0.7960142493247986,1.0,3.318922758102417,True,False,True,False
1661,722.474525462963,2.024027524554737,0.4019152377452164,-1.8130543181025307,1.672121524810791,7.6776862144470215,0.84765625,3.327057123184204,True,False,True,False
1662,722.4895949074074,1.7451549002692235,0.12304261345970313,-3.037803707128458,5.771905899047852,7.562135219573975,0.0,3.3531932830810547,True,False,True,False
1663,722.5046412037037,1.7134840170227932,0.09137173021327283,-3.176895505777953,5.265471935272217,5.405193328857422,0.0,3.3571596145629883,True,False,True,False
1664,722.5190162037037,1.6691740804016486,0.047061793592128254,-3.3714953448391136,5.160953044891357,5.276803970336914,0.0,3.3597326278686523,True,False,True,False
1665,722.5340856481481,1.781425265565609,0.15931297875608874,-2.8785119593267243,5.092545509338379,5.161253929138184,0.0,3.361849308013916,True,False,True,False
1666,722.5484375,1.923406822838238,0.3012945360287176,-2.2549590883049735,5.044870853424072,5.122736930847168,0.0,3.363795280456543,True,False,True,False
1667,722.5635069444445,2.065036104281042,0.44292381747152176,-1.6329533379747994,5.02950382232666,5.084219932556152,0.0,3.3656530380249023,True,False,True,False
1668,722.5785763888889,1.9513597555727185,0.3292474687631981,-2.1321957393539943,5.057990074157715,5.109898090362549,0.0,3.3673810958862305,True,False,True,False
1669,722.5929398148148,2.0357819629283282,0.4136696761188079,-1.7614313190602868,5.1357741355896,5.199770450592041,0.0,3.3692593574523926,True,False,True,False
1670,722.6079976851852,1.9977618129082402,0.3756495260987198,-1.9284077500637937,5.227303981781006,5.353837966918945,0.0,3.3719921112060547,True,False,True,False
1671,722.6230671296296,2.1695852964785063,0.5474730096689859,-1.1737954712065548,5.44386100769043,5.661972522735596,0.0,3.3771605491638184,True,False,True,False
1672,722.6374305555555,1.7066621583117005,0.08454987150218018,-3.206855661637059,5.811683654785156,6.162691116333008,0.0,3.4038565158843994,True,False,True,False
1673,722.6524768518518,1.2825190180931034,-0.33959326871641693,-5.069602330203659,1.2699604034423828,4.860599517822266,0.0,3.5697758197784424,False,False,False,False
1674,727.1125347222222,1.890508617522632,0.26839633071311164,-2.3994410250442586,14.804206848144531,37.59241485595703,1.0,3.3086133003234863,True,False,False,False
1675,727.1275810185185,1.946798022322901,0.32468573551338054,-2.1522299037863313,16.456764221191406,47.816131591796875,0.94921875,3.293670892715454,True,False,False,False
1676,727.1419560185185,1.938117526265458,0.3160052394559376,-2.1903528004673287,12.760748863220215,33.262481689453125,0.64453125,3.3045341968536377,True,False,False,False
1677,727.1570254629629,1.5532240335556335,-0.06888825325388681,-3.8807233459597725,6.639185905456543,7.485101699829102,0.0,3.3505921363830566,False,False,False,False
1678,727.1720717592592,1.674366774726438,0.05225448791691756,-3.3486901332555883,6.318764686584473,6.432309150695801,0.0,3.3557236194610596,True,False,False,False
1679,727.1864467592593,1.6649730772476108,0.042860790438090435,-3.3899452592377965,6.168303489685059,6.252563953399658,0.0,3.3599624633789062,True,False,False,False
1680,727.2015162037037,1.6292043900889635,0.007092103279443096,-3.547033743114801,6.1384172439575195,6.204417705535889,0.0,3.364664316177368,True,False,False,False
1681,727.2158796296296,1.981127945644961,0.35901565883544073,-2.001460165373595,6.08791446685791,6.242934226989746,0.0,3.369662284851074,True,False,False,False
1682,727.2309375,2.2338314276483517,0.6117191408388314,-0.8916400961526423,6.589993476867676,7.099934101104736,0.0,3.3773205280303955,True,False,True,False
1683,727.2460069444444,1.6078553515052743,-0.014256935304246099,-3.6407941903033874,4.520296096801758,7.488311290740967,0.0,3.4809188842773438,False,False,False,False
1684,747.2651273148148,1.5035055357027618,-0.11860675110675856,-4.099076438252721,7.261655807495117,35.865577697753906,0.703125,3.4881651401519775,False,False,False,False
1685,747.2801967592593,1.696350669670886,0.07423838286136575,-3.252141531647217,15.282049179077148,46.53419876098633,0.9921875,3.3025689125061035,True,False,False,False
1686,747.2952430555556,1.3439770612840052,-0.2781352255255152,-4.799691645920347,0.9614660143852234,1.0271152257919312,1.0,3.332880973815918,False,False,False,False
1687,747.3096296296296,1.4658128310011327,-0.15629945580838767,-4.26461479890153,0.7893880009651184,0.9115647673606873,1.0,3.3334012031555176,False,False,False,False
1688,747.3246875,1.8918360313559437,0.26972374454642334,-2.393611305165879,1.0653812885284424,0.927613377571106,1.0,3.331576347351074,True,False,False,False
1689,747.3394560185185,1.853918770110272,0.2318064833007516,-2.5601358705051718,0.8733488321304321,0.8987257480621338,1.0,3.331505537033081,True,False,False,False
1690,747.3541203703704,1.820234673823632,0.19812238701411156,-2.7080692736229905,0.9051728844642639,1.1041488647460938,1.0,3.3313534259796143,True,False,False,False
1691,747.3691666666666,1.7766603407416004,0.15454805393208004,-2.8994384980356096,0.9953187704086304,1.091309905052185,1.0,3.330820322036743,True,False,False,False
1692,747.3835416666667,2.1337727654533856,0.5116604786438652,-1.3310765080414317,11.272367477416992,21.96100616455078,1.0,3.3037002086639404,True,False,True,False
1693,747.3986111111111,1.8592751699464891,0.23716288313696876,-2.536611699053803,4.846681118011475,7.655217170715332,0.38671875,3.3364930152893066,True,False,True,False
1694,747.4136574074074,1.738772640945576,0.11666035413605558,-3.065833235760998,6.10872745513916,6.226885795593262,0.0,3.355557918548584,True,False,True,False
1695,747.4280324074074,1.8034556492897145,0.18134336248019411,-2.7817591888630284,6.044081687927246,6.153061866760254,0.0,3.362030029296875,True,False,True,False
1696,747.4431018518519,1.8401449998807902,0.2180327130712698,-2.620627346555794,6.215033054351807,6.3552751541137695,0.0,3.366732597351074,True,False,True,False
1697,747.4581481481481,1.962861190621441,0.3407489038119207,-2.08168387722721,6.3293962478637695,6.483664512634277,0.0,3.3706607818603516,True,False,True,False
1698,747.472511574074,2.200722205617106,0.5786099188075855,-1.0370487735292215,6.926644325256348,7.463383674621582,0.0,3.377584934234619,True,False,True,False
1699,748.1242245370371,2.6152788299464524,0.9931665431369321,0.783595951512702,0.5673726797103882,0.7446585297584534,1.0,3.378659725189209,True,True,True,False
1700,748.1386111111111,1.756408694021868,0.1342964072123476,-2.9883794330245075,15.773229598999023,40.66734313964844,1.0,3.3068556785583496,True,False,True,False
1701,748.1536574074074,2.179859720891045,0.5577474340815247,-1.128672379421946,5.275600433349609,13.99123477935791,1.0,3.3218345642089844,True,False,True,False
1702,748.1687268518518,2.0418478437797956,0.4197355569702752,-1.7347912575419766,3.069791793823242,7.488311290740967,1.0,3.3233344554901123,True,False,True,False
1703,748.1831018518518,1.83386066179366,0.21174837498413956,-2.6482268258964594,0.8521845936775208,0.914774477481842,1.0,3.331017255783081,True,False,True,False
1704,748.1981481481481,1.8587107885465326,0.23659850173701225,-2.539090342400547,0.742100715637207,0.7831753492355347,1.0,3.3317339420318604,True,False,True,False
1705,748.2132175925926,1.93997921844139,0.31786693163186963,-2.18217664348215,19.14954376220703,40.9305419921875,1.0,3.2933592796325684,True,False,True,False
1706,748.2421064814815,1.6859385634312987,0.06382627662177831,-3.297869292800107,11.920618057250977,44.7597541809082,0.984375,3.2874503135681152,True,False,True,False
1707,748.4184375,1.78285455268119,0.16074226587166973,-2.8722348336101526,3.710129499435425,13.981605529785156,1.0,3.286306619644165,True,False,True,False
1708,748.4328009259259,1.7608889716126737,0.1387766848031533,-2.9687030045616405,5.620245933532715,24.52879524230957,1.0,3.2846360206604004,True,False,True,False
1709,748.4478472222222,2.0139680396550235,0.3918557528455031,-1.8572334411570248,23.381515502929688,33.32988739013672,1.0,3.236222267150879,True,False,True,False
1710,748.4629166666666,1.9525076872857106,0.3303954004761902,-2.127154266861911,18.298343658447266,18.706335067749023,1.0,3.2400307655334473,True,False,True,False
1711,748.4772916666667,1.8769365114101775,0.2548242246006571,-2.45904683508607,17.995830535888672,18.568317413330078,1.0,3.2286128997802734,True,False,True,False
1712,748.492337962963,1.5634226285773065,-0.05868965823221384,-3.835933280768832,7.040302753448486,17.53478240966797,0.53515625,3.2497501373291016,False,False,False,False
1713,748.506724537037,2.028743341697877,0.4066310548883567,-1.7923434499073583,7.126418113708496,8.281115531921387,0.0,3.299984931945801,True,False,False,False
1714,748.5217824074074,1.83035873622674,0.2082464494172196,-2.663606539876948,6.483564376831055,6.666619300842285,0.0,3.3139894008636475,True,False,False,False
1715,748.5368287037037,2.132743971618023,0.5106316848085026,-1.335594752256052,6.215053558349609,6.345645904541016,0.0,3.321305751800537,True,False,False,False
1716,748.5512152777778,2.1081904541522336,0.48607816734271325,-1.4434285907036544,6.206846237182617,6.239724636077881,0.0,3.324972629547119,True,False,False,False
1717,748.566261574074,1.96880088753249,0.3466886007229697,-2.0555979887989553,6.255873680114746,6.303919315338135,0.0,3.327639102935791,True,False,True,False
1718,748.5813194444445,1.8867676725215794,0.26465538571205904,-2.415870461659478,6.34506368637085,6.419470310211182,0.0,3.3297617435455322,True,False,True,False
1719,748.5957060185185,1.944222854794166,0.32211056798464566,-2.1635394931213834,6.4085869789123535,6.470825672149658,0.0,3.3317131996154785,True,False,True,False
1720,748.6107523148148,2.0372171390302505,0.4151048522207301,-1.7551283301653486,6.504227161407471,6.5735368728637695,0.0,3.3337979316711426,True,False,True,False
1721,748.6258217592592,2.0390395078958568,0.4169272210863364,-1.747124872814705,6.514037609100342,6.602424144744873,0.0,3.3353710174560547,True,False,True,False
1722,748.6401967592593,2.103243412598209,0.48113112578868855,-1.465154947445557,6.606085777282715,6.676248550415039,0.0,3.3374009132385254,True,False,True,False
1723,748.6552430555555,2.0675547841910094,0.445442497381489,-1.6218918302746888,6.692748546600342,6.77895975112915,0.0,3.339609384536743,True,False,True,False
1724,748.6703125,2.0273254604765607,0.40521317366704035,-1.7985704833566534,6.737425804138184,6.868832588195801,0.0,3.3420701026916504,True,False,True,False
1725,748.6846875,2.0677657614582823,0.4456534746487619,-1.6209652628862514,6.727654457092285,6.77895975112915,0.0,3.345355987548828,True,False,True,False
1726,748.6997337962963,2.1935586800259874,0.5714463932164671,-1.0685094578236092,6.778358459472656,6.881671905517578,0.0,3.349973678588867,True,False,True,False
1727,748.7144560185185,1.9031372997685607,0.28102501295904037,-2.3439785324294635,6.975927829742432,7.125611782073975,0.0,3.355980396270752,True,False,True,False
1728,748.7291782407408,1.8320225219510626,0.20991023514154228,-2.6562995460314425,7.113524913787842,7.164128303527832,0.0,3.361722469329834,True,False,True,False
1729,748.744224537037,2.0719952486010493,0.449882961791529,-1.6023902528533789,7.066733360290527,7.1127729415893555,0.0,3.364914894104004,True,False,True,False
1730,748.7585879629629,2.1437431450310442,0.5216308582215239,-1.2872887166532314,7.0582780838012695,7.099934101104736,0.0,3.3667681217193604,True,False,True,False
1731,748.7736574074074,2.1230833445176946,0.5009710577081743,-1.3780221764933656,7.078519344329834,7.125611782073975,0.0,3.3685860633850098,True,False,True,False
1732,748.7887152777778,2.1952289177661974,0.5731166309566771,-1.0611741280934455,7.1271162033081055,7.18980598449707,0.0,3.3703842163085938,True,False,True,False
1733,748.8030787037037,2.264355318449691,0.6422430316401708,-0.7575856449299212,7.193889141082764,7.254001617431641,0.0,3.372068405151367,True,False,True,False
1734,748.8181481481481,2.317018412752555,0.6949061259430345,-0.5263005098726627,7.219747543334961,7.318195819854736,0.0,3.3741679191589355,True,False,True,False
1735,748.8332175925926,2.2028877171186534,0.580775430309133,-1.0275383065364714,7.246157646179199,7.34708309173584,0.0,3.3767356872558594,True,False,True,False
1736,748.8475694444444,2.2952470956018916,0.6731348087923712,-0.6219155149197886,7.307864665985107,7.382390022277832,0.0,3.3807358741760254,True,False,True,False
1737,748.8626388888889,1.8252312814689884,0.20311899465946803,-2.686125233125895,7.286349296569824,7.398438453674316,0.0,3.3918330669403076,True,False,True,False
1738,751.3625347222222,1.9859567477695497,0.3638444609600293,-1.9802530911153413,1.2646355628967285,1.5246241092681885,1.0,3.330698251724243,True,False,True,False
1739,751.3775810185185,1.9198100408457228,0.29769775403620247,-2.2707553915781205,1.1062393188476562,1.3801860809326172,1.0,3.332383632659912,True,False,True,False
1740,751.3919560185185,1.9462404926272723,0.3241282058177519,-2.1546784559016006,1.0059008598327637,1.1426656246185303,1.0,3.332425355911255,True,False,True,False
1741,751.4070254629629,1.9097587447231081,0.2876464579135878,-2.3148985512612583,0.9150753617286682,1.0046470165252686,1.0,3.332298994064331,True,False,True,False
1742,751.4220717592592,1.901222448773347,0.27911016196382654,-2.352388151668614,3.5939831733703613,17.04369354248047,1.0,3.326970100402832,True,False,True,False
1743,751.4364467592593,2.042640018777586,0.4205277319680658,-1.7313121930514,8.047357559204102,16.812591552734375,0.57421875,3.3262228965759277,True,False,True,False
1744,751.4515162037037,1.7667002513825552,0.1445879645730348,-2.9431810969672463,6.388175010681152,6.499712944030762,0.0,3.3583178520202637,True,False,True,False
1745,751.4658796296296,2.1093004841986285,0.4871881973891081,-1.4385535742885234,6.687312126159668,7.270050048828125,0.0,3.371784210205078,True,False,True,False
1746,751.4809375,1.7807791746273718,0.15866688781785143,-2.8813494536268145,6.336613655090332,7.870270252227783,0.0,3.4410908222198486,True,False,True,False
1747,755.317025462963,2.098087473999227,0.47597518718970666,-1.4877987356809097,0.48977166414260864,0.5007186532020569,1.0,3.3419675827026367,True,False,True,False
1748,755.3320949074074,2.1207600273691005,0.49864774055958017,-1.388225692401549,0.5025241374969482,0.5135576128959656,1.0,3.3387339115142822,True,False,True,False
1749,755.3464583333333,2.074460015748172,0.4523477289386515,-1.5915655185673814,0.5236861705780029,0.5392354726791382,1.0,3.336564064025879,True,False,True,False
1750,755.3615277777777,2.0818307015008637,0.45971841469134334,-1.559195030802798,0.5531777739524841,0.5649133324623108,1.0,3.3353586196899414,True,False,True,False
1751,755.3765856481482,2.096470208310105,0.47435792150058487,-1.4949014234033755,0.5665683746337891,0.5777522325515747,1.0,3.3344974517822266,True,False,True,False
1752,755.3909490740741,2.022156798488528,0.4000445116790077,-1.821270150016811,0.5725334882736206,0.5905912518501282,1.0,3.333899974822998,True,False,True,False
1753,755.4060185185185,2.081207362119345,0.45909507530982485,-1.5619326050936648,0.579658031463623,0.5905912518501282,1.0,3.3333826065063477,True,False,True,False
1754,755.4210879629629,2.049222212093512,0.4271099252839916,-1.702404596750814,0.5735896229743958,0.5905912518501282,1.0,3.3330698013305664,True,False,True,False
1755,755.4354398148148,2.031808032564513,0.4096957457549928,-1.7788839779492107,0.5705430507659912,0.5905912518501282,1.0,3.3326468467712402,True,False,True,False
1756,755.4505092592592,2.0453812203615946,0.4232689335520743,-1.7192734173780515,0.5724862813949585,0.5905912518501282,1.0,3.3323700428009033,True,False,True,False
1757,755.4648842592593,2.047249286263613,0.4251369994540928,-1.7110692683404074,0.5635592341423035,0.5777522325515747,1.0,3.332198143005371,True,False,True,False
1758,755.4799305555556,2.007060812909289,0.3849485260997685,-1.8875685153091615,0.5582584142684937,0.5777522325515747,1.0,3.3319003582000732,True,False,True,False
1759,755.495,2.011194647882215,0.3890823610726948,-1.8694135893088166,0.5552841424942017,0.5649133324623108,1.0,3.3318023681640625,True,False,True,False
1760,755.5093634259259,2.0224082715233234,0.400295984713803,-1.8201657338106265,0.5500683188438416,0.5649133324623108,1.0,3.33158016204834,True,False,True,False
1761,755.5244212962963,2.0160567219096253,0.3939444351001049,-1.8480603919136762,0.5468915104866028,0.5649133324623108,1.0,3.3313093185424805,True,False,True,False
1762,755.5394907407407,2.076821689883408,0.45470940307388763,-1.5811935469132277,0.5443008542060852,0.5520744323730469,1.0,3.3310742378234863,True,False,True,False
1763,755.5538541666666,2.0287563435652176,0.40664405675569726,-1.792286348464998,0.542896568775177,0.5649133324623108,1.0,3.3308351039886475,True,False,True,False
1764,755.5689236111111,1.980383699767879,0.3582714129583586,-2.0047287353365904,0.537041425704956,0.5649133324623108,1.0,3.330705165863037,True,False,True,False
1765,755.5839814814815,2.0436103062295414,0.4214980194200211,-1.7270508964576365,0.5323144793510437,0.5520744323730469,1.0,3.3306305408477783,True,False,True,False
1766,755.5983449074074,2.0029654037116296,0.3808531169021092,-1.9055546834584922,0.5294183492660522,0.5520744323730469,1.0,3.3303823471069336,True,False,True,False
1767,755.6134143518518,1.871199214454093,0.24908692764457263,-2.484243825861438,3.653029441833496,7.95051383972168,0.54296875,3.343073844909668,True,False,True,False
1768,755.6284606481481,2.1477571785539156,0.5256448917443952,-1.2696599331996323,6.896968364715576,7.292518138885498,0.0,3.375502109527588,True,False,True,False
1769,755.6428356481481,1.7193593645524032,0.09724707774288288,-3.1510922261780245,5.962880611419678,7.472262382507324,0.0,3.4579179286956787,True,False,True,False
1770,756.2937847222222,2.11006659201881,0.48795430520928984,-1.4351889913105438,0.4955028295516968,0.5167673230171204,1.0,3.3456122875213623,True,False,True,False
1771,756.3081481481481,2.104592949130951,0.4824806623214306,-1.4592280693657216,0.4990134835243225,0.5135576128959656,1.0,3.341129779815674,True,False,True,False
1772,756.3232060185185,2.175331626220511,0.5532193394109906,-1.1485588103521847,0.5071893334388733,0.5263965129852295,1.0,3.3382554054260254,True,False,True,False
1773,756.338275462963,2.114201490365276,0.4920892035557556,-1.4170293951992616,0.5316123366355896,0.5649133324623108,1.0,3.3365650177001953,True,False,True,False
1774,756.3526388888889,2.0836129642730787,0.4615006774635584,-1.5513677109038064,0.5465577244758606,0.5649133324623108,1.0,3.3355443477630615,True,False,True,False
1775,756.3677083333333,2.0642103863105565,0.4420980995010362,-1.6365797160836257,0.5596399307250977,0.5905912518501282,1.0,3.3345422744750977,True,False,True,False
1776,756.3820601851852,2.179736380370198,0.5576240935606778,-1.1292140648166185,0.5729377269744873,0.5905912518501282,1.0,3.3338561058044434,True,False,True,False
1777,756.3971296296296,2.016923731268116,0.39481144445859573,-1.8442526707907732,0.5712324976921082,0.5905912518501282,1.0,3.3335349559783936,True,False,True,False
1778,756.4121990740741,1.9924699283924237,0.3703576415829033,-1.951648583918129,3.966430187225342,7.960143089294434,0.48828125,3.348921298980713,True,False,True,False
1779,756.4265509259259,1.4076924718452983,-0.21441981496422202,-4.519867083160158,4.992705821990967,6.907349586486816,0.0,3.46907114982605,False,False,False,False
1780,757.3440509259259,2.1109889991827373,0.48887671237321695,-1.4311379747815918,6.545251369476318,16.722719192504883,1.0,3.3330841064453125,True,False,False,False
1781,757.3591203703704,2.0565743528121243,0.43446206600260395,-1.6701155548406472,1.02414870262146,1.2196992635726929,1.0,3.331810474395752,True,False,False,False
1782,757.3741666666666,1.9731474651622194,0.35103517835269904,-2.036508742193973,0.9109127521514893,1.0174859762191772,1.0,3.333432674407959,True,False,False,False
1783,757.3885416666667,2.0616830001732134,0.439570713363693,-1.647679459686908,6.688190937042236,44.95875549316406,1.0,3.3234925270080566,True,False,False,False
1784,757.4036111111111,2.2813738582672713,0.659261571457751,-0.6828438293892356,8.029706001281738,29.208585739135742,0.828125,3.318502902984619,True,False,True,False
1785,757.4186574074074,1.6809299485545044,0.05881766174498404,-3.31986606650974,6.569575309753418,7.831753253936768,0.0,3.3528764247894287,True,False,True,False
1786,757.4330324074074,1.923025698958357,0.3009134121488366,-2.256632903510835,6.327240467071533,6.393792629241943,0.0,3.3627796173095703,True,False,True,False
1787,757.4481018518519,2.1333664673734742,0.5112541805639539,-1.332860882991855,6.780182838439941,7.562135219573975,0.0,3.3744020462036133,True,False,True,False
1788,759.214224537037,2.0158120560220945,0.3936997692125741,-1.849134912573553,5.499774932861328,17.268375396728516,1.0,3.3434765338897705,True,False,True,False
1789,759.2292939814815,2.2981558159040487,0.6760435290945284,-0.609141032583842,23.04844856262207,25.202836990356445,1.0,3.2863080501556396,True,False,True,False
1790,759.2443518518519,1.9392182405532885,0.31710595374376815,-2.185518696887006,2.2872860431671143,14.119624137878418,1.0,3.3238632678985596,True,False,True,False
1791,759.2587152777778,1.8768422277707675,0.2547299409612471,-2.459460908823348,0.9020859599113464,0.9500815272331238,1.0,3.3305375576019287,True,False,True,False
1792,759.2737847222222,1.8085910190288508,0.18647873221933042,-2.7592057346954006,0.7528332471847534,0.8088532090187073,1.0,3.3315017223358154,True,False,True,False
1793,759.2888310185185,2.0477319493669777,0.4256196625574573,-1.7089495144116535,6.917987823486328,22.47135353088379,1.0,3.3180108070373535,True,False,True,False
1794,759.3032060185185,1.957647221134274,0.33553493432475356,-2.104582524809304,17.65918731689453,23.861169815063477,0.96875,3.280263662338257,True,False,True,False
1795,759.318275462963,2.130126742436196,0.5080144556266755,-1.3470890674459928,1.8783197402954102,9.59710693359375,0.96875,3.31561279296875,True,False,True,False
1796,759.3333217592592,2.577175987608182,0.9550637007986615,0.6162563533950669,0.6113626956939697,0.6419469714164734,1.0,3.3245902061462402,True,True,True,False
1797,759.3476967592593,2.5527166599356415,0.9306043731261211,0.5088361765323177,0.6362296342849731,0.6547859311103821,1.0,3.325870990753174,True,True,True,False
1798,759.3627662037037,2.112494852381075,0.4903825655715546,-1.4245245870768934,5.4139204025268555,7.716202735900879,0.234375,3.3445518016815186,True,False,True,False
1799,759.3778125,1.8667538887831554,0.24464160197363505,-2.5037667529090495,6.075679779052734,6.162691116333008,0.0,3.356886863708496,True,False,True,False
1800,759.3921875,1.855343124666885,0.23323083785736465,-2.553880407540897,6.025775909423828,6.111335277557373,0.0,3.3606045246124268,True,False,True,False
1801,759.4072569444445,1.8389651603973003,0.21685287358777994,-2.6258089512050673,5.985252857208252,6.137012958526611,0.0,3.363119602203369,True,False,True,False
1802,759.4223032407407,1.859488188958863,0.23737590214934268,-2.535676164754141,6.024971961975098,6.137012958526611,0.0,3.365480422973633,True,False,True,False
1803,759.4366898148148,1.9551596409302097,0.3330473541206893,-2.1155074492004537,6.115246772766113,6.1915788650512695,0.0,3.3675453662872314,True,False,True,False
1804,759.4517476851852,2.050726792346712,0.4286145055371915,-1.6957967995510412,6.222121238708496,6.358484745025635,0.0,3.3693759441375732,True,False,True,False
1805,759.4661111111111,2.1131001214907537,0.4909878346812333,-1.421866373585431,6.375873565673828,6.4965033531188965,0.0,3.371829032897949,True,False,True,False
1806,759.4811805555555,2.258655837600007,0.6365435507904869,-0.7826165553905651,6.676198482513428,6.949076175689697,0.0,3.3759849071502686,True,False,True,False
1807,759.4962268518518,1.9776710986381247,0.3555588118286044,-2.0166419038838774,7.686454772949219,8.358149528503418,0.0,3.393658399581909,True,False,True,False
1808,766.1005324074074,1.5818587613660593,-0.04025352544346106,-3.7549656977123163,9.69590950012207,16.36001968383789,1.0,3.3167953491210938,False,False,False,False
1809,766.1155787037037,1.4059074627125787,-0.21620482409694164,-4.527706464491708,1.6130924224853516,6.4066314697265625,1.0,3.327453136444092,False,False,False,False
1810,766.1306481481481,1.4796715139448366,-0.1424407728646837,-4.203750404228542,0.9148321151733398,1.043163776397705,1.0,3.331836462020874,False,False,False,False
1811,766.1450231481482,1.3914411561567042,-0.2306711306528162,-4.591239413131477,0.8208897113800049,0.966130256652832,1.0,3.3324432373046875,False,False,False,False
1812,766.1600694444444,1.430394020815256,-0.19171826599426445,-4.420166697358102,0.8602089881896973,1.0014373064041138,1.0,3.3311123847961426,False,False,False,False
1813,766.1744328703704,1.8795709613321372,0.25745867452261684,-2.447476890059712,4.818473815917969,14.568986892700195,1.0,3.318784475326538,True,False,False,False
1814,766.1895138888889,2.0173888180693185,0.3952765312597981,-1.8422101082514202,4.562516212463379,12.726598739624023,1.0,3.313493490219116,True,False,False,False
1815,766.2045601851852,1.7134478390854775,0.09133555227595713,-3.177054391601677,0.7307162284851074,0.770336389541626,1.0,3.3271727561950684,True,False,False,False
1816,766.2189236111111,1.6388090879817365,0.01669680117221617,-3.5048519480888793,0.6893820762634277,0.7061417102813721,1.0,3.3285365104675293,True,False,False,False
1817,766.2339930555555,1.662689695107478,0.04057740829795775,-3.3999733890630353,0.6721887588500977,0.6933027505874634,1.0,3.3290867805480957,True,False,True,False
1818,766.2490625,1.638789154071987,0.016676867262466644,-3.504939493590519,0.6585472822189331,0.6804637908935547,1.0,3.329162120819092,True,False,True,False
1819,766.2634143518519,1.6239024497189654,0.0017901629094450033,-3.5703187401468472,0.6478508710861206,0.6676248908042908,1.0,3.3290696144104004,True,False,True,False
1820,766.2784837962963,1.6256681484603248,0.0035558616508044594,-3.562564165956482,0.6463102102279663,0.6676248908042908,1.0,3.3289871215820312,True,False,True,False
1821,766.2935532407407,1.6033048478895953,-0.01880743891992509,-3.660779036565519,0.6358785629272461,0.6419469714164734,1.0,3.328828811645508,False,False,False,False
1822,766.3079050925926,1.6105025212557336,-0.011609765553786788,-3.62916838248941,0.6326873898506165,0.6419469714164734,1.0,3.3285770416259766,False,False,False,False
1823,766.322974537037,1.6117076973661877,-0.010404589443332668,-3.6238755047509477,0.6457585692405701,0.6933027505874634,1.0,3.3283791542053223,False,False,False,False
1824,766.3380439814815,1.5972905043814287,-0.024821782428091632,-3.687192757008288,0.6653679609298706,0.7061417102813721,1.0,3.3279268741607666,False,False,False,False
1825,766.3523958333334,1.596224281970068,-0.025888004839452305,-3.6918753795863393,0.630233883857727,0.6419469714164734,1.0,3.3277013301849365,False,False,False,False
1826,766.3674652777778,1.5876339588802055,-0.03447832792931482,-3.729602255728448,0.6244940757751465,0.6291080713272095,1.0,3.3275146484375,False,False,False,False
1827,766.3818287037037,1.5519713467588065,-0.07014094005071381,-3.886224880551006,0.6195734739303589,0.6291080713272095,1.0,3.3273301124572754,False,False,False,False
1828,766.3968981481481,1.5821508452637638,-0.03996144154575654,-3.7536829272138696,0.6165459156036377,0.6291080713272095,1.0,3.327343702316284,False,False,False,False
1829,766.4119560185185,1.5712678496134664,-0.050844437196053915,-3.8014787347357553,0.6108025312423706,0.616269052028656,1.0,3.3271682262420654,False,False,False,False
1830,766.4263194444444,1.5745931972878926,-0.047519089521627755,-3.786874513389229,0.6060312390327454,0.616269052028656,1.0,3.3268799781799316,False,False,False,False
1831,766.4413888888889,1.5873188951850197,-0.03479339162450068,-3.730985948621115,0.6092478036880493,0.616269052028656,1.0,3.3265867233276367,False,False,False,False
1832,766.4564583333333,1.568683156681119,-0.053429130128401336,-3.8128301576221806,0.6018754839897156,0.616269052028656,1.0,3.326409339904785,False,False,False,False
1833,766.4708101851852,1.526447875629532,-0.09566441117998825,-3.9983185496642406,0.5955644249916077,0.6034301519393921,1.0,3.3262667655944824,False,False,False,False
1834,766.4858796296296,1.5465815260977809,-0.07553076071173948,-3.909895829173027,0.5971611738204956,0.6066398620605469,1.0,3.3262367248535156,False,False,False,False
1835,766.5009490740741,1.5470965901378646,-0.07501569667165575,-3.907633777205689,0.5908921957015991,0.6034301519393921,1.0,3.3260464668273926,False,False,False,False
1836,766.5153009259259,1.570796205050077,-0.051316081759443355,-3.803550097575075,0.5840541124343872,0.5905912518501282,1.0,3.3258886337280273,False,False,False,False
1837,766.5303703703704,1.6455448520699576,0.023432565260437244,-3.4752699015441264,3.9921581745147705,7.831753253936768,0.4453125,3.34200382232666,True,False,False,False
1838,766.5454398148148,2.0717683627372856,0.44965607592776524,-1.603386687421796,5.523050785064697,5.703698635101318,0.0,3.363973617553711,True,False,False,False
1839,766.5597916666667,2.0674044513183794,0.445292164508859,-1.622552060350609,5.385134696960449,5.507905006408691,0.0,3.366189479827881,True,False,False,False
1840,766.5748611111111,1.996946884693076,0.37483459788355566,-1.931986741856837,5.345211505889893,5.430871486663818,0.0,3.3675026893615723,True,False,False,False
1841,766.5895254629629,1.9492182194517995,0.32710593264227916,-2.141600911562605,5.3830766677856445,5.430871486663818,0.0,3.3696396350860596,True,False,True,False
1842,766.6042939814815,2.003104584674447,0.3809922978649267,-1.9049434302040305,5.457125663757324,5.5207438468933105,0.0,3.372648000717163,True,False,True,False
1843,766.6193518518519,2.2161235039468714,0.594011217137351,-0.9694095394239961,5.668040752410889,5.854556560516357,0.0,3.3788299560546875,True,False,True,False
1844,766.6337152777778,1.67080032588382,0.04868803907429964,-3.364353219771088,5.652348518371582,6.0343017578125,0.0,3.4131860733032227,True,False,True,False
1845,766.6487847222222,1.3369684026112787,-0.28514388419824166,-4.830472187571953,0.7848715782165527,2.417680263519287,0.0,3.5675179958343506,False,False,False,False
1846,771.2679050925926,1.9587667170131007,0.3366544302035803,-2.099665936466784,0.6690018177032471,0.7061417102813721,1.0,3.3564248085021973,True,False,False,False
1847,771.2829513888889,1.8946528259831061,0.2725405391735858,-2.38124054088786,0.7039850950241089,0.7093514204025269,1.0,3.345350980758667,True,False,False,False
1848,771.2977314814815,1.7704302250137758,0.14831793820425543,-2.9267998442802017,3.088099479675293,12.829310417175293,1.0,3.3328447341918945,True,False,False,False
1849,771.3123958333333,2.1772734211187066,0.5551611343091862,-1.1400308592086403,8.877574920654297,14.559358596801758,1.0,3.3104493618011475,True,False,False,False
1850,771.3274421296296,1.742877662601525,0.12076537579200464,-3.0478048517346243,1.6291911602020264,3.4568843841552734,1.0,3.3276209831237793,True,False,True,False
1851,771.3418171296296,1.6705121856341076,0.048399898824587284,-3.3656186706043965,0.872934877872467,0.9500815272331238,1.0,3.3308165073394775,True,False,True,False
1852,771.3568865740741,1.6907381863501505,0.06862589954063014,-3.276790367421615,1.3963350057601929,1.1683435440063477,1.0,3.3296940326690674,True,False,True,False
1853,771.3719328703704,1.7212846078179425,0.0991723210084221,-3.142636966292847,0.9202409982681274,0.9918080568313599,1.0,3.33013916015625,True,False,True,False
1854,771.3863078703704,1.8439607758133238,0.2218484890038035,-2.603869268368651,3.81058406829834,6.047140598297119,1.0,3.3206405639648438,True,False,True,False
1855,771.4013773148148,1.9296775928144183,0.30756530600489795,-2.227419197228444,20.57168197631836,29.20537567138672,1.0,3.2824361324310303,True,False,True,False
1856,771.4164236111111,2.130346544291342,0.5082342574818217,-1.3461237443401957,25.802406311035156,30.832712173461914,0.98828125,3.256855010986328,True,False,True,False
1857,771.430787037037,1.993732724372051,0.3716204375625307,-1.9461026519412075,5.763341903686523,17.09973907470703,0.4609375,3.2996397018432617,True,False,True,False
1858,771.4458680555556,2.440791832375344,0.8186795455658238,0.017286084362057252,5.1153645515441895,5.934800148010254,0.0,3.3343443870544434,True,True,True,False
1859,771.4609143518519,2.1236863291180947,0.5015740423085744,-1.3753739960818816,4.284043312072754,4.493628978729248,0.0,3.3425726890563965,True,False,True,False
1860,771.4752777777778,2.1857534369485014,0.5636411501389811,-1.1027884291455223,3.9562647342681885,4.069943904876709,0.0,3.3469550609588623,True,False,True,False
1861,771.4903472222222,1.9742359395760989,0.35212365276657853,-2.031728393542739,3.7992730140686035,3.85168194770813,0.0,3.3498592376708984,True,False,True,False
1862,771.5054050925926,1.8673641354616468,0.24525184865212646,-2.5010866789916033,3.726201057434082,3.7489705085754395,0.0,3.3518781661987305,True,False,True,False
1863,771.5197685185185,1.7230191372259998,0.1009068504164794,-3.135019281200205,3.696052074432373,3.723292350769043,0.0,3.3534178733825684,True,False,True,False
1864,771.5348379629629,1.7980597374265668,0.17594745061704642,-2.805456888752215,3.6950063705444336,3.723292350769043,0.0,3.355144500732422,True,False,True,False
1865,771.549212962963,1.7280330548903602,0.10592076808083983,-3.1129992187728344,3.7056241035461426,3.723292350769043,0.0,3.356806993484497,True,False,True,False
1866,771.5642592592593,1.7976989047261376,0.17558661791661723,-2.8070415894037164,3.7275049686431885,3.7618093490600586,0.0,3.3587803840637207,True,False,True,False
1867,771.5793287037037,1.6740370086663,0.05192472185677954,-3.3501383958152795,3.7659215927124023,3.800326108932495,0.0,3.360291004180908,True,False,True,False
1868,771.5937037037037,1.6338810237087902,0.011768736899269827,-3.5264949606392695,3.814394474029541,3.85168194770813,0.0,3.361797571182251,True,False,True,False
1869,771.60875,1.7090804091088305,0.08696812229931017,-3.1962352172894484,3.8672289848327637,3.9030377864837646,0.0,3.3629891872406006,True,False,True,False
1870,771.6238194444444,1.790548799941434,0.16843651313191366,-2.8384433323642284,3.941554546356201,3.992910385131836,0.0,3.3643240928649902,True,False,True,False
1871,771.6381828703703,1.8087329705571276,0.1866206837476072,-2.7585823137053564,4.033479690551758,4.108460903167725,0.0,3.3658699989318848,True,False,True,False
1872,771.6532523148148,1.8407092282419257,0.21859694143240538,-2.618149375323077,4.077065467834473,4.185494422912598,0.0,3.367607593536377,True,False,True,False
1873,771.6683101851852,1.9205114798141505,0.29839919300463014,-2.2676748204742996,4.208263397216797,4.326722621917725,0.0,3.3698253631591797,True,False,True,False
1874,771.6826736111111,2.016313168763546,0.3942008819540257,-1.8469341317493384,4.499260902404785,4.634857177734375,0.0,3.373685121536255,True,False,True,False
1875,771.6977430555555,2.019142514856482,0.39703022804696153,-1.8345082440970664,4.561835765838623,4.788924217224121,0.0,3.3844761848449707,True,False,True,False
1876,771.7128009259259,1.2315471740652568,-0.39056511274426353,-5.293459852936746,2.4167068004608154,4.11544132232666,0.0,3.5046300888061523,False,False,False,False
1877,793.2106828703704,1.8941739538051963,0.2720616669956759,-2.383343645876452,0.6159369945526123,0.7574974298477173,1.0,3.3540658950805664,True,False,False,False
1878,793.2250578703704,2.1938816970699597,0.5717694102604394,-1.0670908355107749,8.001418113708496,16.542972564697266,1.0,3.3201587200164795,True,False,False,False
1879,793.2401041666667,1.7968912339780552,0.17477894716853482,-2.810588707941373,0.9685639142990112,1.1587142944335938,1.0,3.3279271125793457,True,False,False,False
1880,793.2551736111111,1.8047507831456684,0.18263849633614804,-2.776071235795386,0.8907516002655029,1.0688416957855225,1.0,3.330092430114746,True,False,False,False
1881,793.269537037037,1.6416312879684525,0.019519001158932126,-3.4924574446187195,1.6182079315185547,1.4187028408050537,1.0,3.3277664184570312,True,False,True,False
1882,793.2845949074074,2.455003786938218,0.8328915001286978,0.07970197302212068,12.068964958190918,13.432741165161133,1.0,3.2992372512817383,True,True,True,False
1883,793.2989814814815,2.289560786756024,0.6674484999465038,-0.6468885767347721,7.009710311889648,13.83395767211914,1.0,3.306901454925537,True,False,True,False
1884,793.3140277777778,1.866761324459842,0.24464903765032164,-2.5037340969948945,1.2838939428329468,1.3095718622207642,1.0,3.3250679969787598,True,False,True,False
1885,793.3290972222222,1.8169581710685603,0.19484588425903993,-2.722458978448615,1.3106077909469604,1.5021559000015259,1.0,3.3258111476898193,True,False,True,False
1886,793.3434722222222,1.7740968432885702,0.15198455647904985,-2.9106968348745594,1.2871037721633911,1.5053656101226807,1.0,3.325878620147705,True,False,True,False
1887,793.3585185185185,1.7602321987594607,0.13811991194994033,-2.971587411565599,1.2617769241333008,1.476478099822998,1.0,3.325685501098633,True,False,True,False
1888,793.3735879629629,1.9508134195730122,0.3287011327634919,-2.134595131132077,8.084922790527344,22.628631591796875,0.78125,3.3106846809387207,True,False,True,False
1889,793.387962962963,1.8859959208214458,0.2638836340119255,-2.4192598313605735,5.575860977172852,6.583166122436523,0.0,3.3501808643341064,True,False,True,False
1890,793.4030092592593,1.8630719506022548,0.24095966379273448,-2.5199370440914226,4.9901347160339355,5.186931610107422,0.0,3.356152057647705,True,False,True,False
1891,793.4180787037037,1.7994230220050274,0.177310735195507,-2.799469632172922,4.839822769165039,4.9558305740356445,0.0,3.3593974113464355,True,False,True,False
1892,793.4324537037037,1.8827201767308228,0.26060788992130246,-2.4336462042929283,4.778041362762451,4.853119373321533,0.0,3.362015724182129,True,False,True,False
1893,793.4475,2.005152817137554,0.38304053032803353,-1.8959480278614729,4.771998882293701,4.840280055999756,0.0,3.364516258239746,True,False,True,False
1894,793.4625694444444,1.9422902683406473,0.320177981531127,-2.1720270027299406,4.820178985595703,4.917313575744629,0.0,3.3670129776000977,True,False,True,False
1895,793.4769328703703,1.9768246609048652,0.35471237409534484,-2.0203592787940687,4.955630302429199,5.135575771331787,0.0,3.370124578475952,True,False,True,False
1896,793.4919907407408,2.074635746231233,0.4525234594217127,-1.5907937475758263,5.282926559448242,5.58968448638916,0.0,3.376100540161133,True,False,True,False
1897,793.5064236111111,1.5073437272398942,-0.11476855956962617,-4.082219915486777,5.084956169128418,5.867395401000977,0.0,3.4324746131896973,False,False,False,False
1898,793.5214236111111,1.261930598196378,-0.36018168861314237,-5.160022301522563,0.33590584993362427,1.0244096517562866,0.0,3.5816614627838135,False,False,False,False
1899,821.1266550925926,1.2763923587843418,-0.3457199280251786,-5.096509317809202,2.642002820968628,8.204082489013672,0.0078125,3.5487308502197266,False,False,False,False
1900,821.1410185185185,1.3572019047771575,-0.26491038203236283,-4.7416109396133015,0.6331703662872314,0.6676248908042908,0.859375,3.521852493286133,False,False,False,False
1901,821.1560763888889,2.038871997231839,0.41675971042231885,-1.7478605441052681,1.2549562454223633,2.0478110313415527,1.0,3.4310336112976074,True,False,False,False
1902,821.1711458333333,2.0340572242849695,0.41194493747544914,-1.7690060051919754,9.692821502685547,13.474467277526855,1.0,3.307882785797119,True,False,False,False
1903,821.1855092592592,1.7371864557731929,0.11507416896367251,-3.07279942444924,1.1012399196624756,1.3512983322143555,1.0,3.3252973556518555,True,False,False,False
1904,821.2005555555555,1.6900367916542176,0.06792450484469725,-3.279870744090034,0.9715968370437622,1.2036505937576294,1.0,3.3272485733032227,True,False,False,False
1905,821.2149305555556,1.7004065896343223,0.07829430282480199,-3.234328791834969,0.8285378813743591,0.8858869075775146,1.0,3.327944278717041,True,False,True,False
1906,821.23,1.5001063163175392,-0.12200597049198114,-4.114005088477471,2.847285747528076,13.50656509399414,1.0,3.323282241821289,False,False,False,False
1907,821.2450462962963,2.059408688976261,0.4372964021667405,-1.657667751854556,6.919752597808838,14.090736389160156,1.0,3.3035311698913574,True,False,False,False
1908,821.2594212962963,1.5870850765283209,-0.03502721028119948,-3.7320128305449622,2.3135480880737305,3.0749258995056152,1.0,3.3202075958251953,False,False,False,False
1909,821.2744907407407,1.652350618070816,0.030238331261295714,-3.4453804214534918,1.1906110048294067,1.0945196151733398,1.0,3.321545124053955,True,False,False,False
1910,821.289537037037,1.6722506359254752,0.05013834911595483,-3.3579837658242684,0.7641666531562805,0.824901819229126,1.0,3.325596809387207,True,False,False,False
1911,821.3039120370371,1.649546323838242,0.027434037028721603,-3.457696286651066,0.7319198250770569,0.7831753492355347,1.0,3.326266050338745,True,False,False,False
1912,821.3189814814815,2.0379946345068047,0.4158823476972844,-1.7517137350170442,11.044195175170898,21.367206573486328,1.0,3.2934861183166504,True,False,False,False
1913,821.3340277777778,2.0382260411894033,0.41611375437988296,-1.7506974459716234,5.664925575256348,14.19665813446045,1.0,3.2997944355010986,True,False,True,False
1914,821.3484143518518,1.604797608165733,-0.01731467864378744,-3.6542231501968017,5.712024211883545,7.780397891998291,0.15234375,3.343275308609009,False,False,False,False
1915,821.3634722222222,1.8198734553559994,0.19776116854647907,-2.7096556684821893,5.562019348144531,5.755054473876953,0.0,3.35471773147583,True,False,False,False
1916,821.3785185185185,1.9150590811084125,0.29294679429889214,-2.291620598589621,5.276772499084473,5.4437103271484375,0.0,3.35966157913208,True,False,False,False
1917,821.3929050925926,1.8133083675075614,0.19119608069804106,-2.7384881411993534,5.192498207092285,5.31532096862793,0.0,3.3637328147888184,True,False,False,False
1918,821.4079513888889,1.673255366402475,0.05114307959295461,-3.3535712027733275,5.171685218811035,5.263965129852295,0.0,3.3667705059051514,True,False,False,False
1919,821.4227314814815,1.6809594099683487,0.05884712315882834,-3.319736678231855,5.249238014221191,5.379515647888184,0.0,3.369548797607422,True,False,True,False
1920,821.4373958333333,1.9152263878939522,0.2931141010844318,-2.2908858226900697,5.456398963928223,5.674811363220215,0.0,3.3734188079833984,True,False,True,False
1921,821.4524421296296,2.0401653597493428,0.4180530729398224,-1.7421803703802208,6.024070739746094,6.4965033531188965,0.0,3.383349895477295,True,False,True,False
1922,821.4668171296296,1.2751889599580608,-0.34692332685145955,-5.101794390092717,3.9116249084472656,6.563907623291016,0.0,3.4962031841278076,False,False,False,False
1923,823.1570254629629,1.6236424935037792,0.001530206694258851,-3.571460412681175,5.888308525085449,12.707340240478516,1.0,3.333099603652954,True,False,False,False
1924,823.1720717592592,1.953737733065487,0.3316254462559667,-2.1217521668131343,7.6886186599731445,18.032291412353516,1.0,3.3066701889038086,True,False,False,False
1925,823.1864467592593,1.6683378432909486,0.04622555648142823,-3.3751679207795977,0.9283393025398254,1.0816806554794312,1.0,3.327009677886963,True,False,False,False
1926,823.2015162037037,1.7138894590385891,0.09177717222906878,-3.1751148904794677,0.8001266717910767,0.873047947883606,1.0,3.3284912109375,True,False,False,False
1927,823.2158796296296,1.9021538579429371,0.28004157113341677,-2.3482976002410174,10.775087356567383,23.21280288696289,1.0,3.3020691871643066,True,False,True,False
1928,823.2309375,1.7316837715524334,0.109571484742913,-3.096966045875938,11.422550201416016,44.477294921875,0.9921875,3.2905189990997314,True,False,True,False
1929,823.2460069444444,2.0439289490908905,0.42181666228137016,-1.725651484626681,15.547956466674805,32.967185974121094,0.9765625,3.2741293907165527,True,False,True,False
1930,823.2603703703704,1.9145375152384023,0.29242522842888197,-2.2939112052143065,3.8396453857421875,25.67466926574707,0.9609375,3.298534870147705,True,False,True,False
1931,823.2754166666666,2.5076549282972316,0.8855426414877112,0.31093461328640615,0.5514811277389526,0.5905912518501282,1.0,3.3181309700012207,True,True,True,False
1932,823.2904976851852,2.341860686261474,0.7197483994519536,-0.4171985161577343,1.8250352144241333,9.321069717407227,1.0,3.3178582191467285,True,False,True,False
1933,823.3048611111111,2.437426893983406,0.8153146071738855,0.0025079889853776294,0.7956631779670715,0.6547859311103821,0.98828125,3.3159947395324707,True,True,True,False
1934,823.3199074074074,2.6042542809249363,0.9821419941154159,0.7351784716220817,0.5544683337211609,0.5777522325515747,1.0,3.3199028968811035,True,True,True,False
1935,823.3349768518518,2.677560405631854,1.0554481188223337,1.05712341575807,0.5642111897468567,0.5905912518501282,1.0,3.3203024864196777,True,True,True,False
1936,823.3493518518519,2.004726177794483,0.38261389098496257,-1.8978217373232722,2.690861225128174,12.0525541305542,0.99609375,3.3133535385131836,True,False,True,False
1937,823.3816087962963,2.325796059502243,0.7036837726927228,-0.48775094796672347,6.534117698669434,8.024337768554688,0.015625,3.347949743270874,True,False,True,False
1938,823.3966550925926,2.3165393412367132,0.6944270544271929,-0.5284044903111513,5.543213367462158,5.72616720199585,0.0,3.3562231063842773,True,False,True,False
1939,823.411724537037,1.632426282413754,0.010313995604233739,-3.532883875710625,5.270635604858398,5.392354488372803,0.0,3.3592166900634766,True,False,True,False
1940,823.4260995370371,1.8031867996617357,0.18107451285221532,-2.7829399193791575,5.153730869293213,5.289643287658691,0.0,3.3612067699432373,True,False,True,False
1941,823.4411458333333,1.8760032788445282,0.25389099203500787,-2.463145394482233,5.094091892242432,5.225448131561279,0.0,3.36287260055542,True,False,True,False
1942,823.4562152777778,1.8541060944732355,0.23199380766371513,-2.5593131816533097,5.06721830368042,5.174092769622803,0.0,3.3645827770233154,True,False,True,False
1943,823.4705787037037,1.7564636733347345,0.13435138652521417,-2.9881379755490207,5.071230888366699,5.174092769622803,0.0,3.366142511367798,True,False,True,False
1944,823.4856481481481,1.721483453731753,0.09937116692223258,-3.141763677234541,5.0967230796813965,5.21260929107666,0.0,3.3676257133483887,True,False,True,False
1945,823.5007060185185,1.7595115120465905,0.13739922523707016,-2.974752514678636,5.137080192565918,5.238287448883057,0.0,3.3694536685943604,True,False,True,False
1946,823.5150694444444,1.8438977124857026,0.2217854256761822,-2.6041462291215107,5.248317718505859,5.408403396606445,0.0,3.3717737197875977,True,False,True,False
1947,823.5301388888889,1.9719075313887735,0.34979524457925315,-2.0419542682127108,5.399584770202637,5.549631595611572,0.0,3.3750362396240234,True,False,True,False
1948,823.5451851851852,2.054056835750892,0.4319445489413718,-1.68117195555587,5.632382392883301,5.880234241485596,0.0,3.381338596343994,True,False,True,False
1949,823.5595601851852,1.6781832543386195,0.056070967529099125,-3.3319289646567523,5.806475639343262,6.329596996307373,0.0,3.4310073852539062,True,False,True,False
1950,995.3724074074074,2.1941918539389733,0.572079567129453,-1.0657286923574274,2.6689820289611816,7.960143089294434,0.6640625,3.3323802947998047,True,False,True,False
1951,995.3867824074074,2.6525864087335345,1.030474121924014,0.9474429208686286,8.092143058776855,8.242599487304688,0.0,3.3871941566467285,True,True,True,False
1952,995.4018287037037,2.8476116502243545,1.2254993634148341,1.8039523970944877,8.059694290161133,8.258647918701172,0.0,3.3902266025543213,True,True,True,False
1953,995.4168981481481,3.0365159421805474,1.414403655371027,2.6335799618311864,7.614989280700684,7.780397891998291,0.0,3.3892478942871094,True,True,True,False
1954,998.3953009259259,2.1881310554213274,0.566018768611807,-1.0923464333440664,7.703989028930664,8.165565490722656,0.01171875,3.3713393211364746,True,False,True,False
1955,998.4103703703704,2.6215744110610992,0.9994621242515789,0.8112448078444467,7.715500831604004,8.037176132202148,0.0,3.382265567779541,True,True,True,False
1956,999.1025925925926,2.349308537991776,0.7271962511822558,-0.3844891317941248,0.4150557219982147,0.616269052028656,1.0,3.3166749477386475,True,False,True,False
1957,999.1176388888889,2.264019489221318,0.6419072024117976,-0.7590605356378957,0.6234408617019653,0.6419469714164734,1.0,3.3128857612609863,True,False,True,False
1958,999.1320023148148,2.2467299112373196,0.6246176244277992,-0.8349926932911278,0.6331201791763306,0.6419469714164734,1.0,3.3111486434936523,True,False,True,False
1959,999.1470833333333,2.2677536640904608,0.6456413772809404,-0.7426608320054005,0.6330515742301941,0.6547859311103821,1.0,3.309812545776367,True,False,True,False
1960,999.1621296296296,2.2492295242017484,0.627117237392228,-0.8240149235698118,0.6499713659286499,0.6804637908935547,1.0,3.3085367679595947,True,False,True,False
1961,999.1764930555555,2.3105352724184036,0.6884229856088833,-0.5547730864963607,0.6336218118667603,0.6547859311103821,1.0,3.3075003623962402,True,False,True,False
1962,999.1915625,2.2896561216278295,0.6675438348183091,-0.646469886207885,0.6157197952270508,0.6419469714164734,1.0,3.3065125942230225,True,False,True,False
1963,999.2066203703704,2.156070232738948,0.5339579459294275,-1.2331507632510115,0.6089468598365784,0.6291080713272095,1.0,3.305605888366699,True,False,True,False
1964,999.2209837962963,2.1160607619260547,0.4939484751165344,-1.4088638690421809,0.5994682312011719,0.6194788217544556,1.0,3.3047103881835938,True,False,True,False
1965,999.2360532407407,2.0838478979898847,0.4617356111803643,-1.5503359318725842,0.5783714652061462,0.6034301519393921,1.0,3.3038573265075684,True,False,True,False
1966,999.2511226851852,2.0122340967139913,0.390121809904471,-1.8648485506109407,0.5726869106292725,0.5905912518501282,1.0,3.303034782409668,True,False,True,False
1967,999.265474537037,1.9952036723143571,0.3730913855048368,-1.9396425607140964,0.5623590350151062,0.5905912518501282,1.0,3.302187919616699,True,False,True,False
1968,999.2805439814815,1.833285696897096,0.21117341008757573,-2.6507519497144822,1.7246785163879395,7.778993606567383,0.80859375,3.3090028762817383,True,False,True,False
1969,999.2956134259259,2.33780331952386,0.7156910327143395,-0.43501760989516525,7.427907943725586,7.844592571258545,0.0078125,3.3704915046691895,True,False,True,False
1970,999.3099652777778,2.4425316505415124,0.8204193637319921,0.02492699655804742,6.979217529296875,7.164128303527832,0.0,3.3773105144500732,True,True,True,False
1971,999.3250347222222,2.686466816554901,1.0643545297453805,1.0962384825896119,6.617168426513672,6.766120910644531,0.0,3.378756523132324,True,True,True,False
1972,999.3396296296296,2.72494747228778,1.1028351854782594,1.2652373569642767,6.352166175842285,6.457986831665039,0.0,3.3803048133850098,True,True,True,False
1973,999.3544560185185,2.6954105503111228,1.0732982635016024,1.135517463384545,6.165298938751221,6.242934226989746,0.0,3.381540536880493,True,True,True,False
1974,999.369525462963,2.671488923772296,1.0493766369627757,1.030458755800761,5.984618186950684,6.072818756103516,0.0,3.3834965229034424,True,True,True,True
1975,999.3838888888889,2.8022456734016368,1.1801333865921164,1.604714653559995,5.8377556800842285,5.905912399291992,0.0,3.386326313018799,True,True,True,True
1976,999.3989583333333,2.7984454454796004,1.17633315867008,1.5880248589356647,5.717691421508789,5.777523040771484,0.0,3.3905906677246094,True,True,True,True
1977,999.4140162037037,2.7417749577909425,1.1196626709814221,1.3391401024978107,5.570448875427246,5.649133682250977,0.0,3.3974766731262207,True,True,True,True
1978,999.4283796296296,1.6787834272430473,0.056671140433526945,-3.329293132617336,5.250791072845459,5.346761703491211,0.0,3.409531593322754,True,False,True,False
1979,999.4434490740741,1.8850532025851297,0.2629409157756093,-2.423400049809444,4.933285713195801,5.1419677734375,0.0,3.4560546875,True,False,True,False
1980,999.4585185185185,1.5808819624768424,-0.041230324332677926,-3.7592555911568044,2.0509910583496094,4.10011100769043,0.0,3.562070369720459,False,False,False,False
1981,999.4728703703704,1.8864517045728175,0.26433941776329717,-2.4172581258419674,0.7001392245292664,0.944149374961853,0.0,3.5790750980377197,True,False,False,False
1982,1000.0722685185185,1.8851113578011334,0.262999070991613,-2.4231446444413063,5.353450298309326,10.608173370361328,1.0,3.3495113849639893,True,False,False,False
1983,1000.0873379629629,1.8274796128827124,0.20536732607319208,-2.6762510386532705,5.837705612182617,13.288302421569824,1.0,3.305361747741699,True,False,False,False
1984,1002.4060763888889,2.200450264079907,0.5783379772703865,-1.0382430830545417,7.681705474853516,7.972981929779053,0.01171875,3.370542526245117,True,False,False,False
1985,1002.4211458333333,2.490923103434798,0.8688108166252777,0.23745198898774422,7.88596773147583,8.050015449523926,0.0,3.3812901973724365,True,True,True,False
1986,1002.4355092592592,2.725940101027618,1.1038278142180975,1.2695967717535952,7.5012006759643555,7.642378330230713,0.0,3.3818624019622803,True,True,True,False
1987,1002.4505555555555,2.7293769169536684,1.107264630144148,1.2846905380076663,7.238646030426025,7.3433732986450195,0.0,3.3838186264038086,True,True,True,False
1988,1002.4649305555556,2.8800013465646357,1.2578890597551153,1.9462010703198693,7.065780162811279,7.18980598449707,0.0,3.387068271636963,True,True,True,False
1989,1002.48,2.839054435384079,1.2169421485745586,1.766370925358986,6.9540910720825195,7.074256420135498,0.0,3.39223051071167,True,True,True,True
1990,1002.4950462962963,3.1025411534894207,1.4804288666799004,2.9235486793344876,6.946463584899902,6.984383583068848,0.0,3.4020462036132812,True,True,True,True
1991,1002.5094212962963,1.8017255593816544,0.179613272572134,-2.789357376613746,6.920010566711426,7.035737991333008,0.0,3.435764789581299,True,False,True,False
1992,1002.5244907407407,1.5792622535538103,-0.04285003325571002,-3.7663690090441495,2.5984749794006348,6.509342193603516,0.0,3.5727250576019287,False,False,False,False
1993,1042.2354050925926,1.3085274127859172,-0.31358487402360313,-4.955378979700253,0.4582599401473999,0.5135618448257446,1.0,3.348095417022705,False,False,False,False
1994,1042.250474537037,1.69350093562993,0.07138864882040963,-3.2646569588408667,6.371364593505859,10.15239143371582,1.0,3.314338445663452,True,False,False,False
1995,1042.264837962963,1.5432173141839582,-0.07889497262556211,-3.9246707340119817,0.890450656414032,1.6209161281585693,1.0,3.3261280059814453,False,False,False,False
1996,1042.2798958333333,1.4656965458061475,-0.15641574100337285,-4.26512549880216,0.6392117738723755,0.824901819229126,1.0,3.328909158706665,False,False,False,False
1997,1042.2949652777777,1.5718780879126666,-0.050234198896853766,-3.798798697618378,0.5322642922401428,0.6323177814483643,1.0,3.3301663398742676,False,False,False,False
1998,1042.3093287037036,1.5495003709357282,-0.07261191587379212,-3.8970768820243187,0.6454576253890991,1.0142762660980225,1.0,3.329963445663452,False,False,False,False
1999,1042.324386574074,1.3751636763643447,-0.2469486104451757,-4.662726650294504,2.13189697265625,13.423110961914062,1.0,3.323221206665039,False,False,False,False
2000,1042.3392824074074,1.812489249626133,0.19037696281661254,-2.7420855331175815,4.523168563842773,12.672033309936523,0.99609375,3.3071188926696777,True,False,False,False
2001,1042.3538194444445,1.6289504582200052,0.006838171410484817,-3.548148957998864,7.278425216674805,7.960143089294434,0.0,3.3596577644348145,True,False,False,False
2002,1042.368888888889,1.9533381162141947,0.3312258294046744,-2.123507199225221,6.597659111022949,6.740443229675293,0.0,3.376471757888794,True,False,False,False
2003,1042.3832407407408,1.4267681834964145,-0.1953441033131058,-4.436090605458927,6.011618614196777,7.157709121704102,0.0,3.4332544803619385,False,False,False,False
2004,1043.3350347222222,1.9097938109182642,0.2876815241087438,-2.314744547973188,6.676248550415039,16.716299057006836,1.0,3.3405091762542725,True,False,False,False
2005,1043.349398148148,2.2355911802639814,0.613478893454461,-0.8839116360847132,17.79291534423828,19.399639129638672,1.0,3.2732081413269043,True,False,False,False
2006,1043.3644675925925,2.305811934852497,0.6836996480429767,-0.5755169827924873,17.69748306274414,18.92138671875,1.0,3.264246702194214,True,False,False,False
2007,1043.3795254629629,2.2530457162007,0.6309334293911795,-0.8072550181072509,14.370485305786133,16.549392700195312,0.99609375,3.26313853263855,True,False,False,False
2008,1043.5497337962963,2.009692657331431,0.3875803705219105,-1.8760100130851152,7.121699333190918,8.080873489379883,0.015625,3.348794460296631,True,False,True,False
2009,1043.5648032407407,2.317418957669015,0.6953066708594948,-0.5245414015952936,6.268111228942871,6.470825672149658,0.0,3.359936237335205,True,False,True,False
2010,1043.579861111111,1.759799199950805,0.13768691314128456,-2.973489050450767,5.966897487640381,6.085657596588135,0.0,3.363337755203247,True,False,True,False
2011,1043.594224537037,1.5080524696472495,-0.11405981716227087,-4.079107269228977,5.808294773101807,5.918751239776611,0.0,3.3651301860809326,False,False,False,False
2012,1043.6092939814814,1.5527565375012349,-0.06935574930828547,-3.8827764894279198,5.710970401763916,5.764684200286865,0.0,3.3667688369750977,False,False,False,False
2013,1043.6243402777777,1.5837277190345873,-0.03838456777493304,-3.7467576322253953,5.657157897949219,5.777523040771484,0.0,3.3682751655578613,False,False,False,False
2014,1043.6387152777777,1.6228624344463838,0.0007501476368634297,-3.5748862665325416,5.623721122741699,5.751844882965088,0.0,3.3699471950531006,True,False,False,False
2015,1043.6537847222223,1.7124362734452194,0.09032398663569907,-3.181496973239225,5.58228063583374,5.636294841766357,0.0,3.3716135025024414,True,False,False,False
2016,1043.6688310185186,1.7604940251714694,0.138381738361949,-2.970437525523683,5.572279453277588,5.683645725250244,0.0,3.3734397888183594,True,False,False,False
2017,1043.6832060185186,1.9072664677359161,0.2851541809263958,-2.3258441029272463,5.564577102661133,5.687650203704834,0.0,3.3760504722595215,True,False,False,False
2018,1043.698275462963,2.0347516274393778,0.4126393406298574,-1.7659563338903257,5.5519890785217285,5.661972522735596,0.0,3.3803415298461914,True,False,True,False
2019,1043.7133217592593,1.913411064504777,0.2912987776952567,-2.2988583378032796,5.58303165435791,5.649133682250977,0.0,3.391150951385498,True,False,True,False
2020,1043.9914583333334,1.5232245309262393,-0.09888775588328103,-4.012474795606603,4.7094831466674805,21.354366302490234,1.0,3.3397116661071777,False,False,False,False
2021,1044.0061805555556,1.7784500735853261,0.1563377867758058,-2.891578371167694,0.6241430044174194,0.8216921091079712,1.0,3.3298699855804443,True,False,False,False
2022,1044.057326388889,1.8659346894738094,0.243822402664289,-2.5073645024414124,0.6425989270210266,0.9885983467102051,1.0,3.3286728858947754,True,False,False,False
2023,1044.102511574074,1.780539675506958,0.15842738869743767,-2.8824012829419026,0.6085060834884644,1.1041488647460938,1.0,3.327486515045166,True,False,False,False
2024,1044.1175925925927,1.8067671289448153,0.18465484213529493,-2.7672158729145826,0.5580425262451172,0.6933027505874634,1.0,3.3270273208618164,True,False,False,False
2025,1044.1959837962963,1.778161966650541,0.1560496798410207,-2.892843675688911,6.255289077758789,16.74197769165039,1.0,3.3100056648254395,True,False,True,False
2026,1044.2110416666667,1.812604115825069,0.19049182901554862,-2.7415810651464882,6.120663642883301,12.883875846862793,1.0,3.3053383827209473,True,False,True,False
2027,1044.2254050925926,1.6037503745285673,-0.018361912280953074,-3.6588223781080105,0.5881839394569397,0.6708346009254456,1.0,3.3250606060028076,False,False,False,False
2028,1044.2972453703703,1.615886201652034,-0.006226085157486461,-3.605524400607097,7.041406631469727,7.8959479331970215,0.015625,3.3616771697998047,False,False,False,False
2029,1044.3116203703703,1.5526053477941397,-0.06950693901538063,-3.8834404825389903,6.34296989440918,6.509342193603516,0.0,3.37032413482666,False,False,False,False
2030,1044.326689814815,2.039838482838106,0.41772619602858563,-1.743615944411016,6.255123138427734,6.44514799118042,0.0,3.3766708374023438,True,False,False,False
2031,1044.3410416666666,1.9494213841556143,0.3273090973460939,-2.140708655295048,6.796613693237305,7.074256420135498,0.0,3.403319835662842,True,False,False,False
2032,1044.3561111111112,1.552805129190558,-0.06930715761896233,-3.88256308503958,1.5212140083312988,5.915541648864746,0.0,3.573063373565674,False,False,False,False
2033,1054.0702083333333,1.442965291453097,-0.1791469953564233,-4.3649563443432715,13.949262619018555,20.529464721679688,1.0,3.299494504928589,False,False,False,False
2034,1054.0852777777777,1.7526140401259582,0.13050175331643787,-3.0050447477088995,28.93885612487793,55.764122009277344,1.0,3.242443323135376,True,False,False,False
2035,1054.0996296296296,1.5333731641447401,-0.08873912266478023,-3.9679041520532885,3.3154051303863525,15.779057502746582,0.98828125,3.3031997680664062,False,False,False,False
2036,1054.114699074074,1.268087196470679,-0.35402509033884133,-5.132983828333426,7.336934566497803,7.899157524108887,0.01171875,3.349679708480835,False,False,False,False
2037,1054.1297685185186,1.4273840843544845,-0.19472820245503586,-4.43338569958459,6.611953258514404,6.80784797668457,0.0,3.3574113845825195,False,False,False,False
2038,1054.1441203703703,1.662932098954445,0.04081981214492458,-3.3989088028053103,6.266702651977539,6.393792629241943,0.0,3.3587684631347656,True,False,False,False
2039,1054.159189814815,1.6940352500583962,0.07192296324887582,-3.2623103632526895,6.117855072021484,6.204417705535889,0.0,3.3622984886169434,True,False,False,False
2040,1054.1735532407408,1.6762958970088717,0.05418361019935136,-3.340217837551338,6.051904678344727,6.175529956817627,0.0,3.3665385246276855,True,False,False,False
2041,1054.1886226851852,1.6024905001845924,-0.019621786624927973,-3.6643554788811183,6.010204315185547,6.124174118041992,0.0,3.3715133666992188,False,False,False,False
2042,1054.2036805555556,1.989249022595527,0.3671367357860067,-1.965794118701136,6.206172943115234,6.535020351409912,0.0,3.3789610862731934,True,False,False,False
2043,1054.2180439814815,1.448239445405553,-0.17387284140396742,-4.3417933793607855,5.462950229644775,7.176967144012451,0.0,3.4444077014923096,False,False,False,False
2044,1056.3018518518518,2.276877678480687,0.6547653916711667,-0.7025900969215129,19.35103988647461,19.916406631469727,1.0,3.2654473781585693,True,False,False,False
2045,1056.3169212962962,2.1905912091158104,0.56847892230629,-1.0815419603630858,18.33545684814453,18.74485206604004,1.0,3.2571043968200684,True,False,False,False
2046,1056.3319675925925,1.9049218376510897,0.28280955084156933,-2.336141220728752,16.99333953857422,18.064388275146484,1.0,3.249891757965088,True,False,False,False
2047,1056.3463541666667,2.3308963349594185,0.7087840481498981,-0.46535162043845313,50.73344039916992,53.456642150878906,1.0,3.159060001373291,True,False,False,False
2048,1056.361412037037,2.2859292648058465,0.6638169779963261,-0.6628374505301458,42.666473388671875,50.42036437988281,0.98828125,3.1422412395477295,True,False,True,False
2049,1056.3764583333334,2.1486872798686094,0.5265749930590891,-1.2655751255932133,14.270659446716309,50.00873565673828,1.0,3.2161738872528076,True,False,True,False
2050,1056.3908449074074,1.825028734510591,0.20291644770107076,-2.687014776386664,6.1969451904296875,15.90744686126709,0.5078125,3.2235159873962402,True,False,True,False
2051,1056.4058912037037,2.12675001180991,0.5046377250003895,-1.3619189518136128,5.7177414894104,9.016145706176758,0.0,3.2731356620788574,True,False,True,False
2052,1056.420949074074,2.3508071128528747,0.7286948260433543,-0.3779077090021157,6.022302150726318,6.291080474853516,0.0,3.2920172214508057,True,False,True,False
2053,1056.435335648148,2.462635979579148,0.8405236927696278,0.11322094354802292,5.5451178550720215,5.72616720199585,0.0,3.301778793334961,True,True,True,False
2054,1056.4503819444444,2.3284112407184856,0.7062989539089652,-0.4762656270070518,5.284778594970703,5.408403396606445,0.0,3.309619188308716,True,False,True,False
2055,1056.4648032407408,2.1249678477565173,0.5028555609469969,-1.3697458381604843,5.075316429138184,5.174092769622803,0.0,3.3152875900268555,True,False,True,False
2056,1056.4798263888888,1.9945566551746978,0.37244436836517747,-1.9424841226942917,4.9267425537109375,4.981508731842041,0.0,3.318765163421631,True,False,True,False
2057,1056.494872685185,1.7600986908743426,0.1379864040648222,-2.9721737498666334,4.850711822509766,4.917313575744629,0.0,3.3207755088806152,True,False,True,False
2058,1056.509247685185,1.715145081390374,0.09303279458085356,-3.1696004635537856,4.815641403198242,4.917313575744629,0.0,3.3221521377563477,True,False,True,False
2059,1056.5243171296297,1.686443688681526,0.06433140187200559,-3.295650889888805,4.791281700134277,4.917313575744629,0.0,3.323444366455078,True,False,True,False
2060,1056.539363425926,1.6951104322446067,0.07299814543508631,-3.2575883912447643,4.796848297119141,4.930152416229248,0.0,3.3246357440948486,True,False,True,False
2061,1056.553726851852,1.7072630545732532,0.08515076776373287,-3.2042166527666467,4.816381454467773,4.894002914428711,0.0,3.3259682655334473,True,False,True,False
2062,1056.5688078703704,1.7396330949635377,0.11752080815401733,-3.062054304302653,4.844141960144043,4.8787970542907715,0.0,3.327303886413574,True,False,True,False
2063,1056.5838541666667,1.724886837110637,0.1027745503011166,-3.126816739633231,4.880953788757324,5.020025730133057,0.0,3.328538417816162,True,False,True,False
2064,1056.5982175925926,1.734381023422212,0.11226873661269154,-3.0851202880213475,4.912309646606445,4.970459938049316,0.0,3.329807758331299,True,False,True,False
2065,1056.613287037037,1.7686239877029606,0.14651170089344023,-2.9347324552653227,4.950815200805664,4.984718322753906,0.0,3.331291437149048,True,False,True,False
2066,1056.6283449074074,1.7746353118992637,0.15252302508974336,-2.9083319949995587,5.00339937210083,5.138785362243652,0.0,3.3329179286956787,True,False,True,False
2067,1056.6427083333333,1.8945212446710005,0.2724089578614801,-2.381818418089043,5.038581848144531,5.071381092071533,0.0,3.3348560333251953,True,False,True,False
2068,1056.6577777777777,2.03570952136844,0.41359723455891984,-1.7617494670191993,5.066164970397949,5.10347843170166,0.0,3.3369147777557373,True,False,True,False
2069,1056.6726736111111,2.174362841512976,0.5522505547034557,-1.1528135072113361,5.079512596130371,5.225448131561279,0.0,3.3392531871795654,True,False,True,False
2070,1056.687199074074,2.375718040506602,0.7536057536970817,-0.26850420085161497,5.070427894592285,5.113107681274414,0.0,3.3421292304992676,True,False,True,False
2071,1056.7022685185186,2.398887797635623,0.7767755108261027,-0.1667475441688322,5.075192928314209,5.109898090362549,0.0,3.3456225395202637,True,False,True,False
2072,1056.7166435185186,2.3998311619237884,0.7777188751142681,-0.16260448839733277,5.115670680999756,5.263965129852295,0.0,3.3497934341430664,True,False,True,False
2073,1056.731689814815,2.0756537241393476,0.4535414373298272,-1.5863230046185373,5.134020805358887,5.167673110961914,0.0,3.354283332824707,True,False,True,False
2074,1056.7467592592593,2.044603299024067,0.42249101221454644,-1.7226898828173842,5.122035026550293,5.238287448883057,0.0,3.358083963394165,True,False,True,False
2075,1056.7611226851852,1.969635050475039,0.3475227636655187,-2.0519345221648515,5.060632705688477,5.163249969482422,0.0,3.3606691360473633,True,False,True,False
2076,1056.7761805555556,1.7505487587807962,0.12843647197127583,-3.014115025123667,5.025241374969482,5.148414611816406,0.0,3.362471103668213,True,False,True,False
2077,1056.79125,1.7842668041495258,0.1621545173400054,-2.866032524841314,5.007988929748535,5.135575771331787,0.0,3.363837718963623,True,False,True,False
2078,1056.805613425926,1.7871832319327985,0.16507094512327813,-2.8532241928838373,5.003106117248535,5.122736930847168,0.0,3.364842414855957,True,False,True,False
2079,1056.8206828703703,1.818052109552022,0.19593982274250155,-2.7176546327632534,5.005782127380371,5.135575771331787,0.0,3.3662147521972656,True,False,True,False
2080,1056.8357407407407,1.829568924197527,0.20745663738800668,-2.667075226710954,5.021429538726807,5.148414611816406,0.0,3.367391586303711,True,False,True,False
2081,1056.8501041666666,1.837036130149531,0.2149238433400107,-2.6342808427126005,5.039674758911133,5.148414611816406,0.0,3.3689513206481934,True,False,True,False
2082,1056.865173611111,1.859039932894185,0.23692764608466454,-2.537644810270166,5.074240207672119,5.186931610107422,0.0,3.3704991340637207,True,False,True,False
2083,1056.8802430555556,1.8358334074101077,0.21372112060058734,-2.6395629457661016,5.117608070373535,5.225448131561279,0.0,3.372296094894409,True,False,True,False
2084,1056.8945949074075,1.9918964087872442,0.3697841219777238,-1.9541673603230831,5.17098331451416,5.238287448883057,0.0,3.374572277069092,True,False,True,False
2085,1056.909664351852,2.214192107399651,0.5920798205901308,-0.977891823216589,5.227454662322998,5.251126289367676,0.0,3.3782100677490234,True,False,True,False
2086,1056.924039351852,2.361640087493389,0.7395278006838686,-0.33033158314072786,5.294551849365234,5.405193328857422,0.0,3.3856167793273926,True,False,True,False
2087,1056.9390856481482,2.213800538134873,0.5916882513253527,-0.9796115123364044,5.208319187164307,5.710571765899658,0.0,3.444416046142578,True,False,True,False
2088,1072.0976967592592,1.4443446883265878,-0.17776759848293255,-4.358898325983239,11.028828620910645,18.645349502563477,0.98828125,3.3174471855163574,False,False,False,False
2089,1072.1127662037038,1.7808278684723562,0.15871558166283584,-2.8811356005924886,15.948169708251953,19.457412719726562,1.0,3.279392719268799,True,False,False,False
2090,1072.1278125,1.711128503730777,0.08901621692125672,-3.1872404203160167,0.8847005367279053,1.6979496479034424,1.0,3.3217177391052246,True,False,False,False
2091,1072.1421875,1.6461838551751122,0.024071568365591878,-3.472463535502895,0.6651172637939453,0.6933027505874634,1.0,3.325944423675537,True,False,False,False
2092,1072.1572569444445,1.5188751961751275,-0.1032370906343929,-4.031576150903636,4.124509811401367,7.831753253936768,0.4921875,3.3403964042663574,False,False,False,False
2093,1072.1723032407408,1.6681875574719112,0.04607527066239081,-3.375827944206124,6.535376071929932,6.8206868171691895,0.0,3.359428644180298,True,False,False,False
2094,1072.1866898148148,1.6423119589990165,0.020199672189496143,-3.4894680818910344,6.187416076660156,6.2782416343688965,0.0,3.364699363708496,True,False,False,False
2095,1072.2017476851852,1.5837389856400257,-0.03837330116949467,-3.746708151685086,6.081645488739014,6.201208114624023,0.0,3.370985269546509,False,False,False,False
2096,1072.216111111111,1.8840753552970146,0.2619630684874943,-2.427694547599422,6.518746376037598,7.077466011047363,0.0,3.3833980560302734,True,False,False,False
2097,1074.3745949074073,1.6857890608806407,0.06367677407112038,-3.298525876278121,0.493822306394577,0.5392354726791382,0.98828125,3.3584022521972656,True,False,False,False
2098,1074.3889467592592,1.7875268844778502,0.1654145976683299,-2.8517149438291205,1.3582695722579956,6.653780460357666,1.0,3.3448195457458496,True,False,False,False
2099,1074.4040162037038,2.035306028543147,0.41319374173362644,-1.763521521886616,8.602090835571289,17.075788497924805,1.0,3.3053040504455566,True,False,False,False
2100,1074.4190856481482,1.690953015779203,0.06884072896968263,-3.275846882156072,1.999714970588684,6.859203338623047,1.0,3.3228201866149902,True,False,True,False
2101,1074.4334490740741,1.6692217469241395,0.04710946011461914,-3.371286003587181,1.084138035774231,6.085657596588135,1.0,3.327427387237549,True,False,True,False
2102,1074.4485069444445,1.8515554142684028,0.2294431274588824,-2.5705152278579995,4.347681999206543,10.572867393493652,1.0,3.3134686946868896,True,False,True,False
2103,1074.463576388889,1.4928122802304666,-0.12930000657905372,-4.1460389471757315,3.3260879516601562,7.780397891998291,0.5859375,3.337383270263672,False,False,False,False
2104,1074.4779398148148,1.6923668521768775,0.07025456536735719,-3.269637612713899,6.226935863494873,6.3552751541137695,0.0,3.3630385398864746,True,False,False,False
2105,1074.4929861111111,1.724433016043602,0.10232072923408175,-3.128809825458711,6.201367378234863,6.457986831665039,0.0,3.373063564300537,True,False,False,False
2106,1074.507361111111,1.4922569329437296,-0.12985535386579072,-4.148477914614257,5.811114311218262,7.048577308654785,0.0,3.441514492034912,False,False,False,False
2107,1074.5224305555555,1.4097974980548509,-0.21231478875466947,-4.510622254734858,0.325614869594574,0.718980610370636,0.0,3.583665132522583,False,False,False,False
2108,1075.3745949074073,1.8889461692169713,0.266833882407451,-2.4063029664508244,2.5344367027282715,9.98869514465332,1.0,3.3212356567382812,True,False,False,False
2109,1075.3889467592592,2.050031971164592,0.42791968435507166,-1.6988483067416944,5.673407554626465,16.806171417236328,1.0,3.3119823932647705,True,False,False,False
2110,1075.4040162037038,1.6449667250894138,0.02285443827989342,-3.477808912563994,4.069875717163086,7.998659610748291,0.5078125,3.3399295806884766,True,False,False,False
2111,1075.4190856481482,1.6884307309740016,0.0663184441644813,-3.286924221791091,6.607991695404053,6.8431549072265625,0.0,3.368488311767578,True,False,False,False
2112,1075.4334490740741,1.5139118560242348,-0.10820043078528552,-4.053374087624416,5.235110282897949,7.151289463043213,0.0,3.4646739959716797,False,False,False,False
2113,1079.0418981481482,1.6657657517435678,0.043653464934047426,-3.386464001057267,7.566844940185547,7.934465408325195,0.0,3.3702054023742676,True,False,False,False
2114,1079.0562731481482,1.9362868317868305,0.3141745449773101,-2.1983928221436644,6.8715410232543945,7.087095260620117,0.0,3.3765268325805664,True,False,False,False
2115,1079.0713194444445,1.9382309185964037,0.3161186317868834,-2.1898548054116938,8.493526458740234,13.108556747436523,0.96875,3.3213002681732178,True,False,False,False
2116,1079.086388888889,1.9712745987181148,0.3491623119085945,-2.044733974193783,5.816240310668945,13.018684387207031,1.0,3.308953285217285,True,False,False,False
2117,1079.1007523148148,1.663834289431748,0.04172200262222758,-3.3949465736740256,0.6206322908401489,0.6676248908042908,1.0,3.325690984725952,True,False,True,False
2118,1079.1158101851852,1.6344734178062506,0.012361130996730196,-3.5238932914693892,0.5711175203323364,0.6034301519393921,1.0,3.32655668258667,True,False,True,False
2119,1079.1308449074074,1.5931577945707789,-0.02895449223874147,-3.7053427415346745,0.584272027015686,0.6194788217544556,1.0,3.3264641761779785,False,False,False,False
2120,1079.1452430555555,2.0300621924890914,0.407949905679571,-1.7865513370927912,12.722135543823242,19.014469146728516,1.0,3.290865898132324,True,False,False,False
2121,1079.1603125,1.8345405546390285,0.2124282678295082,-2.645240880793021,12.268291473388672,18.247343063354492,0.953125,3.275223731994629,True,False,False,False
2122,1079.1746875,2.328672853588706,0.7065605667791857,-0.4751166787953558,5.4423065185546875,8.335681915283203,0.0625,3.3319473266601562,True,False,False,False
2123,1079.1897337962962,2.3619694625511696,0.7398571757416492,-0.32888503778041933,5.520092010498047,5.816039562225342,0.0,3.3478119373321533,True,False,False,False
2124,1079.2048032407408,1.8191629080017169,0.19705062119219652,-2.7127762416838834,5.122377395629883,5.251126289367676,0.0,3.3533971309661865,True,False,True,False
2125,1079.2191782407408,1.8151987195570172,0.19308643274749682,-2.73018611613129,4.960042953491211,5.109898090362549,0.0,3.3578460216522217,True,False,True,False
2126,1079.234224537037,1.9714304185586484,0.34931813174912807,-2.044049646519166,4.862146377563477,4.981508731842041,0.0,3.3615026473999023,True,False,True,False
2127,1079.2492939814815,1.8439248800033774,0.22181259319385704,-2.6040269151488364,4.813007831573486,4.930152416229248,0.0,3.3642375469207764,True,False,True,False
2128,1079.2636689814815,1.8672280157242305,0.24511572891471012,-2.5016844879936957,4.816157341003418,4.853119373321533,0.0,3.366239547729492,True,False,True,False
2129,1079.2787152777778,1.8625746917197792,0.24046240491025883,-2.5221208995848046,4.820681095123291,4.840280055999756,0.0,3.367743730545044,True,False,True,False
2130,1079.2937847222222,1.8896490811008193,0.26753679429129895,-2.4032159266150304,4.841105937957764,4.865958213806152,0.0,3.3698325157165527,True,False,True,False
2131,1079.3081481481481,1.96095402409255,0.3388417372830297,-2.090059747920916,4.87478494644165,4.90447473526001,0.0,3.372555732727051,True,False,True,False
2132,1079.3232060185185,2.2091970711530227,0.5870847843435023,-0.9998289624639223,4.926063537597656,4.9558305740356445,0.0,3.3766884803771973,True,False,True,False
2133,1079.3382754629629,2.3053680837783967,0.6832557969688764,-0.5774662825246342,4.958688735961914,4.981508731842041,0.0,3.3849542140960693,True,False,True,False
2134,1079.3526388888888,1.8152683099265654,0.19315602311704505,-2.729880489995327,4.803743362426758,5.007186412811279,0.0,3.4253339767456055,True,False,True,False
2135,1079.3677083333334,1.6881565639663763,0.0660442771568559,-3.2881283051102783,1.3037627935409546,4.1904706954956055,0.0,3.5742862224578857,True,False,True,False
2136,1087.0913425925926,1.6350518352348726,0.012939548425352276,-3.5213530048631947,1.282287836074829,6.990802764892578,1.0,3.3477885723114014,True,False,True,False
2137,1087.106412037037,1.6020694555486348,-0.020042831260885574,-3.666204617576474,1.7810015678405762,7.051787376403809,1.0,3.326549530029297,False,False,False,False
2138,1087.1214583333333,1.5389877825516822,-0.08312450425783813,-3.9432459394333366,1.1408100128173828,3.53712797164917,1.0,3.3286619186401367,False,False,False,False
2139,1087.1358449074073,1.5090373807311102,-0.1130749060784102,-4.074781748747023,9.323740005493164,17.714527130126953,1.0,3.3017988204956055,False,False,False,False
2140,1087.1779050925925,1.5948423168461798,-0.027269969963340523,-3.697944677157134,7.408808708190918,8.062853813171387,0.01171875,3.361142635345459,False,False,False,False
2141,1087.1929745370371,1.836808857487494,0.21469657067797354,-2.6352789760169557,7.095921516418457,7.562135219573975,0.0,3.3786983489990234,True,False,False,False
2142,1087.2080439814815,1.4895761334071098,-0.13253615340241054,-4.160251417312803,3.6046946048736572,7.613491058349609,0.0,3.5061609745025635,False,False,False,False
2143,1097.040497685185,1.6291360583059535,0.007023771496433184,-3.5473338418057603,4.667932987213135,13.586807250976562,1.0,3.3294496536254883,True,False,False,False
2144,1097.0548611111112,1.4553134123396811,-0.1667988744698392,-4.310726017683532,0.7537360191345215,1.0399540662765503,1.0,3.330310821533203,False,False,False,False
2145,1097.0699074074073,1.4512401643095811,-0.17087212249993922,-4.328614858687547,0.5577415823936462,0.7093514204025269,1.0,3.332468032836914,False,False,False,False
2146,1097.084976851852,1.3038836278116204,-0.3182286589979,-4.975773497895108,5.131927013397217,15.252660751342773,1.0,3.3192641735076904,False,False,False,False
2147,1097.099351851852,1.273240606517788,-0.34887168029173243,-5.11035114496134,3.894411563873291,15.01513957977295,1.0,3.3170433044433594,False,False,False,False
2148,1097.1143981481482,1.266371662853933,-0.35574062395558737,-5.14051808794154,3.3955483436584473,8.075693130493164,0.59375,3.34078311920166,False,False,False,False
2149,1097.1294675925926,1.318553478566705,-0.30355880824281534,-4.9113466263245344,6.929508209228516,7.295727729797363,0.0,3.3680872917175293,False,False,False,False
2150,1097.1438425925926,1.7941448615724453,0.172032574762925,-2.822650192765945,7.13352108001709,7.60065221786499,0.0,3.386953353881836,True,False,False,False
2151,1122.290949074074,1.714564676362767,0.09245238955324675,-3.172149479272952,2.4037904739379883,12.107120513916016,0.94921875,3.4479682445526123,True,False,False,False
2152,1122.3053356481482,1.905615820758527,0.2835035339490066,-2.333093394184265,2.328165054321289,12.633517265319824,1.0,3.3290371894836426,True,False,False,False
2153,1122.3203819444445,2.0063313030873466,0.3842190162778263,-1.890772367644977,0.8872409462928772,1.290313482284546,1.0,3.3299527168273926,True,False,False,False
2154,1122.335439814815,1.9295910250785426,0.3074787382690223,-2.227799384354716,0.853563129901886,1.1819324493408203,1.0,3.3286519050598145,True,False,True,False
2155,1122.349826388889,2.006528630306081,0.3844163434965606,-1.8899057483731778,4.425321578979492,16.17706298828125,1.0,3.320169448852539,True,False,True,False
2156,1122.3648726851852,2.00314922784971,0.3810369410401895,-1.9047473668515686,5.218878269195557,16.090402603149414,1.0,3.3138787746429443,True,False,True,False
2157,1122.3799421296296,1.8351072067589993,0.21299491994947894,-2.6427522649258215,0.7542710900306702,0.824901819229126,1.0,3.328233242034912,True,False,True,False
2158,1122.3943171296296,1.7380291951018045,0.11591690829228418,-3.06909829214746,0.6790094375610352,0.7061417102813721,1.0,3.3293392658233643,True,False,True,False
2159,1122.409363425926,1.7221788769118842,0.10006659010236385,-3.1387095261963656,0.6587479710578918,0.718980610370636,1.0,3.329652786254883,True,False,True,False
2160,1122.4237268518518,1.6548142097772707,0.03270192296775032,-3.434560849453479,0.6361113786697388,0.6676248908042908,1.0,3.3296926021575928,True,False,True,False
2161,1122.4388078703703,1.6440954053014127,0.021983118491892384,-3.481635564178632,0.4991639256477356,0.718980610370636,1.0,3.3299994468688965,True,False,True,False
2162,1124.159837962963,1.5195738296524104,-0.10253845715710996,-4.028507900921596,7.162231922149658,7.806075572967529,0.00390625,3.364877700805664,False,False,False,False
2163,1124.1742129629629,1.972647132803644,0.35053484599412355,-2.038706095742193,6.575543403625488,6.705136299133301,0.0,3.3695321083068848,True,False,False,False
2164,1124.1892592592592,1.944024577052701,0.3219122902431806,-2.164410286887315,6.261579513549805,6.368113994598389,0.0,3.369670867919922,True,False,False,False
2165,1124.2043287037036,1.9995674772496947,0.3774551904401744,-1.9204776554385208,6.0192060470581055,6.214046955108643,0.0,3.3709466457366943,True,False,False,False
2166,1124.2187037037038,2.065963606283391,0.4438513194738707,-1.6288799459966246,5.820603370666504,5.9861555099487305,0.0,3.372880697250366,True,False,False,False
2167,1124.23375,2.2069054115826168,0.5847931247730964,-1.0098934450064485,5.692700386047363,5.764684200286865,0.0,3.375972270965576,True,False,True,False
2168,1124.2488194444445,2.3055778498494757,0.6834655630399553,-0.5765450344528649,5.568187713623047,5.62345552444458,0.0,3.381237506866455,True,False,True,False
2169,1124.2631828703704,2.398186636815614,0.7760743500060936,-0.16982689370382253,5.389946937561035,5.4982757568359375,0.0,3.3971986770629883,True,False,True,False
2170,1124.2782523148148,1.676630642041286,0.054518355231765625,-3.338747708401949,3.098818302154541,5.161253929138184,0.0,3.5229249000549316,True,False,True,False
2171,1185.2205787037037,2.0109086903148583,0.38879640350533795,-1.8706694542643851,7.5411224365234375,7.896877765655518,0.0,3.298017978668213,True,False,True,False
2172,1185.2356481481481,2.3768983410619353,0.754786054252415,-0.26332057127264497,6.842803955078125,6.987593173980713,0.0,3.316521167755127,True,False,True,False
2173,1185.2507060185185,2.5386138424792506,0.9165015556697302,0.44689959488500897,5.929497718811035,6.740443229675293,0.10546875,3.323929786682129,True,True,True,False
2174,1185.2650694444444,1.8979280740377658,0.2758157872282454,-2.3668563464401977,4.647809982299805,15.355372428894043,1.0,3.2874858379364014,True,False,True,False
2175,1185.2801388888888,2.4504855486669417,0.8283732618574213,0.05985882930589126,0.7317693829536438,1.1715532541275024,1.0,3.2847447395324707,True,True,True,False
2176,1185.2951851851851,2.448818890849455,0.8267066040399345,0.05253922183666715,0.6799847483634949,0.978969156742096,1.0,3.2828094959259033,True,True,True,False
2177,1185.3591203703704,2.63511070820119,1.0129984213916698,0.8706933524783098,0.5633586049079895,0.8088532090187073,1.0,3.274803638458252,True,True,True,False
2178,1185.3741666666667,2.142523430610887,0.5204111438013668,-1.2926454435628765,1.2295290231704712,7.154499053955078,1.0,3.26975679397583,True,False,True,False
2179,1185.3885416666667,1.9838183967047123,0.3617061098951919,-1.9896442752335113,1.86771821975708,7.706573486328125,0.81640625,3.2712249755859375,True,False,True,False
2180,1185.403611111111,2.386593756838733,0.7644814700292126,-0.2207403625504436,6.736581802368164,7.767559051513672,0.0,3.316077470779419,True,False,True,False
2181,1185.4186574074074,2.384550417309682,0.7624381305001615,-0.22971427616491047,6.052356719970703,6.252563953399658,0.0,3.326564311981201,True,False,True,False
2182,1185.4330324074074,2.1138445262395584,0.4917322394300381,-1.418597105891542,5.76434850692749,5.941162109375,0.0,3.3292899131774902,True,False,True,False
2183,1185.4481018518518,1.9185300461140322,0.29641775930451186,-2.2763768568245246,5.546120643615723,5.713327884674072,0.0,3.329907178878784,True,False,True,False
2184,1185.463148148148,1.8410076433423748,0.2188953565328544,-2.6168387995256586,5.3806915283203125,5.53358268737793,0.0,3.330312728881836,True,False,True,False
2185,1185.477511574074,1.8838682211606983,0.26175593435117794,-2.4286042367722116,5.251828193664551,5.392354488372803,0.0,3.3307056427001953,True,False,True,False
2186,1185.4925925925927,1.9222337073669997,0.30012142055747937,-2.2601111625192747,5.167773723602295,5.263965129852295,0.0,3.3309717178344727,True,False,True,False
2187,1185.5069560185186,1.9034028141110102,0.28129052730148985,-2.3428124497796308,5.156590938568115,5.2800140380859375,0.0,3.33197021484375,True,False,True,False
2188,1185.522002314815,1.949470966022023,0.3273586792125027,-2.140490902259064,5.079906940460205,5.225448131561279,0.0,3.332958221435547,True,False,True,False
2189,1185.5370717592593,1.9842290107386602,0.36211672392913985,-1.9878409455288062,5.005932807922363,5.148414611816406,0.0,3.3338401317596436,True,False,True,False
2190,1185.5514467592593,1.9644328833890328,0.3423205965795124,-2.0747813361055196,4.92996883392334,5.084219932556152,0.0,3.334784746170044,True,False,True,False
2191,1185.5664930555556,1.988971511803534,0.3668592249940137,-1.9670128872117143,4.871675491333008,5.020025730133057,0.0,3.335846424102783,True,False,True,False
2192,1185.5815625,2.0620187459643686,0.4399064591548483,-1.6462049354174895,4.793137550354004,4.942991733551025,0.0,3.3370776176452637,True,False,True,False
2193,1185.5959375,2.0708242020889243,0.4487119152794039,-1.6075332406382885,4.67656946182251,4.843489646911621,0.0,3.3383827209472656,True,False,True,False
2194,1185.6109837962963,2.1215693784465324,0.499457091637012,-1.3846711942139562,4.587212562561035,4.634857177734375,0.0,3.3400001525878906,True,False,True,False
2195,1185.6260532407407,2.1644442162618924,0.5423319294523721,-1.1963740045794993,4.5237202644348145,4.650905609130859,0.0,3.3420395851135254,True,False,True,False
2196,1185.6404282407407,2.327087200453654,0.7049749136441334,-0.4820805308885392,4.483864784240723,4.622017860412598,0.0,3.3448023796081543,True,False,True,False
2197,1185.655474537037,2.564559407505598,0.9424471206960778,0.5608470108257655,4.576330184936523,4.660534858703613,0.0,3.3485703468322754,True,True,True,False
2198,1185.6705439814814,2.437544845118808,0.8154325583092878,0.0030260053428063927,4.672922611236572,4.776085376739502,0.0,3.3531007766723633,True,True,True,False
2199,1185.6849074074073,2.2104081858696185,0.5882958990600982,-0.9945100036274592,4.819851875305176,4.865958213806152,0.0,3.3576412200927734,True,False,True,False
2200,1185.699976851852,2.304286617621111,0.6821743308115906,-0.5822158524000618,4.850762367248535,4.930152416229248,0.0,3.361393928527832,True,False,True,False
2201,1185.7145833333334,2.0537626138708327,0.43165032706131234,-1.6824641156191393,4.886327743530273,4.9558305740356445,0.0,3.364238739013672,True,False,True,False
2202,1185.7293981481482,1.8269448594358686,0.20483257262634824,-2.678599562317002,4.884664535522461,4.9558305740356445,0.0,3.366373062133789,True,False,True,False
2203,1185.7444675925926,1.7476467285678758,0.1255344417583555,-3.026860126007324,4.900914192199707,4.942991733551025,0.0,3.3680992126464844,True,False,True,False
2204,1185.7588425925926,1.8433937027476084,0.22128141593808803,-2.606359732940236,4.910759449005127,4.942991733551025,0.0,3.3694896697998047,True,False,True,False
2205,1185.773888888889,1.8733836302874909,0.25127134347797053,-2.474650335054705,4.891635894775391,4.917313575744629,0.0,3.3708269596099854,True,False,True,False
2206,1185.7889583333333,2.0091070411800014,0.38699475437048103,-1.8785819149543093,4.862447738647461,4.891636371612549,0.0,3.372506618499756,True,False,True,False
2207,1185.8033333333333,2.127252579989492,0.5051402931799716,-1.3597117790139734,4.813506603240967,4.853119373321533,0.0,3.374753475189209,True,False,True,False
2208,1185.8183796296296,2.05141650110492,0.42930421429539956,-1.6927677450413512,4.723977565765381,4.776085376739502,0.0,3.3776121139526367,True,False,True,False
2209,1185.833449074074,2.2575487021674903,0.6354364153579699,-0.7874788592757818,4.607574462890625,4.673374176025391,0.0,3.381067991256714,True,False,True,False
2210,1185.8478125,1.7787425603647418,0.1566302735552214,-2.8902938312982633,4.452103614807129,4.570662498474121,0.0,3.385850191116333,True,False,True,False
2211,1185.8628703703703,1.5294896592849971,-0.09262262752452322,-3.984959681316641,4.504291534423828,4.588626861572266,0.0,3.3968656063079834,False,False,False,False
2212,1185.877939814815,1.5588527378480326,-0.06325954896148778,-3.8560032711199224,4.5024213790893555,4.583876609802246,0.0,3.423004388809204,False,False,False,False
2213,1185.8923032407408,1.9988246638320237,0.3767123770225034,-1.923739934343751,4.308395862579346,4.508932113647461,0.0,3.5068414211273193,True,False,False,False
2214,1185.9073726851852,1.3789573661422083,-0.24315492066731204,-4.646065569811984,2.2291605472564697,3.2065210342407227,0.0,3.576413631439209,False,False,False,False
2215,1185.9224305555556,1.757802588215331,0.13569030140581062,-2.9822577455114914,1.1347299814224243,1.4671751260757446,0.0,3.581944704055786,True,False,False,False
2216,1189.34375,2.052252436561275,0.4301401497517545,-1.6890964939027393,2.5100629329681396,14.559358596801758,0.69140625,3.355301856994629,True,False,False,False
2217,1189.3588194444444,2.336533298834406,0.7144210120248855,-0.4405952712645602,11.807685852050781,46.149620056152344,0.99609375,3.3004260063171387,True,False,False,False
2218,1189.3738888888888,1.7524997962130704,0.13038750940355004,-3.005546482731718,13.384603500366211,45.33429718017578,0.75,3.3018076419830322,True,False,False,False
2219,1189.3882407407407,1.742297030483945,0.12018474367442455,-3.0503548647847647,6.163078308105469,7.32782506942749,0.0,3.3491668701171875,True,False,True,False
2220,1189.403310185185,1.7451895414209262,0.12307725461140584,-3.0376515705410396,5.643415927886963,5.751844882965088,0.0,3.355947256088257,True,False,True,False
2221,1189.4183796296297,1.6765849057066937,0.054472618897173364,-3.338948572678217,5.53513765335083,5.649133682250977,0.0,3.3630104064941406,True,False,True,False
2222,1189.4327314814814,1.810594797097974,0.18848251028845375,-2.7504055666179856,5.718502521514893,6.178739547729492,0.0,3.3733065128326416,True,False,True,False
2223,1189.447800925926,1.4943770031493118,-0.1277352836602086,-4.139167016150733,3.951692581176758,6.345645904541016,0.0,3.4798481464385986,False,False,False,False
2224,1195.2883796296296,1.6868002751055475,0.06468798829602718,-3.2940848379822247,5.081360340118408,12.761905670166016,1.0,3.325343370437622,True,False,False,False
2225,1195.3027314814815,1.4752999273263618,-0.14681235948315852,-4.222949485005181,0.6152660846710205,0.718980610370636,1.0,3.3318872451782227,False,False,False,False
2226,1195.317800925926,1.4093198938407512,-0.21279239296876917,-4.512719791095457,0.5294020771980286,0.5905912518501282,1.0,3.3329782485961914,False,False,False,False
2227,1195.3328703703703,1.3307271235108342,-0.29138516329868613,-4.857882560980221,0.5122536420822144,0.5905912518501282,1.0,3.333001136779785,False,False,False,False
2228,1195.3472337962962,1.7088391674835368,0.08672688067401646,-3.1972946993162092,0.5025742650032043,0.5263965129852295,1.0,3.3303074836730957,True,False,False,False
2229,1195.426273148148,1.696226947396126,0.07411466058660565,-3.2526848936240675,0.4809587001800537,0.5007186532020569,1.0,3.328909158706665,True,False,False,False
2230,1195.4413194444444,1.6576364282314109,0.03552414142189053,-3.4221662648783107,2.180513381958008,11.593562126159668,1.0,3.32460355758667,True,False,False,False
2231,1195.4563888888888,1.7511650130108163,0.12905272620129593,-3.0114085673147106,6.026390075683594,8.614933013916016,0.421875,3.3356714248657227,True,False,False,False
2232,1195.470763888889,2.088592726311786,0.4664804395022657,-1.5294976527364723,6.908603668212891,7.292518138885498,0.0,3.3743252754211426,True,False,True,False
2233,1195.485810185185,1.6201730064763402,-0.0019392803331801378,-3.586697663479729,6.053853988647461,7.652007579803467,0.0,3.444323778152466,False,False,False,False
2234,1223.3866550925925,1.8372231970824071,0.21511091027288676,-2.6334592844390556,2.6031951904296875,16.08719253540039,1.0,3.3230624198913574,True,False,False,False
2235,1223.4017245370371,1.8533337728170363,0.2312214860075159,-2.5627050544805003,4.893301963806152,15.997319221496582,0.9609375,3.3124637603759766,True,False,False,False
2236,1223.4167708333334,1.6182681914702208,-0.0038440953392995247,-3.595063206784416,7.734208106994629,8.130258560180664,0.0,3.361926555633545,False,False,False,False
2237,1223.4311458333334,1.4931773524885141,-0.12893493432100622,-4.144435627286805,5.531137943267822,7.729041576385498,0.0,3.4686412811279297,False,False,False,False
2238,1259.190914351852,1.4547232014255833,-0.16738908538393704,-4.313318098775355,11.214963912963867,15.90744686126709,1.0,3.2994673252105713,False,False,False,False
2239,1259.2059837962963,1.6788117532391407,0.056699466429620315,-3.3291687308532767,0.6754987239837646,0.7061417102813721,1.0,3.3201818466186523,True,False,False,False
2240,1259.2203356481482,1.611796017834881,-0.010316268974639442,-3.623487619994071,0.5373587012290955,0.5552841424942017,1.0,3.324859142303467,False,False,False,False
2241,1259.2718981481482,1.6798307874320586,0.05771850062253825,-3.3246933489172754,5.258147239685059,15.358582496643066,1.0,3.3079898357391357,True,False,False,False
2242,1259.2869560185186,1.3212997236304924,-0.30081256317902794,-4.899285700758225,1.3168940544128418,7.972981929779053,0.8984375,3.3213462829589844,False,False,False,False
2243,1259.3013194444445,1.7502265625575706,0.12811427574805023,-3.01553004256596,7.965610027313232,8.117420196533203,0.0,3.3679757118225098,True,False,False,False
2244,1259.316388888889,2.1508571731946495,0.5287448863851292,-1.2560454145571158,7.679184436798096,7.860641002655029,0.0,3.3820247650146484,True,False,False,False
2245,1259.3314583333333,1.6446208910212952,0.022508604211774808,-3.479327742405101,6.226470947265625,8.618138313293457,0.0,3.4718875885009766,True,False,False,False
2246,1262.1869212962963,1.741478786399681,0.11936649959016066,-3.053948419171266,3.505629062652588,12.649565696716309,1.0,3.3193564414978027,True,False,False,False
2247,1262.368888888889,1.5197551175412702,-0.10235716926825011,-4.027711722983057,6.969738483428955,8.075693130493164,0.12109375,3.361773729324341,False,False,False,False
2248,1262.3832407407408,2.0291904358548853,0.407078149045365,-1.7903799072432627,7.47858190536499,7.61991024017334,0.0,3.3763160705566406,True,False,False,False
2249,1262.3983101851852,2.3269295769670135,0.7048172901574932,-0.4827727797941228,7.557008743286133,7.92162561416626,0.0,3.3847060203552246,True,False,False,False
2250,1262.4133796296296,1.6208490264135986,-0.0012632603959217281,-3.583728727366879,5.799103260040283,8.563572883605957,0.0,3.4829823970794678,False,False,False,False
2251,1289.4020833333334,1.4609811511411734,-0.16113113566834691,-4.285834511562875,20.774702072143555,42.805023193359375,1.0,3.2732081413269043,False,False,False,False
2252,1289.4171296296297,2.3549354783566456,0.7328231915471253,-0.35977680374967846,40.24235534667969,41.60137176513672,1.0,3.186802625656128,True,False,False,False
2253,1289.4314930555556,1.6289685518031753,0.006856264993654992,-3.548069494821043,21.03304672241211,39.07210159301758,0.99609375,3.2220330238342285,True,False,False,False
2254,1289.4465625,1.9912723319560368,0.36916004514651646,-1.9569081733364964,5.190392017364502,8.679122924804688,0.1484375,3.3079843521118164,True,False,False,False
2255,1289.4616203703704,2.776236014031015,1.1541237272214946,1.4904857488600216,8.17374038696289,8.73047924041748,0.0,3.332288980484009,True,True,False,False
2256,1289.4759837962963,3.183771809840744,1.5616595230312236,3.2802964848652367,7.29155158996582,7.652007579803467,0.0,3.3433609008789062,True,True,True,False
2257,1289.4910532407407,2.6537379775966907,1.0316256907871704,0.952500366952429,6.689739227294922,6.884881973266602,0.0,3.352665424346924,True,True,True,False
2258,1289.5059490740741,2.177181177587724,0.5550688907782038,-1.1404359732226166,6.4351677894592285,6.547859191894531,0.0,3.3579769134521484,True,False,True,False
2259,1289.520474537037,1.5780293016686713,-0.044082985140849074,-3.7717838720910017,6.33103084564209,6.406961917877197,0.0,3.361419677734375,False,False,False,False
2260,1289.5355439814814,1.5858511481302213,-0.03626113867929903,-3.737431982229521,6.29328727722168,6.316758155822754,0.0,3.3643860816955566,False,False,False,False
2261,1289.5499074074073,1.6242756931625297,0.0021634063530093783,-3.5686795341450583,6.2899274826049805,6.422679901123047,0.0,3.3674018383026123,True,False,False,False
2262,1289.5649652777777,1.6563499633912737,0.03423767658175336,-3.4278161454680536,6.2881927490234375,6.368694305419922,0.0,3.370577335357666,True,False,False,False
2263,1289.5800347222223,1.6950318222827796,0.07291953547325924,-3.2579336295160566,6.3073296546936035,6.34243631362915,0.0,3.374293327331543,True,False,False,False
2264,1289.5943981481482,2.016252680086591,0.39414039327707084,-1.8471997851828128,6.378345012664795,6.486874103546143,0.0,3.378692865371704,True,False,False,False
2265,1289.6094675925926,2.1131463852243852,0.4910340984148649,-1.421663193084496,6.57773494720459,6.795008659362793,0.0,3.384855031967163,True,False,True,False
2266,1289.624525462963,1.8330603869878632,0.21094810017834287,-2.651741463025018,7.184634208679199,7.6263298988342285,0.0,3.4115333557128906,True,False,True,False
2267,1290.1466550925925,1.7139731782007241,0.09186089139120379,-3.1747472136845967,7.201107025146484,9.786481857299805,1.0,3.3250741958618164,True,False,True,False
2268,1290.1617245370371,1.7475538915075812,0.12544160469806087,-3.027267846676092,4.9463019371032715,9.568220138549805,1.0,3.3066048622131348,True,False,True,False
2269,1290.176099537037,1.6050713584629641,-0.01704092834655624,-3.653020896981239,0.6283055543899536,1.020695686340332,1.0,3.324972152709961,False,False,False,False
2270,1290.1911458333334,1.5696638339413327,-0.05244845286818767,-3.808523231195266,0.5511335134506226,0.7061417102813721,1.0,3.3265604972839355,False,False,False,False
2271,1290.2062152777778,1.7640781884001242,0.14196590159060385,-2.9546966411837055,9.333758354187012,15.243030548095703,1.0,3.295750141143799,True,False,False,False
2272,1290.2205787037037,1.6504188911643507,0.028306604354830345,-3.4538641561137866,5.559060573577881,7.998659610748291,0.3984375,3.3337342739105225,True,False,False,False
2273,1290.2356481481481,1.711541942479397,0.0894296556698766,-3.1854246850638774,8.046440124511719,8.178403854370117,0.0,3.3697383403778076,True,False,False,False
2274,1290.2507060185185,2.217847395808345,0.5957351089988248,-0.9618385721786595,7.924484729766846,8.268277168273926,0.0,3.383730411529541,True,False,False,False
2275,1290.2650694444444,1.5452980087579045,-0.07681427805161589,-3.9155327649670846,5.029191017150879,8.913434028625488,0.0,3.5059781074523926,False,False,False,False
2276,1291.3265162037037,2.009870277157831,0.3877579903483108,-1.8752299444985336,4.698099136352539,5.944429397583008,1.0,3.3190815448760986,True,False,False,False
2277,1291.3408796296296,1.925402076992287,0.3032897901827667,-2.2461963554537876,6.032195091247559,7.221903324127197,1.0,3.3017730712890625,True,False,False,False
2278,1291.3559375,1.639515135481775,0.01740284867225461,-3.501751137292155,1.9602138996124268,7.164128303527832,1.0,3.315153121948242,True,False,False,False
2279,1291.3710069444444,1.7605333931738756,0.13842110636435523,-2.9702646296110142,11.7310791015625,43.296112060546875,1.0,3.2874677181243896,True,False,False,False
2280,1291.3853703703703,1.685441899888712,0.0633296130791916,-3.3000505336870285,1.4002970457077026,7.905577182769775,1.0,3.3114218711853027,True,False,True,False
2281,1291.4004166666666,1.628489716602092,0.0063774297925716095,-3.55017243741526,4.55482292175293,7.998659610748291,0.4453125,3.3398289680480957,True,False,True,False
2282,1291.415497685185,1.7227377163884143,0.10062542957889398,-3.136255221801313,7.722521781921387,8.05001449584961,0.0,3.367438316345215,True,False,True,False
2283,1291.4298611111112,1.974433431078074,0.35232114426855365,-2.0308610527738074,7.339711666107178,7.433745861053467,0.0,3.3769330978393555,True,False,True,False
2284,1291.4449074074073,2.1079267387869756,0.4858144519774552,-1.4445867726274055,7.855344295501709,8.512216567993164,0.0,3.396876335144043,True,False,True,False
2285,1413.0722685185185,2.166522913312786,0.5444106265032655,-1.187244808231975,7.72247314453125,7.810925006866455,0.0,3.293199300765991,True,False,True,False
2286,1413.087337962963,2.4938793897744937,0.8717671029649734,0.25043537126703574,7.727136611938477,7.78681755065918,0.0,3.311500072479248,True,True,True,False
2287,1413.1016898148148,2.6847217306586098,1.0626094438490894,1.0885744356407367,7.755760669708252,7.92162561416626,0.0,3.3221302032470703,True,True,True,False
2288,1413.1167592592592,2.8275101866367613,1.205397899827241,1.7156710345530497,7.863900661468506,7.928045272827148,0.0,3.332324981689453,True,True,True,False
2289,1413.1313078703704,1.9750309149490515,0.3529186281395311,-2.0282370303986914,7.93105411529541,7.960143089294434,0.0,3.338168144226074,True,False,True,False
2290,1413.1461805555555,1.660332298342557,0.03822001153303667,-3.4103265754144245,7.915549278259277,8.127049446105957,0.0,3.3408203125,True,False,True,False
2291,1413.16125,1.689606562256047,0.06749427544652664,-3.2817602203120204,7.849456787109375,7.886318683624268,0.0,3.342780113220215,True,False,True,False
2292,1413.175613425926,1.6818870663723051,0.05977477956278476,-3.315662608154584,7.77889347076416,7.825334072113037,0.0,3.3443784713745117,True,False,True,False
2293,1413.1906828703704,1.6304443161911606,0.008332029381640238,-3.54158825078656,7.713149547576904,7.911996364593506,0.0,3.3459603786468506,True,False,True,False
2294,1413.2057407407408,1.6863057261532632,0.06419343934374289,-3.296256792037254,7.6207122802734375,7.655217170715332,0.0,3.3479275703430176,True,False,True,False
2295,1413.2201041666667,1.7283830611842876,0.10627077437476729,-3.1114620654013225,7.525123119354248,7.581393718719482,0.0,3.349832534790039,True,False,True,False
2296,1413.2351736111111,1.7018067207436929,0.07969443393417253,-3.228179713110762,7.375036239624023,7.510779857635498,0.0,3.351414680480957,True,False,True,False
2297,1413.2502430555555,1.893020437017686,0.2709081502081656,-2.3884096468306653,6.997171878814697,7.228322505950928,0.0,3.3530421257019043,True,False,True,False
2298,1413.2645949074074,2.0637442656463025,0.4416319788367822,-1.6386268191301154,6.2943902015686035,6.612053394317627,0.0,3.3535306453704834,True,False,True,False
2299,1413.2796643518518,2.2755021647354896,0.6533898779259693,-0.7086310614060816,5.670180320739746,5.9315900802612305,0.0,3.3542003631591797,True,False,True,False
2300,1413.2947337962962,2.595402891824265,0.9732906050147447,0.6963050489587697,5.13723087310791,5.353837966918945,0.0,3.3551549911499023,True,True,True,False
2301,1413.309085648148,2.584174578639622,0.9620622918301016,0.6469926801024992,4.68415641784668,4.856328964233398,0.0,3.3554041385650635,True,True,True,False
2302,1413.3241550925925,2.516459488272923,0.8943472014634029,0.3496023723699593,4.32061767578125,4.480789661407471,0.0,3.357210159301758,True,True,True,False
2303,1413.3391782407407,2.4788126186222175,0.8567003318126971,0.18426530953859777,4.011316299438477,4.137348175048828,0.0,3.3589775562286377,True,True,True,False
2304,1413.353576388889,2.147579324791814,0.5254670379822934,-1.2704410291821733,3.7711174488067627,3.877359628677368,0.0,3.3604352474212646,True,False,True,False
2305,1413.3686458333334,2.0737595375166427,0.4516472507071223,-1.5946418703186132,3.5482616424560547,3.646259069442749,0.0,3.3615059852600098,True,False,True,False
2306,1413.3830092592593,1.8481701453175627,0.2260578585080424,-2.585382610735226,3.3725290298461914,3.440835952758789,0.0,3.3623716831207275,True,False,True,False
2307,1413.3980787037037,1.699741590753474,0.07762930394395373,-3.2372493258067365,3.202704668045044,3.2867684364318848,0.0,3.3627426624298096,True,False,True,False
2308,1413.413136574074,1.6643381722457047,0.04222588543618433,-3.3927336272791786,3.0420262813568115,3.1070234775543213,0.0,3.363154888153076,True,False,True,False
2309,1413.4275,1.6008793752109614,-0.021232911598559,-3.6714311978842096,2.909122943878174,2.9657950401306152,0.0,3.363746166229248,False,False,False,False
2310,1413.4425694444444,1.5916355961583426,-0.03047669065117775,-3.712027913951236,2.776488780975342,2.8374056816101074,0.0,3.3638620376586914,False,False,False,False
2311,1413.4576157407407,1.643817167434778,0.02170488062525755,-3.482857525846752,2.6459250450134277,2.6993870735168457,0.0,3.36429500579834,True,False,False,False
2312,1413.4719907407407,1.6306771259003192,0.00856483909079886,-3.54056579994621,2.519491672515869,2.5677878856658936,0.0,3.3645129203796387,True,False,False,False
2313,1413.487060185185,1.6592987594623712,0.0371864726528508,-3.414865658859009,2.405015468597412,2.465076208114624,0.0,3.3647308349609375,True,False,False,False
2314,1413.5021064814814,1.680612138367011,0.0584998515574906,-3.3212618214138154,2.293807029724121,2.3366870880126953,0.0,3.3652093410491943,True,False,False,False
2315,1413.5164814814814,1.6934844799731585,0.07137219316363819,-3.2647292285935126,2.1490678787231445,2.2724924087524414,0.0,3.365508556365967,True,False,True,False
2316,1413.531550925926,1.7070951183728187,0.08498283156329833,-3.2049541929228544,1.9966152906417847,2.259653329849243,0.0,3.3652656078338623,True,False,True,False
2317,1413.5465972222223,1.7348962437474356,0.11278395693791521,-3.082857549682839,1.8572829961776733,2.1344738006591797,0.0,3.3651633262634277,True,False,True,False
2318,1413.5609722222223,1.7516085069755065,0.12949622016598616,-3.0094608359313137,1.7983542680740356,2.0542304515838623,0.0,3.3655543327331543,True,False,True,False
2319,1413.5760416666667,1.7569205552322575,0.1348082684227372,-2.986131447205545,1.6947170495986938,1.9771966934204102,0.0,3.3661203384399414,True,False,True,False
2320,1413.5904050925926,1.7011364098910438,0.0790241230815234,-3.2311235761354773,1.5678050518035889,1.8873240947723389,0.0,3.365954875946045,True,False,True,False
2321,1413.605474537037,1.701120466912038,0.07900818010251776,-3.2311935943161663,1.4507472515106201,1.758934497833252,0.0,3.3656201362609863,True,False,True,False
2322,1413.6205324074074,1.6729906736683866,0.050878386858866254,-3.3547336770935834,1.3519504070281982,1.6562232971191406,0.0,3.3656766414642334,True,False,True,False
2323,1413.6348958333333,1.6469259446596163,0.024813657850095927,-3.4692044359585155,1.2497403621673584,1.5535117387771606,0.0,3.3657195568084717,True,False,True,False
2324,1413.6499652777777,1.650870434915836,0.028758148106315717,-3.4518810717749524,1.1739362478256226,1.4540098905563354,0.0,3.3657054901123047,True,False,True,False
2325,1413.665011574074,1.6844472830294936,0.06233499621997329,-3.304418679874785,1.0863447189331055,1.3480886220932007,0.0,3.365708827972412,True,False,True,False
2326,1413.679386574074,1.6972216852667348,0.07510939845721443,-3.2483162159799623,1.0092108249664307,1.258216142654419,0.0,3.365675210952759,True,False,True,False
2327,1413.6944560185186,1.7100236413658076,0.08791135455628729,-3.19209274137091,0.9389410018920898,1.1715532541275024,0.0,3.365757703781128,True,False,True,False
2328,1413.709502314815,1.7159834575001294,0.09387117069060902,-3.1659184935833458,0.8658260107040405,1.0784709453582764,0.0,3.3658816814422607,True,False,True,False
2329,1413.723877314815,1.7258847626776013,0.10377247586808092,-3.122434062303162,0.8082011938095093,1.0014373064041138,0.0,3.3658721446990967,True,False,True,False
2330,1413.7389467592593,1.7023074254250072,0.08019513861548688,-3.2259807244000798,0.7577577233314514,0.9115647673606873,0.0,3.3659262657165527,True,False,True,False
2331,1413.7539930555556,1.7094855889580085,0.08737330214848815,-3.1944557533711175,0.7110565900802612,0.8216921091079712,0.01171875,3.366006374359131,True,False,True,False
2332,1413.7683564814815,1.7569640241456637,0.1348517373361433,-2.985940540961979,0.6510747075080872,0.7318195700645447,0.01953125,3.3660006523132324,True,False,True,False
2333,1413.7834375,1.7050048743522832,0.08289258754276285,-3.2141341011107767,0.6095758080482483,0.6933027505874634,0.01171875,3.365882635116577,True,False,True,False
2334,1413.7979745370371,1.7386839705116628,0.11657168370214244,-3.0662226574908575,0.5578920841217041,0.6066398620605469,0.01171875,3.365828037261963,True,False,True,False
2335,1413.8128472222222,1.7485674194822376,0.12645513267271724,-3.022816646882274,0.5256943702697754,0.5520744323730469,0.0,3.3657712936401367,True,False,True,False
2336,1414.4751041666666,1.6101332847396475,-0.011979002069872902,-3.630789990915985,3.2731871604919434,8.06606388092041,0.015625,3.472290515899658,False,False,False,False
2337,1414.490173611111,1.3060625319138526,-0.3160497548956678,-4.966204213442063,0.9227372407913208,1.3487857580184937,0.0,3.5756607055664062,False,False,False,False
2338,1414.5052430555556,1.404876832422001,-0.21723545438751946,-4.532232774027937,0.598930835723877,0.7298916578292847,0.0,3.5838327407836914,False,False,False,False
2339,1455.4275,1.7515055436576037,0.12939325684808334,-3.009913028974703,1.409422755241394,5.517534255981445,0.95703125,3.2857699394226074,True,False,False,False
2340,1455.4425694444444,1.5114448234970808,-0.1106674633124396,-4.064208770978798,5.34761905670166,7.857431411743164,0.0,3.3201229572296143,False,False,False,False
2341,1455.4576157407407,1.6240707912402086,0.001958504430688235,-3.569579419907657,4.409281253814697,4.544984817504883,0.0,3.328953266143799,True,False,False,False
2342,1455.4719907407407,1.9154703047098605,0.2933580179003401,-2.2898145917938058,4.179074764251709,4.275367259979248,0.0,3.330641031265259,True,False,False,False
2343,1455.487060185185,2.0086846537412537,0.38657236693173336,-1.880436950954576,4.025208473205566,4.082782745361328,0.0,3.3319931030273438,True,False,False,False
2344,1455.5021064814814,2.125650222822455,0.5035379360129346,-1.3667489916710345,3.905656576156616,3.9672327041625977,0.0,3.333038091659546,True,False,False,False
2345,1455.5164814814814,2.1965157272739324,0.574403440464412,-1.0555227337967519,3.778560161590576,3.8901989459991455,0.0,3.3345537185668945,True,False,True,False
2346,1455.531550925926,1.9987374078090567,0.3766251209995364,-1.9241231442808735,3.6866812705993652,3.8260037899017334,0.0,3.3364651203155518,True,False,True,False
2347,1455.5465972222223,2.031836922402424,0.4097246355929036,-1.7787570999115367,3.6170501708984375,3.7746481895446777,0.0,3.338285446166992,True,False,True,False
2348,1455.5609722222223,2.103042697417732,0.4809304106082115,-1.466036445926404,3.5963075160980225,3.7618093490600586,0.0,3.340846300125122,True,False,True,False
2349,1455.5760416666667,2.139019366559416,0.5169070797498956,-1.3080345493137273,3.6745948791503906,3.8131649494171143,0.0,3.3441967964172363,True,False,True,False
2350,1455.5904050925926,2.001052361645299,0.37894007483577874,-1.913956358265842,3.8302793502807617,3.877359628677368,0.0,3.347966194152832,True,False,True,False
2351,1455.605474537037,1.8737239714219043,0.2516116846123839,-2.4731556290128296,3.906097173690796,3.941554546356201,0.0,3.351794958114624,True,False,True,False
2352,1455.6205324074074,1.800216447560129,0.17810416075060864,-2.795985075500004,3.948274612426758,3.980071544647217,0.0,3.355191230773926,True,False,True,False
2353,1455.6348958333333,1.8089756486976882,0.18686336188816788,-2.7575165228083725,3.980916976928711,4.005749225616455,0.0,3.357846260070801,True,False,True,False
2354,1455.6499652777777,1.9428950815289898,0.32078279471946947,-2.16937079154824,3.980924129486084,4.005749225616455,0.0,3.3596527576446533,True,False,True,False
2355,1455.665011574074,2.163169710541137,0.5410574237316166,-1.2019713632546456,3.977463722229004,3.992910385131836,0.0,3.3609652519226074,True,False,True,False
2356,1455.679386574074,2.0811858416765947,0.45907355486707435,-1.562027118311582,3.984344005584717,4.005749225616455,0.0,3.362071990966797,True,False,True,False
2357,1455.6944560185186,2.1066540980003823,0.4845418111908619,-1.450175940907451,3.9835824966430664,4.005749225616455,0.0,3.363123893737793,True,False,True,False
2358,1455.709502314815,2.041477142767668,0.41936485595814754,-1.7364192977244,3.993642568588257,4.018588066101074,0.0,3.363982677459717,True,False,True,False
2359,1455.723877314815,2.1055130435473655,0.4834007567378451,-1.4551872099330792,4.005849838256836,4.031426906585693,0.0,3.364969253540039,True,False,True,False
2360,1455.7389467592593,2.088363136002443,0.4662508491929225,-1.5305059646559904,4.020543575286865,4.0442657470703125,0.0,3.365966558456421,True,False,True,False
2361,1455.7539930555556,2.0937213354303084,0.471609048620788,-1.5069738897799758,4.024656295776367,4.047475814819336,0.0,3.367049217224121,True,False,True,False
2362,1455.7683564814815,2.167345106357836,0.5452328195483156,-1.1836339108476717,4.025107383728027,4.0442657470703125,0.0,3.3684844970703125,True,False,True,False
2363,1455.7834375,2.144183048750529,0.5220707619410085,-1.285356752864927,3.9953677654266357,4.031426906585693,0.0,3.370147705078125,True,False,True,False
2364,1455.7979745370371,2.2861776074120894,0.6640653206025691,-0.6617467825018859,3.900726795196533,3.980071544647217,0.0,3.372316598892212,True,False,True,False
2365,1455.8128472222222,2.2067742876703247,0.5846620008608043,-1.0104693134047105,3.6715855598449707,3.800326108932495,0.0,3.3756752014160156,True,False,True,False
2366,1455.8279282407407,1.7995324131954646,0.1774201263859443,-2.798989209277358,3.3511295318603516,3.5219502449035645,0.0,3.3808579444885254,True,False,True,False
2367,1455.8422916666666,1.4850725967297254,-0.137039690079795,-4.18002999474834,3.371934175491333,3.5041024684906006,0.0,3.3974554538726807,False,False,False,False
2368,1455.857337962963,1.8240559135476075,0.2019436267380872,-2.691287199623252,3.393571615219116,3.6760616302490234,0.0,3.483053207397461,True,False,False,False
2369,1455.8724074074073,1.5193091447982616,-0.10280314201125873,-4.02967034063483,1.07857084274292,1.8743560314178467,0.0,3.5818347930908203,False,False,False,False
2370,1491.165497685185,1.6692579014491102,0.04714561463958988,-3.3711272205855076,2.931307077407837,16.00052833557129,1.0,3.3370823860168457,True,False,False,False
2371,1491.1798611111112,1.550760846364565,-0.07135144044495534,-3.891541141414048,0.8293153047561646,1.2453771829605103,1.0,3.328157663345337,False,False,False,False
2372,1491.1949074074073,1.8587953823727428,0.23668309556322242,-2.5387188242666614,0.8649705648422241,1.1201974153518677,1.0,3.3264713287353516,True,False,False,False
2373,1491.209976851852,1.9966586118748477,0.37454632506532737,-1.9332527749029365,4.4395647048950195,15.323274612426758,1.0,3.3140244483947754,True,False,False,False
2374,1491.331863425926,1.6159297532995018,-0.0061825335100185175,-3.6053331310130874,0.42339029908180237,0.7574974298477173,1.0,3.329746961593628,False,False,False,False
2375,1491.346238425926,1.9966469212436722,0.3745346344341518,-1.9333041176743047,6.116550922393799,17.06937026977539,1.0,3.307102680206299,True,False,False,False
2376,1491.3612847222223,1.834213837753,0.2121015509434796,-2.646675752027059,0.7309613823890686,0.9853886365890503,1.0,3.323638439178467,True,False,False,False
2377,1491.3763541666667,1.7210770786208038,0.09896479181128348,-3.143548390488936,0.7550399899482727,1.0271152257919312,1.0,3.325244903564453,True,False,False,False
2378,1491.3907291666667,1.7367110455411523,0.11459875873163194,-3.0748873253061997,0.8519839644432068,1.2004408836364746,1.0,3.3252899646759033,True,False,False,False
2379,1491.405775462963,1.7411530734664324,0.11904078665691209,-3.055378881257733,5.193307876586914,16.153858184814453,1.0,3.312861919403076,True,False,True,False
2380,1491.4208449074074,1.8143097637399606,0.1921974769304402,-2.7340902214431706,0.8738002181053162,2.147312641143799,0.984375,3.318519115447998,True,False,True,False
2381,1491.4352083333333,1.7032714712685781,0.08115918445905779,-3.2217468396258697,7.143866539001465,7.8959479331970215,0.0,3.357409954071045,True,False,True,False
2382,1491.4502662037037,1.6179319431172712,-0.004180343692249178,-3.5965399381985916,6.2697601318359375,6.419470310211182,0.0,3.367802619934082,False,False,False,False
2383,1491.4647337962963,1.8527335253014185,0.2306212384918982,-2.5653412141964305,6.153111934661865,6.316758155822754,0.0,3.372964859008789,True,False,False,False
2384,1491.479699074074,2.2416305989830994,0.619518312173579,-0.8573877906364107,6.639988899230957,7.12882137298584,0.0,3.3830528259277344,True,False,False,False
2385,1491.4947685185184,1.4665380609816878,-0.15557422582783254,-4.261429742720903,4.400908946990967,7.26684045791626,0.0,3.4970438480377197,False,False,False,False
2386,1694.1813194444444,1.3018669974008144,-0.320245289408706,-4.984630110729923,3.0868983268737793,8.358149528503418,1.0,3.3174986839294434,False,False,False,False
2387,1694.1963888888888,1.5506194989395228,-0.07149278786999758,-3.892161909310877,0.6065396070480347,0.8216921091079712,1.0,3.3216288089752197,False,False,False,False
2388,1694.2603703703703,1.792976934169717,0.1708646473601967,-2.82777948208426,16.829099655151367,41.52100372314453,0.99609375,3.2579755783081055,True,False,False,False
2389,1694.2754166666666,1.8776361260479262,0.2555238392384058,-2.4559742760554673,5.793120861053467,8.024337768554688,0.30078125,3.3389291763305664,True,False,False,False
2390,1694.290497685185,1.8307828304956473,0.20867054368612692,-2.6617440078408103,8.02489948272705,8.178403854370117,0.0,3.366345167160034,True,False,False,False
2391,1694.3048611111112,2.292521592329057,0.6704093055195368,-0.6338853469416454,7.859136581420898,8.037176132202148,0.0,3.382756233215332,True,False,False,False
2392,1694.3199074074073,1.5816586148855685,-0.040453671923951884,-3.755844698583502,5.827022552490234,8.781834602355957,0.0,3.48045015335083,False,False,False,False
2393,1723.1711458333334,1.4003156108915982,-0.22179667591792218,-4.552264691097191,5.731632232666016,10.592124938964844,1.0,3.31620454788208,False,False,False,False
2394,1723.1855092592593,1.4834297532285872,-0.1386825335809332,-4.187245014793564,9.383258819580078,11.044697761535645,1.0,3.288177490234375,False,False,False,False
2395,1723.2005555555556,1.6265818893301236,0.004469602520603244,-3.558551209952352,0.6242552995681763,0.770336389541626,1.0,3.321460008621216,True,False,False,False
2396,1723.2149305555556,1.589575954325946,-0.03253633248357435,-3.7210734238226437,4.710737228393555,10.823225975036621,1.0,3.303722858428955,False,False,False,False
2397,1723.4971643518518,1.955920895268039,0.33380860845851856,-2.112164181687056,7.5285491943359375,7.985820770263672,0.01171875,3.3711490631103516,True,False,False,False
2398,1723.511550925926,2.351368775168318,0.7292564883587975,-0.3754410072975638,7.116784572601318,7.2411627769470215,0.0,3.3792128562927246,True,False,False,False
2399,1723.5265972222223,2.521571728705207,0.8994594418956867,0.37205424752993554,7.069089889526367,7.18980598449707,0.0,3.3838798999786377,True,True,False,False
2400,1723.5416666666667,2.2941619169884553,0.6720496301789349,-0.6266813891148453,7.677018165588379,8.11421012878418,0.0,3.4079291820526123,True,False,False,False
2401,1723.5560416666667,1.472012992975933,-0.15009929383358744,-4.237385003184028,1.9905080795288086,7.263272285461426,0.0078125,3.5619077682495117,False,False,False,False
2402,1752.3070254629629,1.7336122728307917,0.11149998602127131,-3.08849647748981,7.970725059509277,37.8427734375,0.9921875,3.3208093643188477,True,False,False,False
2403,1752.3220949074075,1.7361277685237106,0.11401548171419029,-3.077448954195284,0.8797180652618408,1.2229089736938477,1.0,3.324799060821533,True,False,False,False
2404,1752.337164351852,1.6626581872747892,0.04054590046526885,-3.4001117647782357,0.9448732733726501,1.3384594917297363,1.0,3.3251571655273438,True,False,False,False
2405,1752.3515162037038,1.6472028998900274,0.025090613080507085,-3.4679881073565144,0.7375369071960449,0.8666284680366516,1.0,3.326052188873291,True,False,False,False
2406,1752.3665856481482,1.580568862808354,-0.041543424001166285,-3.7606306584609825,0.7116626501083374,1.0335346460342407,1.0,3.326079845428467,False,False,False,False
2407,1752.3812268518518,1.5437419766571268,-0.0783703101523936,-3.922366527763325,0.6481157541275024,0.7960142493247986,1.0,3.326181173324585,False,False,False,False
2408,1752.3960185185185,1.5108242684663646,-0.11128801834315571,-4.066934116991781,0.7095018625259399,1.0174859762191772,1.0,3.325786590576172,False,False,False,False
2409,1752.411076388889,1.4266963367419858,-0.19541595006753454,-4.436406141158479,1.5642818212509155,3.9543933868408203,1.0,3.322439193725586,False,False,False,False
2410,1752.4254398148148,1.7181048543695758,0.09599256756005548,-3.1566017686936485,5.764283180236816,14.254432678222656,1.0,3.301945209503174,True,False,False,False
2411,1752.4769907407408,1.654566947963928,0.03245466115440765,-3.435646770868665,7.557772159576416,7.960143089294434,0.01171875,3.3663671016693115,True,False,False,False
2412,1752.4920601851852,2.263018061957861,0.6409057751483405,-0.7634585916759002,7.164885997772217,7.26954984664917,0.0,3.3797965049743652,True,False,False,False
2413,1752.5064583333333,1.9472514677108066,0.32513918090128624,-2.1502384678638666,7.64959716796875,8.18161392211914,0.0,3.416999578475952,True,False,False,False
2414,1775.1767939814815,2.088745683462629,0.46663339665310866,-1.528825897387513,7.804845333099365,7.881869316101074,0.0,3.2875146865844727,True,False,True,False
2415,1775.191863425926,2.255513456277146,0.6334011694676256,-0.7964172273465207,5.680980682373047,8.062853813171387,0.328125,3.2958033084869385,True,False,True,False
2416,1775.2069212962963,2.608951895311049,0.9868396085015287,0.7558093971710189,7.734354019165039,7.818914413452148,0.0,3.3133163452148438,True,True,True,False
2417,1775.2212847222222,2.933431392662415,1.3113191058528948,2.1808544949130484,7.711088180541992,7.767559051513672,0.0,3.3240649700164795,True,True,True,False
2418,1775.2363541666666,2.452094486236928,0.8299821994274075,0.066924941696342,7.812946319580078,8.040386199951172,0.0,3.3327486515045166,True,True,True,False
2419,1775.251400462963,1.7116115840261301,0.08949929721660976,-3.185118834168578,7.798537254333496,7.835954189300537,0.0,3.3372607231140137,True,False,True,False
2420,1775.265775462963,1.6393587181137956,0.017246431304275278,-3.5024380891805182,7.759183406829834,7.818914413452148,0.0,3.3400425910949707,True,False,True,False
2421,1775.2808449074073,1.7086614517117968,0.08654916490227649,-3.1980751892743626,7.672520160675049,7.857431411743164,0.0,3.341627359390259,True,False,True,False
2422,1775.2958912037036,1.6622631208551581,0.040150834045637795,-3.401846812660069,7.547070503234863,7.664846420288086,0.0,3.3427388668060303,True,False,True,False
2423,1775.3102662037038,1.6175040817579465,-0.004608205051573888,-3.5984190144964656,7.414938926696777,7.488311290740967,0.0,3.3441567420959473,False,False,False,False
2424,1775.3253356481482,1.641499514195185,0.019387227385664563,-3.4930361670684853,7.28509521484375,7.4754719734191895,0.0,3.345702648162842,True,False,False,False
2425,1775.3397569444444,1.4582708759195426,-0.16384141088997772,-4.297737465215243,7.149636268615723,7.244372367858887,0.0,3.346970796585083,False,False,False,False
2426,1775.3547569444445,1.7539571180092817,0.13184483119976131,-2.999146234646784,6.978766441345215,7.1127729415893555,0.0,3.3473148345947266,True,False,False,False
2427,1775.369826388889,2.0022662833653735,0.38015399655585314,-1.908625071665748,6.805942535400391,6.958704948425293,0.0,3.34814715385437,True,False,False,False
2428,1775.3841898148148,2.191823411131131,0.5697111243216109,-1.0761303905853525,6.626463890075684,6.785786151885986,0.0,3.3505640029907227,True,False,False,False
2429,1775.3992592592592,2.4148252904146337,0.7927130036051133,-0.09675345782311018,6.4905853271484375,6.538229942321777,0.0,3.353715419769287,True,False,False,False
2430,1775.4143171296296,2.4297177643533123,0.807605477543792,-0.031348872470883915,6.466763019561768,6.640941619873047,0.0,3.358078718185425,True,False,True,False
2431,1775.4286805555555,2.5758962538460795,0.9537839670365591,0.6106360342717161,6.519192695617676,6.6008195877075195,0.0,3.3633413314819336,True,True,True,False
2432,1775.44375,2.6851885666049755,1.0630762797954552,1.090624680054478,6.60122013092041,6.650570869445801,0.0,3.3683550357818604,True,True,True,False
2433,1775.4587962962962,2.4555611148471805,0.8334488280376602,0.08214963893317062,6.668933868408203,6.830316066741943,0.0,3.37247896194458,True,True,True,False
2434,1775.4731712962962,2.33501525735763,0.7129029705481098,-0.4472621873018032,6.662306785583496,6.701926231384277,0.0,3.3756675720214844,True,False,True,False
2435,1775.4882407407408,2.2240960710040185,0.6019837841944982,-0.9343957166895989,6.633519172668457,6.701926231384277,0.0,3.3788022994995117,True,False,True,False
2436,1775.5032870370371,1.9561946675977864,0.334082380788266,-2.1109618317093575,6.555083274841309,6.727604389190674,0.0,3.382399797439575,True,False,True,False
2437,1775.517662037037,2.382808171987529,0.7606958851780086,-0.23736584791494142,6.490134239196777,6.628102779388428,0.0,3.387359619140625,True,False,True,False
2438,1775.5327314814815,2.0896125487456887,0.46750026193616834,-1.5250188090133308,6.457853317260742,6.574193954467773,0.0,3.3946890830993652,True,False,True,False
2439,1775.547627314815,1.4973413045931954,-0.12477098221632499,-4.126148433234656,6.545132160186768,6.611169815063477,0.0,3.410409688949585,False,False,False,False
2440,1775.5621412037037,1.9487734347343302,0.3266611479248098,-2.1435543116583093,6.491827011108398,6.601339340209961,0.0,3.4519155025482178,True,False,False,False
2441,1775.5772222222222,1.8647094680329157,0.24259718122339535,-2.5127454150175415,5.313469886779785,6.388542175292969,0.0,3.555217742919922,True,False,False,False
2442,1775.591585648148,1.452517864830336,-0.16959442197918428,-4.32300346912874,2.6133928298950195,3.391395092010498,0.0,3.580467700958252,False,False,False,False
2443,1775.6066319444444,1.677017766578432,0.05490547976891169,-3.3370475395827204,1.5002772808074951,1.9616798162460327,0.0,3.58427095413208,True,False,False,False
2444,1775.6217129629629,1.6983343385817207,0.07622205177220032,-3.2434296787258377,0.9695484042167664,1.289680004119873,0.0,3.586167335510254,True,False,False,False
2445,1775.6360763888888,1.7339137427886804,0.11180145597916002,-3.0871724854067586,0.6830347776412964,0.8844187259674072,0.0,3.587899684906006,True,False,False,False
2446,1792.1386689814815,1.5283098303397247,-0.09380245646979568,-3.9901412396842995,7.5367584228515625,15.348953247070312,1.0,3.3236377239227295,False,False,False,False
2447,1792.1537152777778,1.4376097956999758,-0.18450249110954453,-4.388476545253529,0.853087306022644,1.0399540662765503,1.0,3.326376438140869,False,False,False,False
2448,1792.1687847222222,1.7693661711315094,0.14725388432198905,-2.9314729431386333,0.978533148765564,1.5535117387771606,1.0,3.3266477584838867,True,False,False,False
2449,1792.1831481481481,1.8261677220142585,0.20405543520473812,-2.6820125849639713,1.2652875185012817,1.5053656101226807,1.0,3.3250255584716797,True,False,False,False
2450,1792.1982060185185,1.6799244766785264,0.05781218986900605,-3.3242818856276686,3.4155588150024414,14.928476333618164,1.0,3.318453073501587,True,False,False,False
2451,1792.2132754629629,2.0024121427489945,0.38029985593947413,-1.90798448820428,10.05366325378418,39.861698150634766,1.0,3.295011520385742,True,False,False,False
2452,1792.3881828703704,1.577671404408356,-0.044440882401164394,-3.7733556809124247,1.2037492990493774,10.951615333557129,1.0,3.324911594390869,False,False,False,False
2453,1792.4032523148148,2.3531923173248828,0.7310800305153624,-0.3674323971020028,10.724777221679688,14.010494232177734,1.0,3.28456974029541,True,False,False,False
2454,1792.4183101851852,2.040901074323089,0.4187887875135685,-1.7389492680911325,5.718662261962891,8.165565490722656,0.20703125,3.334571123123169,True,False,False,False
2455,1792.432673611111,1.6813903413394677,0.05927805452994739,-3.317844119093638,5.650487422943115,5.934800148010254,0.0,3.3558595180511475,True,False,False,False
2456,1792.4477430555555,1.7726559700313598,0.15054368322183942,-2.9170248444665856,5.297065734863281,5.418032646179199,0.0,3.3621206283569336,True,False,False,False
2457,1792.4628009259259,1.7517160899204378,0.12960380311091746,-3.0089883544663016,5.176971435546875,5.289643287658691,0.0,3.3651771545410156,True,False,True,False
2458,1792.4771643518518,1.736434145502756,0.11432185869323575,-3.076103411516583,5.194003105163574,5.340999126434326,0.0,3.3675341606140137,True,False,True,False
2459,1792.4922337962962,1.8119300546365413,0.18981776782702098,-2.74454139885056,5.253483772277832,5.36988639831543,0.0,3.3697023391723633,True,False,True,False
2460,1792.5066087962964,1.9298472419158235,0.3077349551063031,-2.2266741343746514,5.368644714355469,5.495066165924072,0.0,3.372589111328125,True,False,True,False
2461,1792.5216550925925,2.210784943065216,0.5886726562556956,-0.99285536597236,5.699787139892578,5.982945919036865,0.0,3.378878593444824,True,False,True,False
2462,1792.5367245370371,1.6107305166227242,-0.011381770186796203,-3.6281670752182573,5.938797950744629,6.535020351409912,0.0,3.420949697494507,False,False,False,False
2463,1798.1593171296297,1.4022783548287503,-0.21983393198077006,-4.5436447362199415,5.187282562255859,14.585036277770996,0.98828125,3.329915761947632,False,False,False,False
2464,1798.1736805555556,1.4317577948873426,-0.1903544919221778,-4.414177291026674,0.6416366100311279,0.8216921091079712,1.0,3.3295950889587402,False,False,False,False
2465,1798.18875,1.5445490082262732,-0.07756327858324719,-3.918822216363921,0.5446518659591675,0.616269052028656,1.0,3.3303709030151367,False,False,False,False
2466,1798.2037962962963,1.7689438982274452,0.1468316114179249,-2.933327476126874,0.5456048250198364,0.5905912518501282,1.0,3.329648017883301,True,False,False,False
2467,1798.2181712962963,1.7443291722160663,0.12221688540654596,-3.041430129518238,0.5270670652389526,0.5777522325515747,1.0,3.329648494720459,True,False,False,False
2468,1798.2332407407407,2.0068630031986805,0.38475071638916014,-1.8884372535828866,6.644702911376953,14.652440071105957,0.86328125,3.314863920211792,True,False,False,False
2469,1798.248287037037,1.7252127360321912,0.10310044922267081,-3.125385460725592,7.130025386810303,8.075693130493164,0.0,3.359574794769287,True,False,False,False
2470,1798.262662037037,1.711911236290332,0.08979894948081157,-3.183802825010484,6.959024906158447,7.459423542022705,0.0,3.391599655151367,True,False,True,False
2471,1798.2777314814814,1.2717606782344855,-0.3503516085750349,-5.116850675940476,1.3958590030670166,5.810462951660156,0.0,3.563061237335205,False,False,False,False
2472,1798.3102083333333,1.5495551866773283,-0.07255710013219208,-3.8968361429191245,7.114444732666016,39.31283187866211,0.99609375,3.337585926055908,False,False,False,False
2473,1798.3252662037037,1.7318990181652882,0.10978673135576789,-3.0960207284276606,0.8677818775177002,1.0752612352371216,1.0,3.329577684402466,True,False,False,False
2474,1798.3397337962963,1.7296831496606586,0.10757086285113826,-3.1057523526921798,0.7551445364952087,1.052793025970459,1.0,3.3298377990722656,True,False,False,False
2475,1798.354699074074,1.7929293871493581,0.17081710033983777,-2.8279882985081874,1.0048476457595825,1.312781572341919,1.0,3.3282840251922607,True,False,False,False
2476,1798.3697685185184,1.7782316053344722,0.15611931852495187,-2.8925378373664303,0.9857898354530334,1.248586893081665,1.0,3.327303409576416,True,False,False,False
2477,1798.3841203703703,1.7766550838594946,0.1545427970499742,-2.8994615851463066,0.8611315488815308,0.998227596282959,1.0,3.3271851539611816,True,False,True,False
2478,1798.399189814815,2.0999338636910885,0.4778215768815681,-1.4796897839585783,7.150436878204346,15.034398078918457,1.0,3.310920476913452,True,False,True,False
2479,1798.4142592592593,1.7305461168053031,0.10843382999578277,-3.1019623841147306,6.527096748352051,14.739102363586426,0.3359375,3.332113265991211,True,False,True,False
2480,1798.4286111111112,1.8840104589337674,0.26189817212424704,-2.427979558655781,5.778608322143555,5.982945919036865,0.0,3.35762357711792,True,False,True,False
2481,1798.4436805555556,1.9132574920759342,0.29114520526641385,-2.299532795322652,5.9365553855896,6.397002220153809,0.0,3.3719229698181152,True,False,True,False
2482,1798.45875,1.3315432580876212,-0.29056902872189916,-4.854298271102921,5.312639236450195,6.795008659362793,0.0,3.4524378776550293,False,False,False,False
2483,1799.1451388888888,1.9529888488078058,0.3308765619982854,-2.125041107559456,5.52372932434082,14.870701789855957,1.0,3.3333349227905273,True,False,False,False
2484,1799.1601967592592,1.724439677016385,0.10232739020686465,-3.128780571879709,0.798371434211731,0.966130256652832,1.0,3.32818603515625,True,False,False,False
2485,1799.174560185185,1.7450300633927487,0.12291777658322833,-3.0383519641995207,0.6193768978118896,0.7446585297584534,1.0,3.33013916015625,True,False,False,False
2486,1799.1896296296297,1.7359883937236262,0.11387610691410588,-3.0780610587418895,0.5460561513900757,0.6034301519393921,1.0,3.33084774017334,True,False,False,False
2487,1799.2046759259258,1.6072109458617974,-0.014901340947722996,-3.6436242831465098,1.7105379104614258,4.304254531860352,1.0,3.32900333404541,False,False,False,False
2488,1799.219050925926,1.684793760469319,0.0626814736597987,-3.3028970244816658,19.942020416259766,40.5935173034668,0.75390625,3.285426616668701,True,False,False,False
2489,1799.2341203703704,1.7117824051914785,0.08967011838195815,-3.1843686238586586,6.616718292236328,7.831753253936768,0.0,3.347966194152832,True,False,False,False
2490,1799.2491666666667,1.8016590923371343,0.17954680552761393,-2.7896492857689554,5.941670894622803,6.098496437072754,0.0,3.3551979064941406,True,False,False,False
2491,1799.2635416666667,1.7484370060365741,0.1263247192270538,-3.0233893950618644,5.732069969177246,5.828878402709961,0.0,3.3630690574645996,True,False,False,False
2492,1799.278611111111,1.8374024111300902,0.21529012432056982,-2.6326722143708947,5.911930561065674,6.457986831665039,0.0,3.3741114139556885,True,False,True,False
2493,1799.2936574074074,1.5095947347234073,-0.11251755208611303,-4.072333968283502,4.217257976531982,6.637732028961182,0.05078125,3.480005979537964,False,False,False,False
2494,1799.3080324074074,1.3629528199191938,-0.25915946689032654,-4.716354140655016,1.6722718477249146,10.223006248474121,0.41015625,3.552920341491699,False,False,False,False
2495,1799.3231018518518,1.7231111096662832,0.10099882285676287,-3.1346153577590536,9.545351028442383,15.271918296813965,1.0,3.3158130645751953,True,False,False,False
2496,1799.338148148148,1.7908993342823867,0.16878704747286633,-2.8369038599222334,0.9451115131378174,1.2614258527755737,1.0,3.327317953109741,True,False,False,False
2497,1799.352511574074,1.7825980908799681,0.16048580407044777,-2.8733611594198654,0.673141598701477,0.8088532090187073,1.0,3.3304951190948486,True,False,False,False
2498,1799.3675925925927,1.7435424595493043,0.12143017273978396,-3.044885204610045,0.6457083821296692,0.7960142493247986,1.0,3.3309874534606934,True,False,False,False
2499,1799.3819560185186,1.703828108045996,0.0817158212364757,-3.2193022090179046,0.6423784494400024,0.9853886365890503,1.0,3.3309061527252197,True,False,True,False
2500,1799.397002314815,1.6624189778431906,0.04030669103367024,-3.4011623218415195,0.686983585357666,0.824901819229126,1.0,3.330212116241455,True,False,True,False
2501,1799.4120717592593,2.1057357276582547,0.4836234408487343,-1.4542092285716741,7.338557243347168,14.649230003356934,1.0,3.309903860092163,True,False,True,False
2502,1799.4878703703703,1.8175903300898657,0.19547804328034535,-2.7196826701713337,6.426390647888184,7.934465408325195,0.015625,3.3587841987609863,True,False,True,False
2503,1799.502939814815,1.8409776612771054,0.21886537446758503,-2.6169704743941207,5.649085521697998,5.7903618812561035,0.0,3.367009401321411,True,False,True,False
2504,1799.5173032407408,2.0128327706578406,0.39072048384832025,-1.8622193016883053,5.758114337921143,6.047140598297119,0.0,3.372887134552002,True,False,True,False
2505,1799.5323726851852,1.417979170966069,-0.2041331158434514,-4.474690083461692,6.06253719329834,6.586375713348389,0.0,3.411402702331543,False,False,False,False
2506,1821.6096990740741,1.7057736009461357,0.08366131413661537,-3.2107580170345393,7.168642044067383,8.091741561889648,0.0,3.379546880722046,True,False,False,False
2507,1905.3526388888888,1.8568197729896343,0.23470748618011394,-2.547395281452501,4.811383247375488,8.15914535522461,0.484375,3.331587314605713,True,False,False,False
2508,1905.3677083333334,2.073174789682328,0.45106250287280747,-1.5972099587232969,5.345512866973877,5.572099685668945,0.0,3.363560438156128,True,False,False,False
2509,1905.382060185185,2.109758372917819,0.48764608610829874,-1.4365426241979316,5.108508586883545,5.3024821281433105,0.0,3.3653969764709473,True,False,False,False
2510,1905.3971296296297,2.1120815561343984,0.48996926932487805,-1.4263396964907367,4.895447731018066,5.045703411102295,0.0,3.3657100200653076,True,False,True,False
2511,1905.4121990740741,2.1458723115836427,0.5237600247741223,-1.2779378689638592,4.757429122924805,4.853119373321533,0.0,3.366467237472534,True,False,True,False
2512,1905.426550925926,2.073821420270874,0.45170913346135344,-1.5943700943935648,4.622039794921875,4.68621301651001,0.0,3.3673653602600098,True,False,True,False
2513,1905.4416203703704,2.0779335351410846,0.45582124833156423,-1.5763105584753356,4.502054214477539,4.557823657989502,0.0,3.3687987327575684,True,False,True,False
2514,1905.4566898148148,2.0400890292767286,0.4179767424672083,-1.742515597618598,4.396032810211182,4.455111980438232,0.0,3.370821475982666,True,False,True,False
2515,1905.4710532407407,2.134062905078566,0.5119506182690456,-1.3298022763753357,4.290836811065674,4.347646236419678,0.0,3.373995304107666,True,False,True,False
2516,1905.486111111111,2.0926155770505863,0.47050329024106596,-1.5118301459415284,4.1311798095703125,4.224010944366455,0.0,3.3798983097076416,True,False,True,False
2517,1905.5011805555555,1.6363925397469774,0.01428025293745705,-3.5154649151438413,3.961261510848999,4.042766094207764,0.0,3.396932601928711,True,False,True,False
2518,1905.5155439814814,1.4254617930318483,-0.19665049377767208,-4.44182799516294,2.7794864177703857,4.035390853881836,0.0,3.512885093688965,False,False,False,False
2519,1915.3208680555556,1.4423647767753647,-0.17974751003415568,-4.367593677378516,1.612388253211975,7.254001617431641,1.0,3.3472225666046143,False,False,False,False
2520,1915.335914351852,1.722098116751683,0.09998582994216254,-3.139064207682645,5.253483295440674,12.967329978942871,1.0,3.3183178901672363,True,False,False,False
2521,1915.3502777777778,1.4100293969370266,-0.2120828898724938,-4.509603804053339,0.9721986651420593,1.3159912824630737,1.0,3.3304319381713867,False,False,False,False
2522,1915.3653472222222,1.3530421477757257,-0.2690701390337946,-4.759879709662182,0.8477175235748291,1.030324935913086,1.0,3.331212043762207,False,False,False,False
2523,1915.3804050925926,1.419558195450486,-0.20255409135903446,-4.467755342995497,0.7730947732925415,0.8473699688911438,1.0,3.3315460681915283,False,False,False,False
2524,1915.3947685185185,1.3917110171998837,-0.2304012696096367,-4.590054240694409,0.8681831359863281,1.1587142944335938,1.0,3.330716848373413,False,False,False,False
2525,1915.409837962963,1.3294054353236269,-0.2927068514858935,-4.863687135035894,0.7470003366470337,0.7863850593566895,1.0,3.330556631088257,False,False,False,False
2526,1915.4242129629629,1.7095257121889662,0.08741342537944585,-3.19427954065491,0.8219930529594421,0.927613377571106,1.0,3.327547788619995,True,False,False,False
2527,1915.4392592592592,1.6882272052288223,0.06611491841930195,-3.287818063675708,0.8129656314849854,0.873047947883606,1.0,3.327096462249756,True,False,False,False
2528,1915.4543287037036,1.67986286766772,0.05775058085819973,-3.3245524593296834,0.9193137884140015,1.258216142654419,1.0,3.3263096809387207,True,False,False,False
2529,1915.4687037037038,1.6914825225971772,0.06937023578765689,-3.2735214005729993,0.8310204148292542,0.9244036078453064,1.0,3.326152801513672,True,False,False,False
2530,1915.48375,1.6742909979460445,0.05217871113652417,-3.3490229287952253,0.8184322118759155,1.091309905052185,1.0,3.3260979652404785,True,False,True,False
2531,1915.4988194444445,1.7186572799106696,0.09654499310114928,-3.1541756329419934,1.1295220851898193,3.713663101196289,1.0,3.324856996536255,True,False,True,False
2532,1915.5131828703704,2.2921669680065575,0.6700546811970371,-0.6354427817146999,7.224161148071289,14.328256607055664,1.0,3.3054232597351074,True,False,True,False
2533,1915.5282523148148,1.748393659945468,0.12628137313594756,-3.0235797618959523,2.421795606613159,7.999989986419678,0.796875,3.3275537490844727,True,False,True,False
2534,1915.5433101851852,2.0226636466821546,0.40055135987263424,-1.8190441803037083,6.354422569274902,7.95051383972168,0.0,3.3564629554748535,True,False,True,False
2535,1915.557673611111,2.1203148864843344,0.49820259967481406,-1.390180656708442,5.78715181350708,5.944429397583008,0.0,3.365720272064209,True,False,True,False
2536,1915.5727430555555,2.071287322991815,0.4491750361822946,-1.6054993119071566,5.929685592651367,6.16206169128418,0.0,3.3715434074401855,True,False,True,False
2537,1915.5878009259259,2.0822701605638114,0.46015787375429107,-1.5572650198516476,6.559494495391846,6.8431549072265625,0.0,3.3849005699157715,True,False,True,False
2538,1918.225636574074,1.6405789153726222,0.018466628563101883,-3.4970792417458956,8.458152770996094,14.549728393554688,0.98828125,3.3996894359588623,True,False,True,False
2539,1918.2407060185185,2.6403712476646435,1.0182589608551231,0.8937965255140932,14.452589988708496,14.880331039428711,1.0,3.288437843322754,True,True,True,False
2540,1918.2557523148148,2.704599910745218,1.0824876239356975,1.1758751844266593,13.925936698913574,14.607502937316895,1.0,3.282742977142334,True,True,True,False
2541,1918.2701388888888,2.4788000741018648,0.8566877872923444,0.1842102166671591,14.094391822814941,14.91884708404541,1.0,3.274250030517578,True,True,True,False
2542,1918.2851967592592,2.102939733200148,0.48082744639062747,-1.466488642921002,13.319697380065918,14.254432678222656,1.0,3.266925811767578,True,False,True,False
2543,1918.299560185185,2.0546303528337777,0.43251806602425735,-1.6786531902282957,13.460073471069336,13.981606483459473,1.0,3.2591681480407715,True,False,True,False
2544,1918.3146296296297,2.0853543458923736,0.4632420590828532,-1.54371993235345,13.516195297241211,13.907781600952148,1.0,3.253385543823242,True,False,True,False
2545,1918.3296759259258,1.9784612994222481,0.3563490126127278,-2.0131715097207987,13.468499183654785,14.084317207336426,1.0,3.2490718364715576,True,False,True,False
2546,1918.344050925926,1.9818337587861456,0.3597214719766253,-1.9983603838312258,13.43359375,14.020122528076172,1.0,3.244452953338623,True,False,True,False
2547,1918.3591203703704,1.956744683008941,0.33463239619942065,-2.1085462807369653,13.445905685424805,15.281547546386719,1.0,3.2393381595611572,True,False,True,False
2548,1918.3741666666667,1.9405286189043598,0.31841633209483944,-2.179763793231693,14.727617263793945,15.304015159606934,1.0,3.2278199195861816,True,False,True,False
2549,1918.3885416666667,2.0186019734243223,0.396489686614802,-1.8368821873640928,13.76364517211914,15.271918296813965,1.0,3.218327522277832,True,False,True,False
2550,1918.403611111111,1.9925832794055651,0.37047099259604477,-1.9511507703215232,9.925527572631836,10.441267013549805,1.0,3.2185566425323486,True,False,True,False
2551,1918.4186574074074,1.8874723497361914,0.265360062926671,-2.4127756688655717,7.458019733428955,11.182716369628906,0.6953125,3.215721607208252,True,False,True,False
2552,1918.5032870370371,2.284499354759012,0.6623870679494914,-0.6691173120285976,0.30382147431373596,0.5135576128959656,1.0,3.238269805908203,True,False,True,False
2553,1918.517662037037,2.038737653355006,0.41662536654548554,-1.7484505539045179,6.325234413146973,7.886318683624268,0.0078125,3.2752861976623535,True,False,True,False
2554,1918.5327314814815,2.0341015380885166,0.4119892512789962,-1.768811388370196,5.494111061096191,5.700489044189453,0.0,3.2903926372528076,True,False,True,False
2555,1918.547627314815,2.323270484453323,0.7011581976438028,-0.49884273765396436,5.2595014572143555,5.446920394897461,0.0,3.299408435821533,True,False,True,False
2556,1918.5621412037037,2.524944818516507,0.9028325317069867,0.38686814221071897,5.160250663757324,5.199770450592041,0.0,3.3074355125427246,True,True,True,False
2557,1918.5772222222222,2.5260688240038194,0.903956537194299,0.39180453579676744,5.1163530349731445,5.2625203132629395,0.0,3.3146352767944336,True,True,True,False
2558,1918.591585648148,2.349928232226352,0.7278159454168318,-0.38176756621512853,5.079505443572998,5.241497039794922,0.0,3.320155143737793,True,False,True,False
2559,1918.6066319444444,2.201896740339233,0.5797844535297128,-1.0318904662661812,5.028252601623535,5.109130859375,0.0,3.3234105110168457,True,False,True,False
2560,1918.6217129629629,1.9490009218063427,0.3268886349968223,-2.14255523671084,4.99434757232666,5.032864570617676,0.0,3.325237274169922,True,False,True,False
2561,1918.6360763888888,1.9187937165288083,0.2966814297192879,-2.2752188723137516,4.980856895446777,5.135575771331787,0.0,3.3265438079833984,True,False,True,False
2562,1918.651122685185,2.0254912146616486,0.40337892785212826,-1.8066261017483567,4.97196626663208,5.050739288330078,0.0,3.32759952545166,True,False,True,False
2563,1918.6661921296297,2.0619098775783367,0.4397975907688163,-1.6466830622670448,4.969822883605957,4.99434757232666,0.0,3.3286681175231934,True,False,True,False
2564,1918.6805671296297,2.1076977481081047,0.4855854612985844,-1.4455924510971307,4.970876693725586,5.135575771331787,0.0,3.3295538425445557,True,False,True,False
2565,1918.695613425926,2.0476502648615633,0.42553797805204296,-1.7093082554259622,4.97119140625,5.016597747802734,0.0,3.3305559158325195,True,False,True,False
2566,1918.7106828703704,2.0036775313387207,0.3815652445292004,-1.9024271700339568,4.9611968994140625,4.984718322753906,0.0,3.331596612930298,True,False,True,False
2567,1918.7250578703704,2.046274708149459,0.42416242133993864,-1.7153494086120686,4.958840370178223,5.122736930847168,0.0,3.3326056003570557,True,False,True,False
2568,1918.7401041666667,2.038062771802076,0.4159504849925557,-1.7514144904749624,4.942751884460449,5.009512901306152,0.0,3.333620309829712,True,False,True,False
2569,1918.755173611111,2.0224518024901403,0.40033951568062,-1.8199745550416477,4.919720649719238,4.9558305740356445,0.0,3.334812641143799,True,False,True,False
2570,1918.769537037037,2.0405481800394702,0.4184358932299499,-1.740499104900536,4.899961471557617,5.071381092071533,0.0,3.336285352706909,True,False,True,False
2571,1918.7845949074074,2.0590465689412065,0.43693428213168617,-1.6592581062065583,4.861048221588135,4.938809394836426,0.0,3.3378496170043945,True,False,True,False
2572,1918.7989814814814,2.1567702448912733,0.534657958081753,-1.2300764584207402,4.80778169631958,4.865958213806152,0.0,3.3397216796875,True,False,True,False
2573,1918.8140277777777,2.2578457456689747,0.6357334588594543,-0.7861743072499627,4.766205787658691,4.9558305740356445,0.0,3.342076539993286,True,False,True,False
2574,1918.8290972222221,2.2367786443015456,0.6146663574920253,-0.8786965460118774,4.741808891296387,4.836263179779053,0.0,3.344961166381836,True,False,True,False
2575,1918.8434722222223,2.326698920153795,0.7045866333442745,-0.4837857755723496,4.772374153137207,4.827441215515137,0.0,3.348781108856201,True,False,True,False
2576,1918.8585185185186,2.214944457869868,0.5928321710603475,-0.9745876596003429,4.850303649902344,5.007186412811279,0.0,3.353121042251587,True,False,True,False
2577,1918.873587962963,2.1391738016573316,0.5170615148478113,-1.3073563031348454,4.924034118652344,4.971879005432129,0.0,3.357576847076416,True,False,True,False
2578,1918.887962962963,2.006559155847135,0.3844468690376146,-1.8897716866743957,4.966814041137695,5.000767230987549,0.0,3.3607349395751953,True,False,True,False
2579,1918.9030092592593,1.9954246260114403,0.37331233920192,-1.938672178962933,4.980485916137695,5.148414611816406,0.0,3.3629074096679688,True,False,True,False
2580,1918.9180787037037,1.8244622972517934,0.20235001044227308,-2.6895024486291845,4.962551116943359,4.997557163238525,0.0,3.364288806915283,True,False,True,False
2581,1918.9324537037037,1.8263081794346547,0.20419589262513438,-2.6813957257786885,4.95021390914917,4.981508731842041,0.0,3.365574836730957,True,False,True,False
2582,1918.9475,1.8591297388228998,0.23701745201337943,-2.537250401688089,4.95694637298584,5.100268363952637,0.0,3.3668456077575684,True,False,True,False
2583,1918.9625694444444,1.8847352260699766,0.2626229392604562,-2.4247965351893055,4.9538750648498535,4.978298664093018,0.0,3.368152141571045,True,False,True,False
2584,1918.9769328703703,1.9067364864862513,0.2846241996767309,-2.3281716681136295,4.959441184997559,5.0103960037231445,0.0,3.369525909423828,True,False,True,False
2585,1918.9919907407407,1.9278986021827376,0.3057863153732172,-2.2352321465805582,4.971904754638672,5.100268363952637,0.0,3.3711748123168945,True,False,True,False
2586,1919.0064236111111,1.9502452166148587,0.32813292980533837,-2.137090557951487,4.977345943450928,5.109898090362549,0.0,3.373350143432617,True,False,True,False
2587,1919.021423611111,2.1031832841942046,0.4810709973846843,-1.4654190186366824,5.006183624267578,5.135575771331787,0.0,3.3767383098602295,True,False,True,False
2588,1919.0364930555556,2.114609106091207,0.49249681928168676,-1.4152392334271242,5.132419586181641,5.263965129852295,0.0,3.384317398071289,True,False,True,False
2589,1919.0508449074075,1.5584918742359615,-0.06362041257355888,-3.8575881075287963,5.255618095397949,5.597777843475342,0.0078125,3.4402432441711426,False,False,False,False
2590,1919.065914351852,1.5974953624930293,-0.024616924316491096,-3.686293063653078,1.2556467056274414,7.827717304229736,0.8984375,3.5025415420532227,False,False,False,False
2591,1921.3146875,2.17158893268091,0.5494766458713898,-1.1649959261776675,0.6340729594230652,0.7318195700645447,0.98828125,3.359999895095825,True,False,False,False
2592,1921.3297337962963,2.179298622205544,0.5571863353960238,-1.1311366057833938,7.769113540649414,12.784374237060547,1.0,3.316354513168335,True,False,False,False
2593,1921.3441203703703,1.8815836542567577,0.2594713674472373,-2.4386375698286877,1.011818766593933,1.1715532541275024,1.0,3.3265135288238525,True,False,False,False
2594,1921.3591782407407,1.7968328788747567,0.17472059206523638,-2.810844991172093,0.870032548904419,1.0174859762191772,1.0,3.3285436630249023,True,False,False,False
2595,1921.374224537037,1.783631514792199,0.1615192279826787,-2.868822580890143,0.8299170732498169,0.9372426271438599,1.0,3.328803062438965,True,False,True,False
2596,1921.388611111111,1.6855715976779422,0.06345931086842183,-3.2994809285186304,0.7505142092704773,0.7831753492355347,1.0,3.328955888748169,True,False,True,False
2597,1921.4036574074073,1.7269804860398899,0.1048681992303695,-3.117621877808744,0.7681276798248291,0.824901819229126,1.0,3.328935384750366,True,False,True,False
2598,1921.418726851852,1.7348343222747609,0.11272203546524051,-3.0831294956510753,3.044132709503174,11.34962272644043,1.0,3.320761203765869,True,False,True,False
2599,1921.433101851852,1.7462731582891753,0.12416087147965493,-3.0328925551994423,5.835605144500732,7.70336389541626,0.1875,3.3499321937561035,True,False,True,False
2600,1921.4481481481482,1.9640106854540942,0.34189839864457383,-2.0766355398452694,6.45557975769043,6.650570869445801,0.0,3.3714799880981445,True,False,True,False
2601,1921.4632175925926,1.7234966855757932,0.10138439876627281,-3.132921990183784,6.5579752922058105,7.292518138885498,0.0,3.420544385910034,True,False,True,False
2602,1923.1238194444445,1.8395629286811424,0.217450641871622,-2.6231836797490025,0.638767659664154,0.6933027505874634,1.0,3.3592529296875,True,False,True,False
2603,1923.1381828703704,2.0590463441054467,0.4369340572959264,-1.6592590936375051,12.714512825012207,21.219558715820312,1.0,3.3033218383789062,True,False,True,False
2604,1923.1532523148148,2.4925505638396235,0.8704382770301031,0.24459944973825953,20.789154052734375,22.760231018066406,1.0,3.268864393234253,True,True,True,False
2605,1923.1683101851852,2.3817776380024016,0.7596653511928813,-0.24189173449806844,19.851356506347656,21.585468292236328,0.99609375,3.258887767791748,True,False,True,False
2606,1923.2527662037037,1.8590278284605213,0.23691554165100093,-2.5376979703742526,1.928248405456543,2.798888921737671,1.0,3.312427282333374,True,False,True,False
2607,1923.2671296296296,2.0260645002193467,0.40395221340982634,-1.804108353230276,2.2865848541259766,2.516432285308838,1.0,3.3053247928619385,True,False,True,False
2608,1923.282199074074,1.7246228962319983,0.10251060942247792,-3.1279759119638957,5.269505500793457,9.764013290405273,0.9921875,3.2870845794677734,True,False,True,False
2609,1923.2972453703703,2.3379125440113944,0.715800257201874,-0.4345379191233758,0.5717340707778931,1.1298266649246216,1.0,3.3009040355682373,True,False,True,False
2610,1923.3967824074075,2.4385903072125066,0.8164780204029862,0.007617453011028896,0.5025742650032043,0.7607071399688721,1.0,3.300424337387085,True,True,True,False
2611,1923.4118287037038,2.5250985979557545,0.9029863111462342,0.387543508875861,0.5912151336669922,0.863418698310852,1.0,3.2992610931396484,True,True,True,False
2612,1923.4262152777778,2.467423488617606,0.8453112018080857,0.13424666733439317,0.659500241279602,0.9404523372650146,1.0,3.298424243927002,True,True,True,False
2613,1923.4412615740741,2.376982528303415,0.7548702414938948,-0.26295083877261805,0.6400913596153259,0.8377407789230347,1.0,3.297388792037964,True,False,True,False
2614,1923.4563194444445,2.276413953351468,0.6543016665419474,-0.7046266792864628,0.594549298286438,0.824901819229126,1.0,3.2973086833953857,True,False,True,False
2615,1923.4707060185185,2.0587287899710414,0.436616503161521,-1.6606537240107522,2.451284646987915,8.12062931060791,1.0,3.29081130027771,True,False,True,False
2616,1923.4857523148148,1.8255178007092454,0.20340551389972505,-2.684866901422136,1.80301833152771,5.848136901855469,1.0,3.2856497764587402,True,False,True,False
2617,1923.5008217592592,2.2904195856311413,0.668307298821621,-0.6431169143125794,4.936176776885986,7.84780216217041,0.328125,3.3153295516967773,True,False,True,False
2618,1923.5151967592592,2.64531629878012,1.0232040119705996,0.9155141406722636,6.071515083312988,6.319967746734619,0.0,3.3404927253723145,True,True,True,False
2619,1923.5302430555555,2.626402180962702,1.0042898941531815,0.8324473487983841,5.863282203674316,5.970106601715088,0.0,3.3496925830841064,True,True,True,False
2620,1923.5453125,2.3610374187789693,0.738925131969449,-0.3329783762480165,5.758356094360352,5.9315900802612305,0.0,3.356116771697998,True,False,True,False
2621,1923.5596875,2.2623909267997995,0.6402786399902791,-0.7662128362118783,5.65926456451416,5.777523040771484,0.0,3.3603076934814453,True,False,True,False
2622,1923.5747337962962,2.0032105983417257,0.3810983115322053,-1.9044778406734681,5.551547050476074,5.636294841766357,0.0,3.3626859188079834,True,False,True,False
2623,1923.5894560185186,1.7408675162449558,0.11875522943543548,-3.056632987979149,5.473249912261963,5.511114597320557,0.0,3.364457368850708,True,False,True,False
2624,1923.6041782407408,1.795291713882678,0.1731794270731577,-2.817613460781731,5.416528224945068,5.572099685668945,0.0,3.36578106880188,True,False,True,False
2625,1923.619224537037,1.7575769303529807,0.13546464354346033,-2.983248786958283,5.3650407791137695,5.43590784072876,0.0,3.3671348094940186,True,False,True,False
2626,1923.633587962963,1.7658496935379921,0.1437374067284718,-2.9469165665319936,5.32144021987915,5.353837966918945,0.0,3.368713617324829,True,False,True,False
2627,1923.6486574074074,1.8294620132226485,0.2073497264131281,-2.667544757026087,5.294257164001465,5.4437103271484375,0.0,3.3705835342407227,True,False,True,False
2628,1923.6637152777778,1.836697830128631,0.21458554331911062,-2.63576658461705,5.2569169998168945,5.289643287658691,0.0,3.3727059364318848,True,False,True,False
2629,1923.6780787037037,2.0627828486995585,0.44067056189003817,-1.6428491583473144,5.190291404724121,5.238287448883057,0.0,3.375999927520752,True,False,True,False
2630,1923.693148148148,2.149240169512546,0.5271278827030257,-1.2631469516003553,5.03502082824707,5.138785362243652,0.0,3.381937026977539,True,False,True,False
2631,1923.7082175925925,1.608168955914375,-0.013943330895145323,-3.639416906285546,4.599034309387207,4.891636371612549,0.0,3.407027006149292,False,False,False,False
2632,1924.166724537037,2.027026131251963,0.4049138444424425,-1.7998850737933556,12.81907844543457,20.198862075805664,0.92578125,3.3316235542297363,True,False,False,False
2633,1924.181087962963,2.5359847434755425,0.9138724566660221,0.43535314995614627,19.207111358642578,19.877887725830078,1.0,3.2754628658294678,True,True,False,False
2634,1924.1961458333333,2.4619215090999345,0.8398092222904141,0.11008314081411896,17.521442413330078,18.208826065063477,1.0,3.2688536643981934,True,True,False,False
2635,1924.2112152777777,1.8750120589355954,0.25289977212607506,-2.4674986219851696,10.607622146606445,17.332569122314453,1.0,3.2756454944610596,True,False,False,False
2636,1924.2255787037036,2.159748548634765,0.5376362618252448,-1.2169963803760744,3.510580062866211,4.90447473526001,1.0,3.294827461242676,True,False,True,False
2637,1924.2406481481482,2.2058882065575833,0.583775919748063,-1.0143607936252512,3.0204105377197266,3.3926897048950195,1.0,3.295656204223633,True,False,True,False
2638,1924.2557060185186,2.101078254030274,0.4789659672207536,-1.4746638644287733,2.8065621852874756,3.440835952758789,0.98828125,3.293084144592285,True,False,True,False
2639,1924.3107407407408,2.3441316617130417,0.7220193749035213,-0.4072248738759705,1.5867259502410889,6.602424144744873,0.9921875,3.294875144958496,True,False,True,False
2640,1924.3258101851852,2.4165547712298903,0.7944424844203699,-0.08915794507873676,0.687735915184021,0.927613377571106,1.0,3.2973668575286865,True,False,True,False
2641,1924.340162037037,2.339518112905955,0.7174058260964344,-0.4274866012405609,0.668627917766571,1.116987705230713,1.0,3.2974038124084473,True,False,True,False
2642,1924.3552314814815,2.230862780576559,0.6087504937670387,-0.9046777641443533,0.6983106136322021,0.9051452279090881,1.0,3.296455144882202,True,False,True,False
2643,1924.370300925926,2.08812274569878,0.4660104588892595,-1.5315617078587995,0.7719914317131042,0.9757594466209412,1.0,3.295384407043457,True,False,True,False
2644,1924.3846643518518,2.072497928740431,0.4503856419309107,-1.6001825883500573,0.6542342901229858,0.8537894487380981,1.0,3.2952141761779785,True,False,True,False
2645,1924.3997222222222,1.979223895006724,0.35711160819720367,-2.0098223517367417,0.6212248802185059,0.8088532090187073,1.0,3.29514741897583,True,False,True,False
2646,1924.4147916666666,1.8233020691575832,0.20118978234806284,-2.694597924218283,2.2257003784179688,5.215818881988525,1.0,3.289429187774658,True,False,True,False
2647,1924.4654629629629,1.6784776638271814,0.05636537701766109,-3.3306359806567505,0.49429917335510254,0.5263965129852295,1.0,3.2927980422973633,True,False,True,False
2648,1924.4805324074075,2.277970141094541,0.6558578542850209,-0.697792232942287,5.953080177307129,7.729041576385498,0.12109375,3.323256015777588,True,False,True,False
2649,1924.4955787037038,2.7971527848757716,1.1750404980662512,1.5823477678665308,5.795727729797363,5.995784759521484,0.0,3.338103771209717,True,True,True,False
2650,1924.5099421296297,2.8087309451531,1.1866186583435796,1.6331965909162403,5.5467729568481445,5.649133682250977,0.0,3.344855785369873,True,True,True,False
2651,1924.5250231481482,2.657810079983791,1.0356977931742708,0.9703841765354961,5.480045318603516,5.649133682250977,0.0,3.3513150215148926,True,True,True,False
2652,1924.5400694444445,2.3591558326062954,0.737043545796775,-0.3412419034453751,5.420138835906982,5.469388484954834,0.0,3.356626033782959,True,False,True,False
2653,1924.5544328703704,2.088836091248001,0.4667238044384805,-1.5284288455787132,5.36060905456543,5.4212422370910645,0.0,3.3600873947143555,True,False,True,False
2654,1924.5695023148148,1.960408954508813,0.3382966676992927,-2.092453577868796,5.2766313552856445,5.405193328857422,0.0,3.3621795177459717,True,False,True,False
2655,1924.5845601851852,1.7978764412085197,0.1757641543989994,-2.806261886846377,5.204284191131592,5.254335880279541,0.0,3.363772392272949,True,False,True,False
2656,1924.598923611111,1.7553783511868066,0.13326606437728628,-2.9929044801171063,5.163259506225586,5.199770450592041,0.0,3.365142822265625,True,False,True,False
2657,1924.6139930555555,1.7160575399142464,0.09394525310472601,-3.1655931393408494,5.131106853485107,5.3024821281433105,0.0,3.366482734680176,True,False,True,False
2658,1924.6290625,1.7535723044098315,0.13146001760031112,-3.0008362543180334,5.09199333190918,5.138785362243652,0.0,3.367959499359131,True,False,True,False
2659,1924.6434143518518,1.7555482299207976,0.13343594311127727,-2.992158408765725,5.069096565246582,5.118309020996094,0.0,3.3695528507232666,True,False,True,False
2660,1924.6584837962962,1.8462571712986438,0.2241448844891234,-2.5937839866927845,5.050868511199951,5.21260929107666,0.0,3.3716375827789307,True,False,True,False
2661,1924.6730092592593,1.9474993822207403,0.3253870954112199,-2.149149679943755,5.010396957397461,5.135575771331787,0.0,3.3744585514068604,True,False,True,False
2662,1924.6879050925927,2.1325473755008604,0.51043508869134,-1.3364581606848882,4.927621841430664,5.071381092071533,0.0,3.378957986831665,True,False,True,False
2663,1924.702974537037,1.8142941043818297,0.19218181757230934,-2.734158994021162,4.657977104187012,4.930152416229248,0.0,3.392408609390259,True,False,True,False
2664,1926.139363425926,1.8126304231295234,0.19051813632000303,-2.741465529047741,7.682949542999268,19.80085563659668,1.0,3.335322856903076,True,False,True,False
2665,1926.1544328703703,2.5399537738687252,0.9178414870592049,0.45278428921382785,18.890193939208984,19.852210998535156,1.0,3.2781476974487305,True,True,True,False
2666,1926.1694907407407,2.4705385005224065,0.8484262137128862,0.14792713861402262,17.017681121826172,18.090065002441406,1.0,3.2724037170410156,True,True,True,False
2667,1926.1838541666666,2.0567063429733823,0.43459405616386193,-1.669535882060745,13.035686492919922,16.77086639404297,1.0,3.271547555923462,True,False,True,False
2668,1926.198923611111,2.0027496736411234,0.3806373868316031,-1.9065021241501836,3.5843710899353027,8.45444107055664,1.0,3.294811725616455,True,False,True,False
2669,1926.2139699074073,1.7898535191720863,0.167741232362566,-2.8414968579644615,7.2978386878967285,9.147745132446289,1.0,3.2822325229644775,True,False,True,False
2670,1926.2283449074075,1.9729757535532735,0.3508634667437531,-2.0372628631432197,5.599232196807861,8.249018669128418,1.0,3.278468370437622,True,False,True,False
2671,1926.243414351852,1.9448022554519373,0.32268996864241695,-2.160994888381407,3.192833662033081,5.947638988494873,1.0,3.2849340438842773,True,False,True,False
2672,1926.2577662037038,1.9515564377557175,0.32944415094619717,-2.1313319529422676,0.5154794454574585,0.7478682398796082,1.0,3.2935595512390137,True,False,True,False
2673,1926.2728356481482,2.048706563133261,0.4265942763237407,-1.704669217563406,0.5116518139839172,0.6836735010147095,1.0,3.2956855297088623,True,False,True,False
2674,1926.2879050925926,1.9988444658200746,0.3767321790105542,-1.923652968214218,0.5093448162078857,0.6194788217544556,1.0,3.295833110809326,True,False,True,False
2675,1926.3650462962962,1.782313126601392,0.16020083979187172,-2.874612662061885,0.4608476758003235,0.7286098599433899,1.0,3.2951974868774414,True,False,True,False
2676,1926.380127314815,1.7171437064592106,0.0950314196496902,-3.1608229263601615,0.6459615230560303,0.7863850593566895,1.0,3.293757200241089,True,False,True,False
2677,1926.3944907407408,1.6972458877269099,0.07513360091738952,-3.248209923910641,0.6031292676925659,0.7831753492355347,1.0,3.29339599609375,True,False,True,False
2678,1926.4095370370371,1.6518754499693897,0.029763163159869377,-3.447467258924174,0.6767023801803589,0.9019355177879333,1.0,3.2926173210144043,True,False,True,False
2679,1926.423912037037,1.6228771425248003,0.0007648557152799551,-3.574821671773194,5.6556901931762695,15.820783615112305,0.99609375,3.2738757133483887,True,False,True,False
2680,1926.4389814814815,1.475539887761194,-0.1465723990483263,-4.221895629695059,0.8001768589019775,2.3495259284973145,1.0,3.2862486839294434,False,False,False,False
2681,1926.4540277777778,1.5140676297500175,-0.10804465705950284,-4.052689962476,1.8665109872817993,7.276469707489014,1.0,3.282594680786133,False,False,False,False
2682,1926.4684027777778,1.6620795481421733,0.03996726133265294,-3.4026530250613254,3.998931646347046,7.934465408325195,0.4609375,3.3056020736694336,True,False,False,False
2683,1926.4834722222222,2.0720499555846614,0.4499376687751411,-1.602149991390189,5.905460357666016,6.214046955108643,0.0,3.329904079437256,True,False,False,False
2684,1926.4985185185185,2.4957777076066003,0.87366542079708,0.25877238036216,5.573553562164307,5.700489044189453,0.0,3.3360517024993896,True,True,False,False
2685,1926.5129050925925,2.77916594821671,1.1570536614071896,1.5033533980708746,5.427469730377197,5.533316135406494,0.0,3.340871572494507,True,True,False,False
2686,1926.5279629629629,2.8146683200815157,1.1925560332719953,1.6592722816894945,5.345612525939941,5.546422004699707,0.0,3.3459510803222656,True,True,True,False
2687,1926.5430092592592,2.570723185411099,0.9486108986015787,0.5879170154316129,5.319283485412598,5.3570475578308105,0.0,3.351450204849243,True,True,True,False
2688,1926.5573958333334,2.2218632721103444,0.599750985300824,-0.9442016956301684,5.315080642700195,5.4530158042907715,0.0,3.356153726577759,True,False,True,False
2689,1926.5724421296297,2.062126084725494,0.4400137979159735,-1.6457335263559376,5.252229690551758,5.395564079284668,0.0,3.359544515609741,True,False,True,False
2690,1926.5875,1.946990237536194,0.3248779507266737,-2.151385735357661,5.16451358795166,5.202980041503906,0.0,3.361753463745117,True,False,True,False
2691,1926.6018865740741,1.7204431098852484,0.09833082307572805,-3.1463326466471813,5.097980976104736,5.225806713104248,0.0,3.363353729248047,True,False,True,False
2692,1926.6169328703704,1.764061241723158,0.14194895491363768,-2.9547710673928522,5.046957015991211,5.21260929107666,0.0,3.3647289276123047,True,False,True,False
2693,1926.631400462963,1.7261605079203033,0.10404822111078293,-3.1212230477104197,4.999229431152344,5.0861711502075195,0.0,3.3660287857055664,True,False,True,False
2694,1926.6463773148148,1.762554391213613,0.14044210440409266,-2.9613888350767437,4.957987308502197,4.997557163238525,0.0,3.3675284385681152,True,False,True,False
2695,1926.661423611111,1.7902629479912762,0.1681506611817558,-2.839698733471471,4.929500579833984,5.071381092071533,0.0,3.3689956665039062,True,False,True,False
2696,1926.675787037037,1.8240095106538887,0.20189722384436837,-2.69149099128576,4.893838882446289,4.934353828430176,0.0,3.3706302642822266,True,False,True,False
2697,1926.6908680555555,1.8903463245650425,0.2682340377555221,-2.400153781275388,4.876440048217773,4.907684326171875,0.0,3.373166084289551,True,False,True,False
2698,1926.7059143518518,2.0531075066705458,0.4309952198610254,-1.6853412074288987,4.828042984008789,4.968669414520264,0.0,3.376906394958496,True,False,True,False
2699,1926.7202777777777,2.0204311227058893,0.39831883589636896,-1.828848951865356,4.688215255737305,4.8787970542907715,0.0,3.3850417137145996,True,False,True,False
2700,1926.7353587962964,1.7442392833500713,0.12212699654055093,-3.04182490234325,4.065101623535156,4.71481466293335,0.0,3.4622411727905273,True,False,True,False
2701,1927.1504166666666,1.861356144497932,0.23924385768841172,-2.5274725004071517,15.874797821044922,19.187795639038086,1.0,3.309342861175537,True,False,True,False
2702,1927.165497685185,2.5425157295124396,0.9204034427029193,0.4640358547534351,17.471731185913086,18.44313621520996,1.0,3.2808949947357178,True,True,True,False
2703,1927.1798611111112,2.5478599457182325,0.9257476589087121,0.4875065182853495,16.16628074645996,17.528362274169922,1.0,3.2744827270507812,True,True,True,False
2704,1927.1949074074073,1.7865540624134315,0.16444177560391116,-2.855987371902978,9.683067321777344,15.929915428161621,0.9921875,3.281517505645752,True,False,True,False
2705,1927.209976851852,1.891946190069434,0.26983390325991374,-2.393127511471934,4.739921569824219,7.976191520690918,1.0,3.2918593883514404,True,False,True,False
2706,1927.224351851852,1.8289216227099707,0.20680933590045036,-2.6699180374867746,7.348688125610352,11.56788444519043,1.0,3.281193733215332,True,False,True,False
2707,1927.2393981481482,2.064148259472678,0.44203597266315753,-1.6368525639722593,3.6549854278564453,19.611480712890625,1.0,3.2886953353881836,True,False,True,False
2708,1927.3014467592593,2.302577264061791,0.6804649772522706,-0.5897229705073705,0.45683553814888,0.6034301519393921,1.0,3.2990143299102783,True,False,True,False
2709,1927.3164930555556,2.151690292681886,0.5295780058723658,-1.2523865305573225,0.7067434787750244,1.0560027360916138,1.0,3.2974326610565186,True,False,True,False
2710,1927.3315625,2.0185367251179995,0.3964244383084792,-1.8371687440797568,0.693652331829071,0.9629204869270325,1.0,3.2963027954101562,True,False,True,False
2711,1927.3459375,1.9975661978095567,0.37545391100003633,-1.9292668500676422,0.6858803033828735,1.043163776397705,1.0,3.295595169067383,True,False,True,False
2712,1927.3609837962963,1.9249329019999297,0.30282061519040937,-2.248256872461178,0.7521812915802002,1.0014373064041138,1.0,3.2946224212646484,True,False,True,False
2713,1927.3760532407407,1.7608478989357124,0.138735612126192,-2.968883387043223,3.4987430572509766,8.736898422241211,1.0,3.282299280166626,True,False,True,False
2714,1927.3904282407407,1.971759802116227,0.3496475153067067,-2.0426030638295485,5.072785377502441,8.043595314025879,0.390625,3.306434154510498,True,False,True,False
2715,1927.405474537037,2.683764987683754,1.0616527008742336,1.084372623516253,5.982294082641602,6.6569905281066895,0.0,3.3345301151275635,True,True,True,False
2716,1927.4205439814814,2.6234224087257587,1.0013101219162384,0.8193608214420949,5.511702537536621,5.649133682250977,0.0,3.341521978378296,True,True,True,False
2717,1927.4349074074073,2.7172623191513425,1.0951500323418222,1.231485795180336,5.370689392089844,5.430871486663818,0.0,3.348055601119995,True,True,True,False
2718,1927.449976851852,2.3633551586636297,0.7412428718541093,-0.32279935449953356,5.340547561645508,5.495066165924072,0.0,3.353982925415039,True,False,True,False
2719,1927.4645833333334,2.302283194392423,0.6801709075829028,-0.5910144620935815,5.226511001586914,5.369253158569336,0.0,3.3577680587768555,True,False,True,False
2720,1927.4793981481482,2.1168670191524277,0.49475473234290734,-1.4053229583919227,5.12338924407959,5.174092769622803,0.0,3.360382556915283,True,False,True,False
2721,1927.4944675925926,1.8750933793339342,0.2529810925244138,-2.467141480051873,5.040789604187012,5.199770450592041,0.0,3.362154960632324,True,False,True,False
2722,1927.5088425925926,1.8083889177440398,0.1862766309345194,-2.760093320652351,4.96064567565918,4.99434757232666,0.0,3.3636085987091064,True,False,True,False
2723,1927.523888888889,1.8012981768930618,0.17918589008354147,-2.79123434981298,4.906832218170166,4.930152416229248,0.0,3.3647992610931396,True,False,True,False
2724,1927.5389583333333,1.8427877670727077,0.2206754802631874,-2.609020873844708,4.864891052246094,5.007186412811279,0.0,3.3659067153930664,True,False,True,False
2725,1927.5533333333333,1.7691310218054763,0.14701873499595597,-2.9325056690798283,4.827139854431152,4.865958213806152,0.0,3.3674001693725586,True,False,True,False
2726,1927.5683796296296,1.8250869169786554,0.20297463016913508,-2.6867592513332585,4.810089111328125,4.830650806427002,0.0,3.3689699172973633,True,False,True,False
2727,1927.583449074074,1.873481266533028,0.2513689797235077,-2.4742215373827396,4.806789398193359,4.95904016494751,0.0,3.3708415031433105,True,False,True,False
2728,1927.5978125,1.921151150903782,0.2990388640942616,-2.2648655207869925,4.781852722167969,4.827441215515137,0.0,3.3737053871154785,True,False,True,False
2729,1927.6128703703703,2.180064022166797,0.5579517353572767,-1.1277751315716216,4.745141983032227,4.865958213806152,0.0,3.3788890838623047,True,False,True,False
2730,1927.627939814815,1.5890445747157695,-0.03306771209375081,-3.723407130311661,4.641521453857422,4.763246536254883,0.0,3.398257255554199,False,False,False,False
2731,1927.6423032407408,1.7133463879956696,0.09123410118614927,-3.177499943260168,1.772112250328064,4.673374176025391,0.0,3.55556583404541,True,False,False,False
2732,1928.3619328703703,1.9110799957297764,0.28896770892025603,-2.3090958972097435,0.6627099514007568,0.7574974298477173,1.0,3.327852487564087,True,False,False,False
2733,1928.3770023148147,1.8096483625921036,0.18753607578258324,-2.7545621061341454,0.5698282718658447,0.5905912518501282,1.0,3.3305768966674805,True,False,False,False
2734,1928.3913541666666,1.775549816579056,0.15343752976953562,-2.904315684504018,0.5473448038101196,0.5777522325515747,1.0,3.330958127975464,True,False,False,False
2735,1928.4064236111112,1.7079369196570044,0.0858246328474841,-3.2012571803131395,0.5298570394515991,0.5520744323730469,1.0,3.3310303688049316,True,False,True,False
2736,1928.4214930555556,1.9763826191604614,0.3542703323509411,-2.0223006323341286,6.431004524230957,20.08652114868164,1.0,3.3169617652893066,True,False,True,False
2737,1928.4358449074075,2.534942868578161,0.9128305817686406,0.4307774564929434,19.167896270751953,20.21491050720215,1.0,3.2767653465270996,True,True,True,False
2738,1928.450914351852,2.2305006833350776,0.6083883965255572,-0.9062680183918208,17.654443740844727,18.23450469970703,1.0,3.2693066596984863,True,False,True,False
2739,1928.4652777777778,2.2220063352764603,0.5998940484669399,-0.9435733925626246,17.077545166015625,17.477006912231445,1.0,3.2588672637939453,True,False,True,False
2740,1928.4803472222222,2.1917478787436524,0.569635591934132,-1.076462112803169,17.06498908996582,17.40960121154785,1.0,3.2498536109924316,True,False,True,False
2741,1928.4954050925926,1.9833237375284984,0.3612114507189781,-1.9918167133686497,17.17559242248535,17.502685546875,1.0,3.2428946495056152,True,False,True,False
2742,1928.5097685185185,1.9236669680125709,0.3015546812030505,-2.2538165859021704,16.95732879638672,17.255535125732422,1.0,3.236747980117798,True,False,True,False
2743,1928.524837962963,1.9902467290688293,0.3681344422593089,-1.9614124035839395,15.023000717163086,16.82543182373047,1.0,3.2341456413269043,True,False,True,False
2744,1928.5398958333333,1.9768530775183577,0.35474079070883735,-2.0202344790576214,14.224542617797852,14.520840644836426,1.0,3.2266387939453125,True,False,True,False
2745,1928.5542592592592,1.9591776460734471,0.3370653592639268,-2.0978612232329854,14.154129028320312,15.387469291687012,1.0,3.211918354034424,True,False,True,False
2746,1928.5693287037036,2.064713640127032,0.4426013533175117,-1.6343695321122427,1.8842012882232666,5.190141201019287,1.0,3.2425179481506348,True,False,True,False
2747,1928.5843981481482,2.0749362961377167,0.45282400932819633,-1.5894737961633103,18.798728942871094,20.856857299804688,1.0,3.1806893348693848,True,False,True,False
2748,1928.59875,2.1364003001994427,0.5142880133899224,-1.319536933000236,3.318326234817505,7.410080909729004,0.796875,3.213261365890503,True,False,True,False
2749,1928.6138194444445,2.1720171171528393,0.5499048303433189,-1.1631154308377996,2.609891414642334,8.434471130371094,0.17578125,3.2364001274108887,True,False,True,False
2750,1928.628888888889,2.080602818456264,0.4584905316467436,-1.5645876325776111,6.328995704650879,7.1352410316467285,0.0,3.273420810699463,True,False,True,False
2751,1928.6432407407408,1.8551053122256458,0.23299302541612543,-2.554924829318964,5.720349311828613,5.9251708984375,0.0,3.2874755859375,True,False,True,False
2752,1928.6583101851852,2.153101897841414,0.5309896110318937,-1.2461870602396208,5.494036674499512,5.665182113647461,0.0,3.2967758178710938,True,False,True,False
2753,1928.6729050925926,2.2259149141187153,0.603802627309195,-0.9264077436887843,5.377259254455566,5.434081077575684,0.0,3.3048033714294434,True,False,True,False
2754,1928.6877430555555,2.4414476245405474,0.8193353377310271,0.020166184392379716,5.3202362060546875,5.353837966918945,0.0,3.312162399291992,True,True,True,False
2755,1928.7028009259259,2.2675036190661317,0.6453913322566114,-0.7437589766926407,5.318539142608643,5.482227325439453,0.0,3.3183326721191406,True,False,True,False
2756,1928.7171643518518,2.2262831301235004,0.6041708433139801,-0.9247906171312905,5.283273696899414,5.318531036376953,0.0,3.3227040767669678,True,False,True,False
2757,1928.7322337962962,2.0096472839845037,0.3875349971749833,-1.8762092831965846,5.255289077758789,5.289643287658691,0.0,3.3251254558563232,True,False,True,False
2758,1928.7472800925925,1.9895399693269191,0.36742768251739877,-1.9645163423958265,5.241599082946777,5.382725238800049,0.0,3.32662296295166,True,False,True,False
2759,1928.7616550925925,1.9893197425629416,0.3672074557534213,-1.9654835316110448,5.228808403015137,5.2800140380859375,0.0,3.3278896808624268,True,False,True,False
2760,1928.7767245370371,2.015290479309715,0.3931781925001945,-1.851425566815624,5.2263007164001465,5.26717472076416,0.0,3.328878402709961,True,False,True,False
2761,1928.7917708333334,2.033008916431949,0.4108966296224288,-1.7736099508312693,5.217947959899902,5.3666768074035645,0.0,3.3297104835510254,True,False,True,False
2762,1928.8061458333334,2.0290502967908197,0.40693800998129936,-1.7909953682750968,5.196560859680176,5.225448131561279,0.0,3.330676555633545,True,False,True,False
2763,1928.8212152777778,2.04721676754447,0.42510448073494955,-1.7112120836544045,5.193194389343262,5.238287448883057,0.0,3.3316338062286377,True,False,True,False
2764,1928.8362615740741,2.0249973881692567,0.4028851013597363,-1.8087948829128448,5.175848007202148,5.328160285949707,0.0,3.3329219818115234,True,False,True,False
2765,1928.850636574074,2.04891357931663,0.42680129250710963,-1.703760046414932,5.149868965148926,5.186931610107422,0.0,3.334186553955078,True,False,True,False
2766,1928.8657060185185,2.0372433191411305,0.4151310323316102,-1.755013352673789,5.12593936920166,5.195842742919922,0.0,3.335331439971924,True,False,True,False
2767,1928.8807523148148,2.108465252940917,0.48635296613139656,-1.4422217327361244,5.0973100662231445,5.251126289367676,0.0,3.3368191719055176,True,False,True,False
2768,1928.8951388888888,2.0470500612940197,0.4249377744844993,-1.7119442221312766,5.043898105621338,5.084219932556152,0.0,3.3383514881134033,True,False,True,False
2769,1928.9101967592592,2.076432905928111,0.45432061911859045,-1.5829010035448468,4.992090225219727,5.106380939483643,0.0,3.340165615081787,True,False,True,False
2770,1928.924560185185,2.1903002032407626,0.5681879164312422,-1.0828199964147813,4.940433979034424,5.109898090362549,0.0,3.342484712600708,True,False,True,False
2771,1928.9396296296297,2.180784714262738,0.5586724274532175,-1.1246100048172807,4.901566505432129,4.930152416229248,0.0,3.345245361328125,True,False,True,False
2772,1928.9546759259258,2.2333740025415785,0.6112617157320581,-0.8936490101558761,4.917217254638672,4.998580455780029,0.0,3.3487343788146973,True,False,True,False
2773,1928.969050925926,2.3745624810196064,0.7524501942100861,-0.27357917290850686,4.984316825866699,5.113107681274414,0.0,3.3529930114746094,True,False,True,False
2774,1928.9841203703704,2.1964871395015004,0.5743748526919801,-1.055648285226941,5.066164970397949,5.113107681274414,0.0,3.3571314811706543,True,False,True,False
2775,1928.9991666666667,2.0138677541026135,0.3917554672930932,-1.8576738740225915,5.115181922912598,5.215503692626953,0.0,3.3607993125915527,True,False,True,False
2776,1929.0135416666667,1.884983823092084,0.26287153628256354,-2.4237047498205566,5.116919040679932,5.263965129852295,0.0,3.3632702827453613,True,False,True,False
2777,1929.028611111111,1.7794025603586552,0.15729027354913483,-2.8873952513771486,5.102575778961182,5.138785362243652,0.0,3.3648691177368164,True,False,True,False
2778,1929.0436574074074,1.824768234128194,0.20265594731867376,-2.6881588387879094,5.099058628082275,5.225448131561279,0.0,3.3657608032226562,True,False,True,False
2779,1929.0580324074074,1.8116727269411705,0.1895604401316502,-2.7456715274836316,5.09259557723999,5.225448131561279,0.0,3.367173433303833,True,False,True,False
2780,1929.0731018518518,1.884554145586097,0.26244185877657666,-2.425591802249184,5.084741592407227,5.225448131561279,0.0,3.368311643600464,True,False,True,False
2781,1929.088148148148,1.932493245595817,0.3103809587862967,-2.215053447694719,5.082263946533203,5.199770450592041,0.0,3.3698997497558594,True,False,True,False
2782,1929.102511574074,1.9841853110853163,0.3620730242757959,-1.988032865133216,5.068673133850098,5.174092769622803,0.0,3.3715362548828125,True,False,True,False
2783,1929.1175925925927,1.6899672184841326,0.0678549316746122,-3.2801762946896047,6.1367621421813965,11.40418815612793,0.67578125,3.3445024490356445,True,False,True,False
2784,1929.1319560185186,2.2807270613622515,0.6586147745527311,-0.6856844241456286,10.801609992980957,12.402416229248047,1.0,3.3072290420532227,True,False,True,False
2785,1929.147002314815,2.6710218217070327,1.0489095348975124,1.0284073426492917,12.100600242614746,13.018684387207031,1.0,3.299055576324463,True,True,True,False
2786,1929.1620717592593,2.092651531087597,0.4705392442780767,-1.5116722434404324,12.60750961303711,12.967329025268555,1.0,3.290024995803833,True,False,True,False
2787,1929.1764467592593,1.8504426069050346,0.22833032009551424,-2.5754024416599295,15.716917991638184,17.15282440185547,1.0,3.2711644172668457,True,False,True,False
2788,1929.1914930555556,2.100593777639511,0.4784814908299906,-1.476791581931001,16.61775016784668,17.16566276550293,1.0,3.257467269897461,True,False,True,False
2789,1929.2065625,1.7117971521205053,0.08968486531098496,-3.184303858475675,6.9477620124816895,16.026206970214844,0.99609375,3.2735798358917236,True,False,True,False
2790,1929.2755439814814,1.7162875345842383,0.09417524777471797,-3.1645830515551676,0.5596975088119507,0.9019355177879333,1.0,3.2948851585388184,True,False,True,False
2791,1929.2906134259258,1.6983385810201352,0.07622629421061489,-3.2434110468365676,0.7268378138542175,1.0784709453582764,1.0,3.2935683727264404,True,False,True,False
2792,1929.3049652777777,1.6562297566717468,0.03411746986222641,-3.4283440678723216,4.799657344818115,24.008817672729492,1.0,3.2840325832366943,True,False,True,False
2793,1930.196747685185,1.44291080800224,-0.17920147880728043,-4.3651956240980345,2.5184385776519775,7.844592571258545,0.69140625,3.2947897911071777,False,False,False,False
2794,1930.2117939814814,1.8234499674150524,0.20133768060553203,-2.6939483864555234,7.61333703994751,7.9376749992370605,0.0,3.332462787628174,True,False,False,False
2795,1930.2261805555556,1.9494818606428637,0.3273695738333433,-2.1404430553961733,7.103795051574707,7.308566570281982,0.0,3.334868907928467,True,False,False,False
2796,1930.241226851852,1.9672696459436256,0.3451573591341053,-2.062322876927425,6.750524520874023,6.907349586486816,0.0,3.336158037185669,True,False,False,False
2797,1930.2560532407408,2.059655305992757,0.4375430191832368,-1.6565846622502927,6.453937530517578,6.61526346206665,0.0,3.3374972343444824,True,False,False,False
2798,1930.2706712962963,2.138068716616262,0.5159564298067416,-1.3122096021359195,6.16474723815918,6.329596996307373,0.0,3.339137554168701,True,False,True,False
2799,1930.2857175925926,2.1815341432207993,0.559421856411279,-1.121318671862475,5.879131317138672,6.011833190917969,0.0,3.3409996032714844,True,False,True,False
2800,1930.3000925925926,2.3150075603063516,0.6928952734968312,-0.5351317471130286,5.633016586303711,5.803200721740723,0.0,3.3433871269226074,True,False,True,False
2801,1930.315162037037,2.351764096437265,0.7296518096277447,-0.37370484017161365,5.471695423126221,5.639504432678223,0.0,3.346940517425537,True,False,True,False
2802,1930.3302083333333,2.3779551178088716,0.7558428309993512,-0.25867943204837385,5.36196231842041,5.405193328857422,0.0,3.3513622283935547,True,False,True,False
2803,1930.3445833333333,2.2629960364100703,0.64088374960055,-0.7635553232079695,5.336525917053223,5.428172588348389,0.0,3.356123924255371,True,False,True,False
2804,1930.3596527777777,2.095715049413048,0.47360276260352774,-1.498217921034356,5.329313278198242,5.507905006408691,0.0,3.360253095626831,True,False,True,False
2805,1930.374699074074,1.887299899313152,0.26518761250363165,-2.4135330345295407,5.238539695739746,5.276803970336914,0.0,3.363100528717041,True,False,True,False
2806,1930.3890625,1.6537671610434124,0.031654874233892016,-3.4391592653085987,5.138288497924805,5.277549743652344,0.0,3.364914894104004,True,False,True,False
2807,1930.4041435185186,1.773674094716269,0.15156180790674867,-2.9125534568967604,5.037879943847656,5.199770450592041,0.0,3.366462230682373,True,False,True,False
2808,1930.419189814815,1.7776521308240198,0.1555398440144995,-2.8950827664517105,4.962470054626465,5.020025730133057,0.0,3.367680072784424,True,False,True,False
2809,1930.4335532407408,1.8351112774978258,0.2129989906883054,-2.6427343871047078,4.9073333740234375,4.942991733551025,0.0,3.369114875793457,True,False,True,False
2810,1930.4486226851852,1.9079042571885345,0.28579197037901416,-2.3230430669904174,4.851213455200195,4.99434757232666,0.0,3.370497703552246,True,False,True,False
2811,1930.4636805555556,1.890530028294703,0.2684177414851827,-2.3993469934766933,4.799861907958984,4.830650806427002,0.0,3.3719213008880615,True,False,True,False
2812,1930.4780439814815,1.9660106485237887,0.34389836171426835,-2.067852126435802,4.745643615722656,4.7921342849731445,0.0,3.373732566833496,True,False,True,False
2813,1930.493113425926,2.0776081969110547,0.45549591010153434,-1.5777393749447783,4.691529273986816,4.843489646911621,0.0,3.3764829635620117,True,False,True,False
2814,1930.5074884259259,2.2112505626972534,0.589138275887733,-0.9908104633530463,4.629988670349121,4.763246536254883,0.0,3.381345748901367,True,False,True,False
2815,1930.5225347222222,1.9255270273654133,0.3034147405558929,-2.245647599929516,4.706573486328125,4.930097579956055,0.0,3.3973517417907715,True,False,True,False
2816,1930.5376041666666,2.1359714418278153,0.5138591550182949,-1.321420387964577,2.732234239578247,5.123816967010498,0.5,3.473780632019043,True,False,True,False
2817,1930.5519675925925,1.6927619275501264,0.07064964074060609,-3.2679025255096765,1.688424825668335,8.277778625488281,0.81640625,3.508638858795166,True,False,True,False
2818,1947.3512384259259,1.8853299227878648,0.26321763597834447,-2.422184753399123,3.2343862056732178,6.069608688354492,1.0,3.3351669311523438,True,False,True,False
2819,1947.3662847222222,1.5433652441261525,-0.07874704268336785,-3.9240210570966325,1.7966992855072021,6.3552751541137695,1.0,3.3240878582000732,False,False,False,False
2820,1947.381076388889,1.5183469358647599,-0.10376535094476047,-4.033896158089809,0.6164804697036743,0.7093514204025269,1.0,3.328392505645752,False,False,False,False
2821,1947.3957175925925,1.6485069521419693,0.02639466533244894,-3.462260986586178,0.5462567806243896,0.6034301519393921,1.0,3.3284053802490234,True,False,False,False
2822,1947.4107754629629,1.6767168144975009,0.05460452768798052,-3.3383692572600685,0.5500683188438416,0.616269052028656,1.0,3.3284382820129395,True,False,False,False
2823,1947.4251388888888,1.7372567149175624,0.11514442810804204,-3.072490861196176,0.5005724430084229,0.5263965129852295,1.0,3.328521251678467,True,False,False,False
2824,1947.4402083333334,1.983054956954947,0.3609426701454266,-1.9929971406123874,4.732002258300781,12.970539093017578,1.0,3.3140292167663574,True,False,False,False
2825,1947.4552777777778,1.732896414191155,0.11078412738163457,-3.0916403767297242,0.8537393808364868,1.6851108074188232,1.0,3.3234214782714844,True,False,True,False
